focal_species,species_0,species_1,species_2
species_0,-0.5,-0.6150799054807349,-0.5648720060861305
species_1,1.3792828759557152,-0.5,0.9247484226510623
species_2,0.4058692180661637,0.6259719856738091,-0.5
