focal_species,species_0,species_1,species_2
species_0,-0.3,0.0,-0.6150799054807349
species_1,-0.5648720060861305,-0.3,-1.3792828759557152
species_2,0.9247484226510623,-0.4058692180661637,-0.3
