nan,nan,nan,nan,nan,nan,nan,nan,nan,nan
0.000000000000000000e+00,-0.000000000000000000e+00,-0.000000000000000000e+00,-0.000000000000000000e+00,-0.000000000000000000e+00,-0.000000000000000000e+00,-0.000000000000000000e+00,-0.000000000000000000e+00,-0.000000000000000000e+00,0.000000000000000000e+00
0.000000000000000000e+00,0.000000000000000000e+00,-1.225162242413482039e+00,-1.772245266027575039e-01,-0.000000000000000000e+00,-0.000000000000000000e+00,-6.948219034406716288e-02,-8.882581630247413790e-03,0.000000000000000000e+00,-0.000000000000000000e+00
0.000000000000000000e+00,-0.000000000000000000e+00,-7.097106549068708803e-02,-7.700668999988483643e-01,-0.000000000000000000e+00,-2.354295289306627681e-01,-0.000000000000000000e+00,-9.065912039641990661e-02,-1.842720538741496675e-03,0.000000000000000000e+00
0.000000000000000000e+00,0.000000000000000000e+00,2.707708588373073377e-01,2.173192806933899879e-01,0.000000000000000000e+00,-5.033721416485716915e-01,1.408499730950754369e-01,-5.735113219525823647e-01,-1.258755282545406529e-01,0.000000000000000000e+00
-1.388054901419309317e+00,-1.420207763720849004e+00,1.747283290207317430e+00,-1.928910158612171299e+00,-3.777108040681727563e-01,0.000000000000000000e+00,2.190372599625275418e-01,1.990336824397762328e-01,-6.305855726549697282e-01,-7.060513970810962381e-02
0.000000000000000000e+00,-0.000000000000000000e+00,-2.151121850455783024e-01,-0.000000000000000000e+00,-8.093472369471147454e-01,-4.974053138659244588e-01,-6.743020101940985223e-01,-0.000000000000000000e+00,0.000000000000000000e+00,1.119058269805593524e-02
0.000000000000000000e+00,-5.986641475886708523e-03,-3.211363868341804984e-01,-6.183097418971286174e-01,1.317962561836806490e+00,5.160987342740937234e-02,4.972603195701831291e-01,-4.383928232235391187e-01,-9.169027881533898805e-01,-0.000000000000000000e+00
0.000000000000000000e+00,-0.000000000000000000e+00,-0.000000000000000000e+00,0.000000000000000000e+00,0.000000000000000000e+00,0.000000000000000000e+00,0.000000000000000000e+00,-0.000000000000000000e+00,-0.000000000000000000e+00,-0.000000000000000000e+00
0.000000000000000000e+00,-0.000000000000000000e+00,-4.850289166574736077e-01,-0.000000000000000000e+00,0.000000000000000000e+00,0.000000000000000000e+00,-0.000000000000000000e+00,-0.000000000000000000e+00,0.000000000000000000e+00,-0.000000000000000000e+00
