nan,nan,nan,nan,nan,nan,nan,nan,nan,nan
1.320154990122402561e+00,-1.055140955841123163e-02,-5.541033464820879217e-01,1.432127094108243348e+00,-0.000000000000000000e+00,0.000000000000000000e+00,-0.000000000000000000e+00,8.111777941101095957e-01,0.000000000000000000e+00,1.018919015354308455e-01
-0.000000000000000000e+00,6.603404329804505313e-01,-8.428335969995707222e-01,-5.638990820144550442e-01,-5.081636796277602119e-01,-1.991534416636660421e+00,7.718607917294290077e-01,8.002036031287096396e-01,-8.881557235110359994e-01,-0.000000000000000000e+00
-2.295789666497575696e-02,-2.145837273896414321e-01,-3.525319402862305829e-01,-7.239168475546201575e-01,-1.687903609866831522e-01,-5.041163598747848695e-01,-3.795334360087238706e-02,2.110820153731118587e-01,-2.487664118992290785e+00,-1.403390271821635393e-01
0.000000000000000000e+00,-0.000000000000000000e+00,-0.000000000000000000e+00,-0.000000000000000000e+00,-0.000000000000000000e+00,-0.000000000000000000e+00,-0.000000000000000000e+00,-0.000000000000000000e+00,-0.000000000000000000e+00,-0.000000000000000000e+00
0.000000000000000000e+00,-0.000000000000000000e+00,0.000000000000000000e+00,0.000000000000000000e+00,-0.000000000000000000e+00,-1.472510069696479802e-02,-2.285944107003541892e-01,0.000000000000000000e+00,0.000000000000000000e+00,-0.000000000000000000e+00
-9.714130080881256193e-03,0.000000000000000000e+00,1.704698774459517674e+00,-0.000000000000000000e+00,0.000000000000000000e+00,0.000000000000000000e+00,-5.255455774093724663e-01,-1.280801334737015351e-01,-2.188370347161286977e-01,-0.000000000000000000e+00
-5.452105553801697146e-01,-0.000000000000000000e+00,-9.773840200714998261e-01,-9.761336778933394909e-01,-0.000000000000000000e+00,3.751799160762765428e-01,-0.000000000000000000e+00,-1.806752971200329128e-01,-7.766624412455215287e-01,-0.000000000000000000e+00
0.000000000000000000e+00,-0.000000000000000000e+00,-3.586282537008601001e-01,-1.152551698313119405e-01,-0.000000000000000000e+00,-3.856594403452183184e-01,-0.000000000000000000e+00,0.000000000000000000e+00,-0.000000000000000000e+00,-0.000000000000000000e+00
0.000000000000000000e+00,-0.000000000000000000e+00,-0.000000000000000000e+00,-0.000000000000000000e+00,-0.000000000000000000e+00,-0.000000000000000000e+00,-0.000000000000000000e+00,0.000000000000000000e+00,-0.000000000000000000e+00,-0.000000000000000000e+00
