nan,nan,nan,nan,nan,nan,nan,nan,nan,nan
0.000000000000000000e+00,0.000000000000000000e+00,-3.092355767502021013e+00,0.000000000000000000e+00,-0.000000000000000000e+00,0.000000000000000000e+00,-0.000000000000000000e+00,0.000000000000000000e+00,2.296606540530071391e-02,-0.000000000000000000e+00
0.000000000000000000e+00,1.947505476045494621e+00,-6.160616283372619684e-01,0.000000000000000000e+00,-0.000000000000000000e+00,-3.379265160556003261e-02,-6.264596908707206202e-01,0.000000000000000000e+00,0.000000000000000000e+00,-1.520780174635011806e+00
0.000000000000000000e+00,0.000000000000000000e+00,-0.000000000000000000e+00,0.000000000000000000e+00,0.000000000000000000e+00,0.000000000000000000e+00,-0.000000000000000000e+00,-0.000000000000000000e+00,0.000000000000000000e+00,0.000000000000000000e+00
-0.000000000000000000e+00,-1.892984870666922781e-01,1.602275627584843987e+00,-0.000000000000000000e+00,0.000000000000000000e+00,-1.734189641266972448e-01,0.000000000000000000e+00,0.000000000000000000e+00,-0.000000000000000000e+00,-4.025371100713924510e-02
-0.000000000000000000e+00,0.000000000000000000e+00,8.535130784911877377e-01,-0.000000000000000000e+00,0.000000000000000000e+00,0.000000000000000000e+00,-0.000000000000000000e+00,-1.491773604422951260e+00,-5.156761123372185507e-01,1.031991019680233101e+00
0.000000000000000000e+00,7.243374003833595864e-01,-1.338615066958452893e-01,0.000000000000000000e+00,-0.000000000000000000e+00,-0.000000000000000000e+00,-1.069114498167754501e+00,-6.840229291831592673e-02,0.000000000000000000e+00,-3.346281346994228745e-01
-0.000000000000000000e+00,0.000000000000000000e+00,4.150041589440561509e-17,0.000000000000000000e+00,-0.000000000000000000e+00,0.000000000000000000e+00,0.000000000000000000e+00,-0.000000000000000000e+00,-0.000000000000000000e+00,0.000000000000000000e+00
-0.000000000000000000e+00,-0.000000000000000000e+00,0.000000000000000000e+00,-0.000000000000000000e+00,0.000000000000000000e+00,-0.000000000000000000e+00,0.000000000000000000e+00,0.000000000000000000e+00,0.000000000000000000e+00,0.000000000000000000e+00
0.000000000000000000e+00,0.000000000000000000e+00,0.000000000000000000e+00,0.000000000000000000e+00,0.000000000000000000e+00,-0.000000000000000000e+00,-0.000000000000000000e+00,-0.000000000000000000e+00,0.000000000000000000e+00,-9.739951094366130376e-17
