nan,nan,nan,nan,nan,nan,nan,nan,nan,nan
0.000000000000000000e+00,0.000000000000000000e+00,-0.000000000000000000e+00,0.000000000000000000e+00,-2.002203598323203538e-17,0.000000000000000000e+00,0.000000000000000000e+00,0.000000000000000000e+00,0.000000000000000000e+00,-0.000000000000000000e+00
0.000000000000000000e+00,0.000000000000000000e+00,-0.000000000000000000e+00,-7.994555587575861988e-02,-4.494401854756381876e-01,-0.000000000000000000e+00,-0.000000000000000000e+00,0.000000000000000000e+00,-0.000000000000000000e+00,-5.621692189988194421e-01
-0.000000000000000000e+00,-0.000000000000000000e+00,-1.117041503465212804e+00,-1.927150025686075185e-01,1.356082617029178428e-01,0.000000000000000000e+00,-6.530923377037716193e-01,0.000000000000000000e+00,-2.248706332356098070e+00,-2.965779508774991635e-01
0.000000000000000000e+00,-0.000000000000000000e+00,0.000000000000000000e+00,-7.755548304955748318e-01,-5.400259920971983707e-01,-0.000000000000000000e+00,-0.000000000000000000e+00,-0.000000000000000000e+00,0.000000000000000000e+00,-0.000000000000000000e+00
-0.000000000000000000e+00,-3.994064728469757242e-01,-7.784362795429448090e-01,-1.003781816262092841e+00,1.104156450415449076e+00,0.000000000000000000e+00,-1.166225877856130300e+00,-0.000000000000000000e+00,-1.496566926806577547e+00,2.436338358031099882e-01
0.000000000000000000e+00,-0.000000000000000000e+00,-0.000000000000000000e+00,-0.000000000000000000e+00,-5.698238483132272991e-02,0.000000000000000000e+00,-0.000000000000000000e+00,0.000000000000000000e+00,0.000000000000000000e+00,-5.164707998789320326e-02
-1.697765963391753896e+00,-6.689351266498589688e+00,-4.256577103598916167e+00,-7.024563184342297317e-01,2.738019729576741224e+00,3.763151754327334508e+00,1.986226870207902007e+00,9.035654086974526100e-01,8.963482890429567140e-01,-7.668483292701375742e-01
0.000000000000000000e+00,-0.000000000000000000e+00,-0.000000000000000000e+00,-0.000000000000000000e+00,-6.509065706308963216e-03,0.000000000000000000e+00,-0.000000000000000000e+00,0.000000000000000000e+00,-0.000000000000000000e+00,-5.001047855672106912e-02
0.000000000000000000e+00,0.000000000000000000e+00,0.000000000000000000e+00,-5.091798018547292193e-01,-1.440123360949747966e-01,-0.000000000000000000e+00,0.000000000000000000e+00,0.000000000000000000e+00,-0.000000000000000000e+00,-5.107505750821635937e-01
