nan,nan,nan,nan,nan,nan,nan,nan,nan,nan
-0.000000000000000000e+00,-0.000000000000000000e+00,-0.000000000000000000e+00,-0.000000000000000000e+00,0.000000000000000000e+00,0.000000000000000000e+00,0.000000000000000000e+00,0.000000000000000000e+00,0.000000000000000000e+00,0.000000000000000000e+00
4.856686145596020299e-01,1.453663669248719037e+00,-1.693269062379980650e+00,-0.000000000000000000e+00,-0.000000000000000000e+00,1.264329836717951849e+00,-1.059219948272517975e+00,-1.770197044522409779e+00,0.000000000000000000e+00,-2.004106087342544029e+00
0.000000000000000000e+00,-0.000000000000000000e+00,-2.303697657393434239e-01,-0.000000000000000000e+00,0.000000000000000000e+00,0.000000000000000000e+00,0.000000000000000000e+00,-0.000000000000000000e+00,0.000000000000000000e+00,3.336989973021807221e-01
-0.000000000000000000e+00,-1.349766730000645509e+00,9.352307130530185253e-02,-0.000000000000000000e+00,0.000000000000000000e+00,-3.325071390213244715e+00,5.823217456392200120e-01,0.000000000000000000e+00,0.000000000000000000e+00,-4.153612053905985646e-01
-4.022419907797559091e+00,-1.533841569636122948e+00,6.458517526849382184e-01,-5.678061408924290454e+00,4.911319594700596980e+00,-3.723210182954365344e+00,-7.584888018588273439e+00,2.116814951476508000e+00,8.061606740868988430e-01,7.172520582133798506e+00
0.000000000000000000e+00,4.383125953910818606e-01,0.000000000000000000e+00,0.000000000000000000e+00,0.000000000000000000e+00,-0.000000000000000000e+00,-5.079978044088996336e-01,0.000000000000000000e+00,0.000000000000000000e+00,-8.144556056586569337e-01
-0.000000000000000000e+00,-0.000000000000000000e+00,0.000000000000000000e+00,-0.000000000000000000e+00,0.000000000000000000e+00,-0.000000000000000000e+00,0.000000000000000000e+00,0.000000000000000000e+00,-0.000000000000000000e+00,0.000000000000000000e+00
-0.000000000000000000e+00,-0.000000000000000000e+00,0.000000000000000000e+00,-0.000000000000000000e+00,0.000000000000000000e+00,-0.000000000000000000e+00,0.000000000000000000e+00,0.000000000000000000e+00,-0.000000000000000000e+00,0.000000000000000000e+00
-0.000000000000000000e+00,-7.805942842667317713e-17,-0.000000000000000000e+00,-0.000000000000000000e+00,0.000000000000000000e+00,-0.000000000000000000e+00,0.000000000000000000e+00,0.000000000000000000e+00,0.000000000000000000e+00,0.000000000000000000e+00
