nan,nan,nan,nan,nan,nan,nan,nan,nan,nan
0.000000000000000000e+00,0.000000000000000000e+00,-6.737856354661080349e-01,-2.370097482367209199e-02,0.000000000000000000e+00,3.714866671978240831e-01,-0.000000000000000000e+00,0.000000000000000000e+00,4.150185032314971378e-01,-1.624238257168655331e-01
-0.000000000000000000e+00,3.725066659494878363e-01,-1.945637264332287675e+00,-0.000000000000000000e+00,-2.750339173042943286e-01,-1.379973117711771113e+00,0.000000000000000000e+00,2.978733309975131749e-01,-0.000000000000000000e+00,-1.661510714658968491e+00
0.000000000000000000e+00,0.000000000000000000e+00,6.719627812403899947e-01,-1.396542419239666266e+00,-6.207261499297413998e-01,-7.087912922201176080e-01,-0.000000000000000000e+00,8.823211358437115237e-01,0.000000000000000000e+00,1.938269490533946815e+00
3.592294028399026118e+00,-0.000000000000000000e+00,2.052936475092475455e+00,-4.946621513527392544e+00,-1.244977454899766522e+00,2.396401526950072913e+00,-9.448034767283551849e-01,1.537222412706947372e+00,-8.538894344493600741e+00,-5.629009899212337409e+00
-0.000000000000000000e+00,-0.000000000000000000e+00,2.551503914786443783e-01,2.084779129396662212e-01,0.000000000000000000e+00,-0.000000000000000000e+00,0.000000000000000000e+00,0.000000000000000000e+00,-0.000000000000000000e+00,-0.000000000000000000e+00
0.000000000000000000e+00,0.000000000000000000e+00,-0.000000000000000000e+00,-9.556018353297035528e-01,-4.232108251084852613e-02,-7.642232201364436150e-01,-0.000000000000000000e+00,-0.000000000000000000e+00,-0.000000000000000000e+00,2.050421091841015120e-01
0.000000000000000000e+00,-0.000000000000000000e+00,-5.437401790979410343e-01,-1.094993888865888054e-01,-0.000000000000000000e+00,-0.000000000000000000e+00,-0.000000000000000000e+00,-7.084743464959733505e-02,-0.000000000000000000e+00,0.000000000000000000e+00
-0.000000000000000000e+00,-0.000000000000000000e+00,-0.000000000000000000e+00,0.000000000000000000e+00,0.000000000000000000e+00,0.000000000000000000e+00,0.000000000000000000e+00,-0.000000000000000000e+00,0.000000000000000000e+00,-0.000000000000000000e+00
0.000000000000000000e+00,-0.000000000000000000e+00,-1.341055829417046874e-01,-0.000000000000000000e+00,-0.000000000000000000e+00,-0.000000000000000000e+00,-0.000000000000000000e+00,-5.133590724987872056e-01,-0.000000000000000000e+00,-0.000000000000000000e+00
