nan,nan,nan,nan,nan,nan,nan,nan,nan,nan
-0.000000000000000000e+00,0.000000000000000000e+00,0.000000000000000000e+00,0.000000000000000000e+00,0.000000000000000000e+00,-0.000000000000000000e+00,0.000000000000000000e+00,-0.000000000000000000e+00,-0.000000000000000000e+00,-0.000000000000000000e+00
-2.818471442413402084e+00,2.400987584853746526e+00,4.444608091594314025e+00,-3.581928019203173275e+00,3.252824964615332881e-01,5.296412726698514817e+00,1.855899059513353544e+00,1.007834213717466021e+01,3.581493792976903734e+00,-1.682242355605994666e+00
0.000000000000000000e+00,0.000000000000000000e+00,0.000000000000000000e+00,2.066096007479598150e-16,-0.000000000000000000e+00,0.000000000000000000e+00,0.000000000000000000e+00,0.000000000000000000e+00,0.000000000000000000e+00,0.000000000000000000e+00
1.926894681558640521e+00,-1.364559892047717859e+01,-7.584895124652826226e-01,5.136052680117847657e+00,-1.006532300047735973e+00,-7.444519204356522479e+00,-7.407334825818007173e-01,-7.365316992679647790e+00,-5.347980988783933576e+00,7.250337326397868765e-01
-0.000000000000000000e+00,-0.000000000000000000e+00,-1.691796646966162720e+00,-1.221485641957618773e+00,5.901827305214192299e-01,3.819618071819789740e-01,-1.444248369012793853e-01,0.000000000000000000e+00,0.000000000000000000e+00,9.624283371034090262e-01
0.000000000000000000e+00,-0.000000000000000000e+00,-0.000000000000000000e+00,-6.298291130045171830e-17,-0.000000000000000000e+00,0.000000000000000000e+00,-0.000000000000000000e+00,-0.000000000000000000e+00,-0.000000000000000000e+00,-0.000000000000000000e+00
-0.000000000000000000e+00,0.000000000000000000e+00,-0.000000000000000000e+00,0.000000000000000000e+00,1.161061232099690477e+00,0.000000000000000000e+00,0.000000000000000000e+00,0.000000000000000000e+00,-0.000000000000000000e+00,3.743082886059133085e-01
-0.000000000000000000e+00,0.000000000000000000e+00,0.000000000000000000e+00,0.000000000000000000e+00,0.000000000000000000e+00,0.000000000000000000e+00,0.000000000000000000e+00,0.000000000000000000e+00,-0.000000000000000000e+00,0.000000000000000000e+00
-0.000000000000000000e+00,0.000000000000000000e+00,0.000000000000000000e+00,-1.057395558379041902e-16,0.000000000000000000e+00,-0.000000000000000000e+00,0.000000000000000000e+00,-0.000000000000000000e+00,-0.000000000000000000e+00,-0.000000000000000000e+00
