nan,nan,nan,nan,nan,nan,nan,nan,nan,nan
-0.000000000000000000e+00,0.000000000000000000e+00,0.000000000000000000e+00,0.000000000000000000e+00,0.000000000000000000e+00,0.000000000000000000e+00,0.000000000000000000e+00,0.000000000000000000e+00,0.000000000000000000e+00,-0.000000000000000000e+00
0.000000000000000000e+00,0.000000000000000000e+00,-0.000000000000000000e+00,-0.000000000000000000e+00,-0.000000000000000000e+00,-0.000000000000000000e+00,-0.000000000000000000e+00,0.000000000000000000e+00,0.000000000000000000e+00,-0.000000000000000000e+00
0.000000000000000000e+00,0.000000000000000000e+00,0.000000000000000000e+00,-1.570828675909015093e+00,-0.000000000000000000e+00,-0.000000000000000000e+00,-1.824775192107225275e-01,-0.000000000000000000e+00,0.000000000000000000e+00,6.286651244667927907e-01
0.000000000000000000e+00,-0.000000000000000000e+00,-0.000000000000000000e+00,-0.000000000000000000e+00,-0.000000000000000000e+00,-4.925572242102979521e-17,-0.000000000000000000e+00,-0.000000000000000000e+00,0.000000000000000000e+00,0.000000000000000000e+00
-0.000000000000000000e+00,-4.310964046412364969e-01,-0.000000000000000000e+00,1.029322846486944165e+00,-0.000000000000000000e+00,-3.700250739617471085e-01,1.435533169470720738e+00,-0.000000000000000000e+00,-2.336158954545236366e+00,0.000000000000000000e+00
0.000000000000000000e+00,0.000000000000000000e+00,0.000000000000000000e+00,-7.087010276416907395e-01,-0.000000000000000000e+00,-6.987035256021543184e-01,-0.000000000000000000e+00,-6.432353818693252109e-03,-0.000000000000000000e+00,3.391176705448143563e-02
-0.000000000000000000e+00,-0.000000000000000000e+00,-0.000000000000000000e+00,0.000000000000000000e+00,0.000000000000000000e+00,0.000000000000000000e+00,0.000000000000000000e+00,0.000000000000000000e+00,-0.000000000000000000e+00,0.000000000000000000e+00
0.000000000000000000e+00,-2.210312964303069450e+00,7.378978280623407215e-01,3.186511156868562011e+00,-1.314481194656074159e+00,3.565479743510949540e+00,-2.513034955402721593e+00,7.269106773562717949e-01,-1.549635950005908924e+00,3.509488572640206527e+00
-0.000000000000000000e+00,0.000000000000000000e+00,0.000000000000000000e+00,0.000000000000000000e+00,0.000000000000000000e+00,0.000000000000000000e+00,-0.000000000000000000e+00,0.000000000000000000e+00,0.000000000000000000e+00,-0.000000000000000000e+00
