nan,nan,nan,nan,nan,nan,nan,nan,nan,nan
-0.000000000000000000e+00,-1.651059242690462003e+00,-6.894209511672266810e-01,-2.263359827776569300e-01,4.161436628673940152e-01,-1.055302671745955267e+00,3.914955122376677643e-01,-0.000000000000000000e+00,-4.795815568252825845e-01,1.155835845620886371e+00
0.000000000000000000e+00,-0.000000000000000000e+00,-0.000000000000000000e+00,-2.033557386536044287e-01,-0.000000000000000000e+00,-0.000000000000000000e+00,-0.000000000000000000e+00,-0.000000000000000000e+00,-0.000000000000000000e+00,0.000000000000000000e+00
7.024750610927842365e-01,-0.000000000000000000e+00,-0.000000000000000000e+00,-1.776258039077647455e+00,-4.146189105174365452e-01,-1.095470311589115342e+00,0.000000000000000000e+00,-0.000000000000000000e+00,-0.000000000000000000e+00,0.000000000000000000e+00
-0.000000000000000000e+00,-0.000000000000000000e+00,0.000000000000000000e+00,-1.873788440855424231e-01,0.000000000000000000e+00,-0.000000000000000000e+00,-0.000000000000000000e+00,0.000000000000000000e+00,0.000000000000000000e+00,0.000000000000000000e+00
0.000000000000000000e+00,0.000000000000000000e+00,0.000000000000000000e+00,0.000000000000000000e+00,0.000000000000000000e+00,-0.000000000000000000e+00,0.000000000000000000e+00,0.000000000000000000e+00,-0.000000000000000000e+00,-0.000000000000000000e+00
0.000000000000000000e+00,-0.000000000000000000e+00,0.000000000000000000e+00,-6.119639294010874586e-01,0.000000000000000000e+00,-7.298182315910499707e-01,-0.000000000000000000e+00,0.000000000000000000e+00,0.000000000000000000e+00,0.000000000000000000e+00
0.000000000000000000e+00,-0.000000000000000000e+00,-0.000000000000000000e+00,-1.890682948717378742e-01,-0.000000000000000000e+00,-0.000000000000000000e+00,-0.000000000000000000e+00,-0.000000000000000000e+00,-0.000000000000000000e+00,0.000000000000000000e+00
-0.000000000000000000e+00,0.000000000000000000e+00,0.000000000000000000e+00,7.934456083888493660e-01,-0.000000000000000000e+00,0.000000000000000000e+00,0.000000000000000000e+00,-0.000000000000000000e+00,-2.921915726368210509e-01,-0.000000000000000000e+00
0.000000000000000000e+00,0.000000000000000000e+00,-2.732540734526146542e-01,4.729586765614708921e-01,7.059305278273657613e-01,0.000000000000000000e+00,-0.000000000000000000e+00,-4.976453060861398270e-01,3.038062503245108625e-01,-0.000000000000000000e+00
