nan,nan,nan,nan,nan,nan,nan,nan,nan,nan
0.000000000000000000e+00,0.000000000000000000e+00,-1.418314150566771348e+00,0.000000000000000000e+00,5.334932672750738319e-02,0.000000000000000000e+00,-0.000000000000000000e+00,-5.289362176417877065e-02,-0.000000000000000000e+00,-1.314584475760595048e-02
1.056977038771635957e+00,-0.000000000000000000e+00,-1.478835348519110804e+00,-6.487812343063269205e-02,-4.645414624701925677e-01,1.364876416798678216e-01,-1.989044466679107392e+00,9.256431054391424107e-01,2.223373467949926185e-01,-2.277079961285792820e+00
0.000000000000000000e+00,0.000000000000000000e+00,-0.000000000000000000e+00,-0.000000000000000000e+00,0.000000000000000000e+00,-0.000000000000000000e+00,-0.000000000000000000e+00,0.000000000000000000e+00,0.000000000000000000e+00,-0.000000000000000000e+00
-0.000000000000000000e+00,-0.000000000000000000e+00,0.000000000000000000e+00,-0.000000000000000000e+00,-0.000000000000000000e+00,-0.000000000000000000e+00,0.000000000000000000e+00,-0.000000000000000000e+00,-0.000000000000000000e+00,0.000000000000000000e+00
-0.000000000000000000e+00,-8.570952463386068976e-01,-1.531431538233629652e-01,-0.000000000000000000e+00,-1.067572360973599865e+00,4.054007558687702795e-01,-0.000000000000000000e+00,4.739018660722318921e-01,9.738785361657090744e-01,1.023717325614652562e+00
0.000000000000000000e+00,0.000000000000000000e+00,-0.000000000000000000e+00,0.000000000000000000e+00,-0.000000000000000000e+00,0.000000000000000000e+00,-1.483092691548459907e-01,-0.000000000000000000e+00,-0.000000000000000000e+00,-0.000000000000000000e+00
-0.000000000000000000e+00,-0.000000000000000000e+00,-0.000000000000000000e+00,0.000000000000000000e+00,0.000000000000000000e+00,-0.000000000000000000e+00,-0.000000000000000000e+00,-0.000000000000000000e+00,-0.000000000000000000e+00,-0.000000000000000000e+00
-4.954336089776677499e-01,-2.863602066685007497e+00,1.209633228625485390e+00,3.650801534839771989e+00,3.655598704843202373e+00,-1.026950007611250326e+00,4.929469816601617649e-01,-4.012315104757343542e-01,2.249118772562028190e-02,-2.118249950312900420e+00
0.000000000000000000e+00,0.000000000000000000e+00,-3.366602591798675825e-01,0.000000000000000000e+00,0.000000000000000000e+00,-0.000000000000000000e+00,-2.298322630062873406e-01,0.000000000000000000e+00,0.000000000000000000e+00,-0.000000000000000000e+00
