nan,nan,nan,nan,nan,nan,nan,nan,nan,nan
-2.301854824569520286e+00,-6.815881932512044550e+00,4.758112279586275140e-01,-3.974392826309464333e+00,5.448636084663687207e-01,1.483348899795071008e+00,-5.096111913241143654e+00,-4.851198653592608601e+00,-2.276607032687838927e+00,-3.586732068479681512e+00
1.379417249733916884e-01,-0.000000000000000000e+00,-1.394342600781308450e+00,-0.000000000000000000e+00,0.000000000000000000e+00,0.000000000000000000e+00,-1.519342787763582781e+00,-1.364275693503245401e+00,0.000000000000000000e+00,-1.267749637223130277e+00
0.000000000000000000e+00,0.000000000000000000e+00,0.000000000000000000e+00,0.000000000000000000e+00,0.000000000000000000e+00,-0.000000000000000000e+00,0.000000000000000000e+00,-0.000000000000000000e+00,0.000000000000000000e+00,-0.000000000000000000e+00
-0.000000000000000000e+00,-0.000000000000000000e+00,0.000000000000000000e+00,-0.000000000000000000e+00,-0.000000000000000000e+00,-0.000000000000000000e+00,0.000000000000000000e+00,0.000000000000000000e+00,0.000000000000000000e+00,0.000000000000000000e+00
7.383919601068633654e-01,1.520921903301262201e+00,2.126878532982557246e+00,0.000000000000000000e+00,2.374985372670797901e+00,4.008354319134110194e-02,-2.559318122036735144e+00,-0.000000000000000000e+00,-3.121992016267691739e+00,4.129106232039734259e+00
0.000000000000000000e+00,0.000000000000000000e+00,0.000000000000000000e+00,0.000000000000000000e+00,0.000000000000000000e+00,-0.000000000000000000e+00,-0.000000000000000000e+00,-0.000000000000000000e+00,0.000000000000000000e+00,-4.007967391148863356e-01
0.000000000000000000e+00,-0.000000000000000000e+00,-0.000000000000000000e+00,0.000000000000000000e+00,0.000000000000000000e+00,0.000000000000000000e+00,-0.000000000000000000e+00,-0.000000000000000000e+00,0.000000000000000000e+00,-0.000000000000000000e+00
-0.000000000000000000e+00,0.000000000000000000e+00,0.000000000000000000e+00,-0.000000000000000000e+00,-0.000000000000000000e+00,-0.000000000000000000e+00,-0.000000000000000000e+00,0.000000000000000000e+00,-0.000000000000000000e+00,-0.000000000000000000e+00
-0.000000000000000000e+00,0.000000000000000000e+00,2.001720679814615606e-16,0.000000000000000000e+00,-0.000000000000000000e+00,-0.000000000000000000e+00,0.000000000000000000e+00,0.000000000000000000e+00,0.000000000000000000e+00,-0.000000000000000000e+00
