nan,nan,nan,nan,nan,nan,nan,nan,nan,nan
-0.000000000000000000e+00,-0.000000000000000000e+00,-8.928397891037731515e-01,4.672927000582248747e-01,-1.843965880066101848e+00,1.199610403032408401e+00,1.431750365803358127e+00,-1.372462475880038314e-02,-8.023619723700992079e-02,-1.435787237065218935e+00
0.000000000000000000e+00,-0.000000000000000000e+00,-1.011574829258968800e+00,-3.566189755867920641e-01,-7.326215799169878418e-01,-1.833587166842405858e-01,-8.061126247900816943e-02,-2.365388931294041819e-01,-0.000000000000000000e+00,-0.000000000000000000e+00
0.000000000000000000e+00,0.000000000000000000e+00,-0.000000000000000000e+00,-0.000000000000000000e+00,-0.000000000000000000e+00,-0.000000000000000000e+00,-0.000000000000000000e+00,-0.000000000000000000e+00,-0.000000000000000000e+00,0.000000000000000000e+00
0.000000000000000000e+00,-0.000000000000000000e+00,-0.000000000000000000e+00,-0.000000000000000000e+00,-0.000000000000000000e+00,-0.000000000000000000e+00,-0.000000000000000000e+00,-0.000000000000000000e+00,-0.000000000000000000e+00,-0.000000000000000000e+00
-0.000000000000000000e+00,-3.126709388584038019e-01,-1.530018519587196257e+00,1.386717125953639496e+00,5.990473181262903069e-01,-1.208429809012871559e+00,1.411695734414379622e-02,1.819389768426004750e+00,-1.022351074893386391e+00,-7.659645272766018032e-01
0.000000000000000000e+00,-0.000000000000000000e+00,-0.000000000000000000e+00,-6.117806711583170243e-01,-5.145193027502023009e-01,-5.335007126755723084e-01,-0.000000000000000000e+00,-6.745336387718560422e-02,-0.000000000000000000e+00,2.551297167741762781e-02
0.000000000000000000e+00,-0.000000000000000000e+00,-2.222146712410362490e-01,-0.000000000000000000e+00,-0.000000000000000000e+00,-0.000000000000000000e+00,-0.000000000000000000e+00,-0.000000000000000000e+00,-0.000000000000000000e+00,-0.000000000000000000e+00
0.000000000000000000e+00,0.000000000000000000e+00,-7.074255549643664320e-01,3.406084445410882289e+00,1.358175690450223128e+00,8.598957649466776321e-01,3.742293068419612623e-01,-3.472493150065853573e+00,-9.458056027957568723e-01,2.181612660711090168e+00
0.000000000000000000e+00,0.000000000000000000e+00,-0.000000000000000000e+00,-0.000000000000000000e+00,0.000000000000000000e+00,0.000000000000000000e+00,-0.000000000000000000e+00,-0.000000000000000000e+00,0.000000000000000000e+00,-0.000000000000000000e+00
