nan,nan,nan,nan,nan,nan,nan,nan,nan,nan
8.524478155323964579e-01,-1.578718909081815003e+00,-2.733166748907028265e-01,0.000000000000000000e+00,-0.000000000000000000e+00,0.000000000000000000e+00,-7.460331864170290928e-01,1.022981900631806107e-01,-1.525976102712434113e-01,0.000000000000000000e+00
9.305421480796595146e-01,-0.000000000000000000e+00,-4.664319536798169907e-01,-1.012708983931296242e-01,-0.000000000000000000e+00,-1.830434701593105506e+00,-3.802552811556615675e-02,1.586188043053570959e-02,-5.730477510386902118e-01,-0.000000000000000000e+00
0.000000000000000000e+00,-9.470994720436366754e-02,-0.000000000000000000e+00,-0.000000000000000000e+00,-0.000000000000000000e+00,-0.000000000000000000e+00,-0.000000000000000000e+00,0.000000000000000000e+00,-0.000000000000000000e+00,-0.000000000000000000e+00
-0.000000000000000000e+00,-0.000000000000000000e+00,0.000000000000000000e+00,0.000000000000000000e+00,0.000000000000000000e+00,0.000000000000000000e+00,9.086882653037294907e-17,-0.000000000000000000e+00,0.000000000000000000e+00,-0.000000000000000000e+00
0.000000000000000000e+00,-0.000000000000000000e+00,-0.000000000000000000e+00,-0.000000000000000000e+00,-0.000000000000000000e+00,-0.000000000000000000e+00,-0.000000000000000000e+00,0.000000000000000000e+00,-0.000000000000000000e+00,-0.000000000000000000e+00
-4.142832676115378310e-01,8.734655113268819937e-01,2.490588123991477887e-01,-7.780237806011243151e-01,2.901767972742373969e-01,-1.134429349291739414e-01,-1.828392457963359252e+00,-1.248107394893553490e+00,1.941415877249636823e+00,0.000000000000000000e+00
3.989285191396040736e-02,-0.000000000000000000e+00,-5.731129544115152186e-01,-9.868378847325424974e-02,0.000000000000000000e+00,-0.000000000000000000e+00,7.193201287536361843e-02,-0.000000000000000000e+00,-1.433678045995215644e+00,0.000000000000000000e+00
0.000000000000000000e+00,-2.976322051113590161e-01,-0.000000000000000000e+00,-0.000000000000000000e+00,-0.000000000000000000e+00,-6.896017017985806019e-01,-6.200697820727401055e-01,0.000000000000000000e+00,-0.000000000000000000e+00,-0.000000000000000000e+00
-0.000000000000000000e+00,1.680492581208861969e-01,0.000000000000000000e+00,0.000000000000000000e+00,-0.000000000000000000e+00,2.989692415562140160e-01,0.000000000000000000e+00,-0.000000000000000000e+00,7.853683881734918604e-01,-0.000000000000000000e+00
