nan,nan,nan,nan,nan,nan,nan,nan,nan,nan
0.000000000000000000e+00,0.000000000000000000e+00,0.000000000000000000e+00,0.000000000000000000e+00,-0.000000000000000000e+00,0.000000000000000000e+00,-0.000000000000000000e+00,-0.000000000000000000e+00,-0.000000000000000000e+00,0.000000000000000000e+00
4.347203916168122184e+00,-4.672329022161079704e-01,4.982576389693189611e-01,-1.575856916207451164e+00,3.482444721739016646e+00,-6.059790381124806613e-01,-1.073434501127519480e+00,7.529602788092717880e+00,-0.000000000000000000e+00,-5.496596079993209649e+00
0.000000000000000000e+00,0.000000000000000000e+00,-0.000000000000000000e+00,6.724233637302865496e-01,0.000000000000000000e+00,0.000000000000000000e+00,6.894255016467401020e-01,0.000000000000000000e+00,0.000000000000000000e+00,0.000000000000000000e+00
-0.000000000000000000e+00,0.000000000000000000e+00,-0.000000000000000000e+00,-0.000000000000000000e+00,-0.000000000000000000e+00,-5.956819140116495810e-17,-0.000000000000000000e+00,-0.000000000000000000e+00,-0.000000000000000000e+00,-0.000000000000000000e+00
-0.000000000000000000e+00,-0.000000000000000000e+00,0.000000000000000000e+00,-0.000000000000000000e+00,-0.000000000000000000e+00,0.000000000000000000e+00,-5.303148282697674881e-02,-0.000000000000000000e+00,-0.000000000000000000e+00,-0.000000000000000000e+00
0.000000000000000000e+00,2.785097523579567191e+00,1.390561212950200520e+00,-0.000000000000000000e+00,0.000000000000000000e+00,1.283756116640544009e+00,-2.274738578628225483e+00,-0.000000000000000000e+00,-2.845297789607199590e+00,0.000000000000000000e+00
-0.000000000000000000e+00,0.000000000000000000e+00,-0.000000000000000000e+00,-0.000000000000000000e+00,0.000000000000000000e+00,0.000000000000000000e+00,0.000000000000000000e+00,-0.000000000000000000e+00,-0.000000000000000000e+00,-0.000000000000000000e+00
-0.000000000000000000e+00,0.000000000000000000e+00,0.000000000000000000e+00,-0.000000000000000000e+00,0.000000000000000000e+00,5.567106387012057101e-17,0.000000000000000000e+00,-0.000000000000000000e+00,-0.000000000000000000e+00,-0.000000000000000000e+00
-0.000000000000000000e+00,0.000000000000000000e+00,0.000000000000000000e+00,-0.000000000000000000e+00,0.000000000000000000e+00,0.000000000000000000e+00,1.037639189208249628e-16,-0.000000000000000000e+00,0.000000000000000000e+00,-0.000000000000000000e+00
