nan,nan,nan,nan,nan,nan,nan,nan,nan,nan
-0.000000000000000000e+00,0.000000000000000000e+00,6.978812381517455199e-01,-5.277314291649247702e-01,7.042859669534733413e-01,-1.686851784001115462e+00,2.052142014018779048e-01,-1.586059048279055084e+00,-1.557226737575687636e+00,1.156553536238342117e+00
8.642601876079177847e-01,0.000000000000000000e+00,-9.691156105450637881e-01,-3.200853122728428146e-01,-1.449416441593588852e-02,-4.908879356025487306e-01,-3.366643234869982071e-01,1.045061575814505206e+00,5.928372792704469374e-01,-0.000000000000000000e+00
0.000000000000000000e+00,0.000000000000000000e+00,-5.161180425267605232e-01,-6.301077091342328629e-01,-0.000000000000000000e+00,-3.308286692701251086e-01,-2.827333029176570256e-01,0.000000000000000000e+00,-4.915510204303895625e-01,0.000000000000000000e+00
0.000000000000000000e+00,0.000000000000000000e+00,-4.318952940773669313e-01,-5.147653333378884311e-01,-1.682556531726527860e-01,-5.074817603802399546e-01,-0.000000000000000000e+00,0.000000000000000000e+00,-3.400590805439400732e-01,-0.000000000000000000e+00
-0.000000000000000000e+00,-0.000000000000000000e+00,-2.539225894755642310e-01,-3.866371166336551174e-02,-3.986735925968551975e-01,0.000000000000000000e+00,-6.404374098918493019e-02,2.206943101719287814e-01,-0.000000000000000000e+00,-0.000000000000000000e+00
0.000000000000000000e+00,0.000000000000000000e+00,-4.759710434911982313e-01,-4.034698385156665346e-01,-3.706743347355604956e-01,-0.000000000000000000e+00,-5.664580772300499556e-02,0.000000000000000000e+00,-0.000000000000000000e+00,-0.000000000000000000e+00
-0.000000000000000000e+00,-0.000000000000000000e+00,-0.000000000000000000e+00,-0.000000000000000000e+00,-0.000000000000000000e+00,-0.000000000000000000e+00,-0.000000000000000000e+00,0.000000000000000000e+00,-0.000000000000000000e+00,-0.000000000000000000e+00
-1.999683549324905663e+00,-5.931680535091334860e-01,1.961421520070575075e-01,-1.587260242407135591e+00,4.727767948988668145e-01,1.109921908687431680e+00,4.388338657978182455e-01,-1.063862269036726538e+00,-1.393122784536146463e+00,-0.000000000000000000e+00
0.000000000000000000e+00,-0.000000000000000000e+00,-2.704801502242716316e-01,-1.630364450287863087e-01,0.000000000000000000e+00,2.368739575097509042e-01,-8.609521172667193856e-01,1.079752855734992023e+00,4.243659600271373344e-01,0.000000000000000000e+00
