nan,nan,nan,nan,nan,nan,nan,nan,nan,nan
0.000000000000000000e+00,-0.000000000000000000e+00,-4.021498881087283952e-17,-0.000000000000000000e+00,-0.000000000000000000e+00,0.000000000000000000e+00,-0.000000000000000000e+00,0.000000000000000000e+00,-0.000000000000000000e+00,0.000000000000000000e+00
0.000000000000000000e+00,-7.895647142141268282e-02,-9.670463710464747287e-01,-4.649518342410060012e-01,-1.011283181987531421e+00,-3.387186582188347894e-01,-1.133125015803067154e-01,0.000000000000000000e+00,-5.466246981906252023e-01,0.000000000000000000e+00
0.000000000000000000e+00,-0.000000000000000000e+00,-3.270185938632811373e-01,-0.000000000000000000e+00,-0.000000000000000000e+00,-0.000000000000000000e+00,0.000000000000000000e+00,0.000000000000000000e+00,-0.000000000000000000e+00,0.000000000000000000e+00
-0.000000000000000000e+00,-0.000000000000000000e+00,0.000000000000000000e+00,-0.000000000000000000e+00,-0.000000000000000000e+00,-0.000000000000000000e+00,-0.000000000000000000e+00,0.000000000000000000e+00,0.000000000000000000e+00,-0.000000000000000000e+00
0.000000000000000000e+00,-0.000000000000000000e+00,-0.000000000000000000e+00,-6.356047203047275528e-17,-0.000000000000000000e+00,-0.000000000000000000e+00,-0.000000000000000000e+00,0.000000000000000000e+00,0.000000000000000000e+00,-0.000000000000000000e+00
-0.000000000000000000e+00,0.000000000000000000e+00,1.548595249428755816e+00,-0.000000000000000000e+00,0.000000000000000000e+00,-0.000000000000000000e+00,-4.150318142520568743e-01,-0.000000000000000000e+00,0.000000000000000000e+00,-0.000000000000000000e+00
-1.917631871626503726e+00,2.922411529626498528e+00,-1.348418971304735869e+00,-3.768863161308839693e-01,-7.306000246650331542e-01,-0.000000000000000000e+00,-1.591657532917687967e-01,-0.000000000000000000e+00,-3.050142509306301708e-01,-0.000000000000000000e+00
0.000000000000000000e+00,-0.000000000000000000e+00,-0.000000000000000000e+00,-0.000000000000000000e+00,-0.000000000000000000e+00,-0.000000000000000000e+00,-0.000000000000000000e+00,0.000000000000000000e+00,-0.000000000000000000e+00,-0.000000000000000000e+00
-0.000000000000000000e+00,0.000000000000000000e+00,-0.000000000000000000e+00,-0.000000000000000000e+00,0.000000000000000000e+00,0.000000000000000000e+00,0.000000000000000000e+00,-0.000000000000000000e+00,-0.000000000000000000e+00,0.000000000000000000e+00
