nan,nan,nan,nan,nan,nan,nan,nan,nan,nan
0.000000000000000000e+00,-0.000000000000000000e+00,-0.000000000000000000e+00,-0.000000000000000000e+00,-0.000000000000000000e+00,0.000000000000000000e+00,-0.000000000000000000e+00,-0.000000000000000000e+00,-0.000000000000000000e+00,-3.426027767844901462e-17
0.000000000000000000e+00,0.000000000000000000e+00,-0.000000000000000000e+00,-5.421990783426748894e-01,-9.592847942904543512e-02,-0.000000000000000000e+00,-0.000000000000000000e+00,0.000000000000000000e+00,-0.000000000000000000e+00,-3.827429570134112669e-01
0.000000000000000000e+00,0.000000000000000000e+00,-0.000000000000000000e+00,-3.497660130057656525e-01,-2.298948429564148521e-01,0.000000000000000000e+00,-0.000000000000000000e+00,0.000000000000000000e+00,-0.000000000000000000e+00,-4.172089172524385270e-01
0.000000000000000000e+00,0.000000000000000000e+00,-0.000000000000000000e+00,-2.673778211431582230e-01,-2.107267956872735937e-01,0.000000000000000000e+00,-0.000000000000000000e+00,0.000000000000000000e+00,-0.000000000000000000e+00,-5.451669856841079298e-01
0.000000000000000000e+00,-0.000000000000000000e+00,-1.883950562027211229e-01,3.497301247927127599e-01,-2.390388554649602038e-01,0.000000000000000000e+00,-0.000000000000000000e+00,0.000000000000000000e+00,-0.000000000000000000e+00,0.000000000000000000e+00
0.000000000000000000e+00,0.000000000000000000e+00,4.920670185185059275e-01,-1.885436588608035702e-01,-5.406807279365307695e-01,4.844025803492392757e-01,-1.083022707468643375e+00,5.495697934891395908e-01,3.499218180348153129e-01,1.770228164743311017e-01
-0.000000000000000000e+00,-0.000000000000000000e+00,0.000000000000000000e+00,0.000000000000000000e+00,0.000000000000000000e+00,0.000000000000000000e+00,0.000000000000000000e+00,-0.000000000000000000e+00,0.000000000000000000e+00,0.000000000000000000e+00
-7.700346869325284949e-02,-0.000000000000000000e+00,1.217159547239639705e+00,-1.115501377228986346e+00,-5.579789517339781013e-02,9.586482995194149648e-02,7.850811326424387282e-01,-7.896504082934603375e-01,-1.865743181127937467e+00,4.490385744263514778e-01
0.000000000000000000e+00,0.000000000000000000e+00,-0.000000000000000000e+00,-4.472045141027844450e-01,-2.411729500741920662e-01,0.000000000000000000e+00,-0.000000000000000000e+00,0.000000000000000000e+00,-0.000000000000000000e+00,-2.878191050338326229e-01
