nan,nan,nan,nan,nan,nan,nan,nan,nan,nan
-0.000000000000000000e+00,-2.334536676780677222e+00,-5.207586710210155845e-01,-4.826090506161446747e-01,8.078565934914611057e-01,3.777171269662830677e-01,-9.005598058963286690e-01,0.000000000000000000e+00,0.000000000000000000e+00,-1.096769879955465710e+00
0.000000000000000000e+00,-0.000000000000000000e+00,-0.000000000000000000e+00,-0.000000000000000000e+00,-7.584706754221996750e-02,0.000000000000000000e+00,-0.000000000000000000e+00,0.000000000000000000e+00,-0.000000000000000000e+00,-3.181281564886158097e-01
0.000000000000000000e+00,-0.000000000000000000e+00,-0.000000000000000000e+00,-0.000000000000000000e+00,-3.247677972900486765e-02,0.000000000000000000e+00,-0.000000000000000000e+00,0.000000000000000000e+00,-0.000000000000000000e+00,-1.275365905709754388e-01
0.000000000000000000e+00,-0.000000000000000000e+00,-0.000000000000000000e+00,-0.000000000000000000e+00,-0.000000000000000000e+00,0.000000000000000000e+00,-0.000000000000000000e+00,0.000000000000000000e+00,-0.000000000000000000e+00,-2.839113955064846984e-01
6.722494514819769840e-02,2.870417074806723701e-01,-1.776825842850957349e+00,-5.656507504319947532e-01,9.519651299081762774e-01,0.000000000000000000e+00,-2.344863006049312304e+00,-0.000000000000000000e+00,-1.661172997538612695e+00,4.818439947142805213e-01
0.000000000000000000e+00,1.239327726155594334e-01,5.791453684088035958e-01,0.000000000000000000e+00,-6.951324758805911275e-01,-0.000000000000000000e+00,-0.000000000000000000e+00,0.000000000000000000e+00,-3.433990696075827631e-01,-0.000000000000000000e+00
-0.000000000000000000e+00,-0.000000000000000000e+00,-0.000000000000000000e+00,-0.000000000000000000e+00,-2.378182213797287483e-17,0.000000000000000000e+00,-0.000000000000000000e+00,0.000000000000000000e+00,-0.000000000000000000e+00,-0.000000000000000000e+00
-0.000000000000000000e+00,0.000000000000000000e+00,-0.000000000000000000e+00,0.000000000000000000e+00,1.334947560390347535e-17,-0.000000000000000000e+00,-0.000000000000000000e+00,-0.000000000000000000e+00,0.000000000000000000e+00,-0.000000000000000000e+00
0.000000000000000000e+00,-0.000000000000000000e+00,0.000000000000000000e+00,-5.551533956437821882e-01,-1.303745411911559349e-01,-0.000000000000000000e+00,0.000000000000000000e+00,-0.000000000000000000e+00,0.000000000000000000e+00,-1.725691791950771659e-01
