,time,species_0,species_1,species_2,species_3,species_4,species_5,species_6,species_7,species_8,species_9,ground_truth,timeseries_id,noise,n_species,did,n_timeseries,n_timepoints,sampling_scheme
0,13.636363636363637,0.0036861381070043,0.1970189921250973,0.3261213329624221,0.2097718136009982,0.1200039785972772,0.2999682601288507,0.0715229863795223,0.0704988314203374,0.2003724242381298,0.0378697208289523,10_sp_aij_10,36656,0.1,10,1356,1,5,random
1,18.484848484848484,0.0,0.2319213331391394,0.1969847649022158,0.2109661198882872,0.1765695656650692,0.3060478266563875,0.1550961833551818,0.0931519535961658,0.2018740872229374,0.0543316210239239,10_sp_aij_10,36656,0.1,10,1356,1,5,random
2,22.424242424242426,0.0,0.1845588826339058,0.2586697545890891,0.2255542847950404,0.1873498970727414,0.2873060157463461,0.1842904274723259,0.0730217197774338,0.2169827744309155,0.0367451498664465,10_sp_aij_10,36656,0.1,10,1356,1,5,random
3,26.060606060606062,0.0,0.1856844584941572,0.1705774895198604,0.2357515781298644,0.3109718107632482,0.3229641960406564,0.2128982528388447,0.0544414357093222,0.2336154155898352,0.0623440579233166,10_sp_aij_10,36656,0.1,10,1356,1,5,random
4,30.0,0.0,0.2076284833616097,0.1549978707303575,0.2370738579302892,0.1922151167700378,0.3291950471299227,0.1688763336100642,0.0784599972449828,0.1335217488248328,0.0690820927757377,10_sp_aij_10,36656,0.1,10,1356,1,5,random
