,time,species_0,species_1,species_2,species_3,species_4,species_5,species_6,species_7,species_8,species_9,ground_truth,timeseries_id,noise,n_species,did,n_timeseries,n_timepoints,sampling_scheme
0,0.0,0.04,0.05,0.01,0.02,0.02,0.07,0.01,0.09,0.07,0.03,10_sp_aij_36,36656,0.1,10,16471,1,10,even
1,3.333333333333333,0.176868230047278,0.1982867634028242,0.0639247657566405,0.0488874887887833,0.1381866597424691,0.1179148188305815,0.0027959335186278,0.0605543852481662,0.1758741078400542,0.0216730300917842,10_sp_aij_36,36656,0.1,10,16471,1,10,even
2,6.666666666666667,0.2538404527940874,0.2178841256004932,0.2315695413409255,0.1015148822137165,0.2725933713109953,0.1869845213467116,0.0,0.057105337562626,0.2058168777415708,0.0457022150983542,10_sp_aij_36,36656,0.1,10,16471,1,10,even
3,10.0,0.0887286037970909,0.1482819463867705,0.3344457487741502,0.1301943329167314,0.4692341526408438,0.191941848017117,0.0,0.0305499303099524,0.1429783802655982,0.0439090785999478,10_sp_aij_36,36656,0.1,10,16471,1,10,even
4,13.333333333333334,0.0700370312313049,0.0827647453267008,0.5737743750161872,0.1603616947091679,0.413738428758341,0.3022878501109933,0.0,0.01372283951173,0.1489070520576286,0.11542654513671,10_sp_aij_36,36656,0.1,10,16471,1,10,even
5,16.666666666666668,0.0838586029794193,0.0474688988985947,0.4451757212538375,0.1621416860303528,0.5319865502902733,0.2762521989275062,0.0,0.0059604579411032,0.1743301968489113,0.2003627672437895,10_sp_aij_36,36656,0.1,10,16471,1,10,even
6,20.0,0.075067261339868,0.0684366563396227,0.4570102717292068,0.1689964369650602,0.4085890726465258,0.3143326633431609,0.0,0.0027906415074764,0.1357555593329613,0.136391001699765,10_sp_aij_36,36656,0.1,10,16471,1,10,even
7,23.333333333333336,0.0599331094752201,0.0742826826279473,0.4861774860969242,0.142574517631615,0.5113305306497334,0.254922583160746,0.0,0.0,0.1406059924567203,0.1792631957605051,10_sp_aij_36,36656,0.1,10,16471,1,10,even
8,26.666666666666668,0.0960588606503988,0.0534691866837966,0.427648449506856,0.1687688012132037,0.6198628640466859,0.3701103298510959,0.0,0.0,0.1468972582790957,0.249826985302005,10_sp_aij_36,36656,0.1,10,16471,1,10,even
9,30.0,0.0499352601237397,0.0429272656906852,0.5574228138808117,0.2140212713582091,0.4226176586048487,0.3724194151967082,0.0,0.0,0.120289750819851,0.201677421881213,10_sp_aij_36,36656,0.1,10,16471,1,10,even
