,time,species_0,species_1,species_2,species_3,species_4,species_5,species_6,species_7,species_8,species_9,ground_truth,timeseries_id,noise,n_species,did,n_timeseries,n_timepoints,sampling_scheme
0,6.0606060606060606,0.3723042496481336,0.244189032682976,0.4140861760250106,0.0630661434826156,0.0826534652440432,0.2384509955786647,0.1610673790333866,0.0309207961226254,0.1806514448637795,0.0293390144669961,10_sp_aij_14,36656,0.1,10,3513,1,5,seq
1,7.272727272727273,0.3917949628845005,0.1894019782535865,0.5449380085384092,0.0946458053204964,0.0666544060086729,0.2100361696521489,0.1821649062999438,0.0149376761059549,0.143441333793121,0.0271004343881744,10_sp_aij_14,36656,0.1,10,3513,1,5,seq
2,8.484848484848484,0.3360283307931351,0.2189524266977355,0.449486348729753,0.1099015600621812,0.0803917340198576,0.2073195434647299,0.1541180532198499,0.0107432447295826,0.1347744511575264,0.0340029995209899,10_sp_aij_14,36656,0.1,10,3513,1,5,seq
3,10.0,0.2549880136493196,0.2324532848636225,0.4089090020763362,0.1187812219119063,0.1242714952780989,0.1885152979848497,0.1465760081326435,0.0098487507766067,0.1429736841328279,0.0224326932544807,10_sp_aij_14,36656,0.1,10,3513,1,5,seq
4,11.212121212121213,0.2417598842537286,0.1919287485524987,0.4977027894038734,0.0708986981030123,0.1328175648562727,0.2242337404707697,0.1524543460341852,0.0070739443458924,0.1258083570143592,0.027105653998325,10_sp_aij_14,36656,0.1,10,3513,1,5,seq
