,time,species_0,species_1,species_2,species_3,species_4,species_5,species_6,species_7,species_8,species_9,ground_truth,timeseries_id,noise,n_species,did,n_timeseries,n_timepoints,sampling_scheme
0,6.0606060606060606,0.1040634405368865,0.0561978547120666,0.0939573878127296,0.1662041949399625,0.0975538260543176,0.1092576012516649,0.0417247110855777,0.2339155859768981,0.1208202876461227,0.085194030005498,10_sp_aij_40,36656,0.01,10,18903,1,5,seq
1,7.272727272727273,0.1221893140311053,0.067818292780222,0.1045305145546179,0.1998571313086187,0.0865823397919028,0.1224994813386617,0.0405893721749088,0.2525434333968922,0.100906551376224,0.0738577011129492,10_sp_aij_40,36656,0.01,10,18903,1,5,seq
2,8.484848484848484,0.1415430714217685,0.0815253057001603,0.111762595208414,0.2217842962614344,0.0745761392176405,0.1331696363553778,0.0371872038926347,0.2747062282198363,0.0872325204466904,0.0619757021083577,10_sp_aij_40,36656,0.01,10,18903,1,5,seq
3,10.0,0.1626839398076256,0.0953051795479419,0.1174219554785962,0.2424555136995494,0.0607496855082147,0.1382619363928599,0.0323911227818334,0.2959890411295178,0.0756223389161535,0.0451940704573584,10_sp_aij_40,36656,0.01,10,18903,1,5,seq
4,11.212121212121213,0.1800029843271648,0.1002950510142226,0.1240375548348383,0.2440249662790205,0.0493438457189506,0.1431316914849632,0.0287444079515525,0.3008075940244015,0.0687248826805737,0.0364163039451519,10_sp_aij_40,36656,0.01,10,18903,1,5,seq
