,time,species_0,species_1,species_2,species_3,species_4,species_5,species_6,species_7,species_8,species_9,ground_truth,timeseries_id,noise,n_species,did,n_timeseries,n_timepoints,sampling_scheme
0,0.0,0.04,0.05,0.01,0.02,0.02,0.07,0.01,0.09,0.07,0.03,10_sp_aij_32,36656,0.1,10,14310,1,5,even
1,7.272727272727273,0.2594734158754368,0.2331617504004851,0.3076804033740303,0.248079666943812,0.0316590859905221,0.1218549048474799,0.0252063503822667,0.3795615056538772,0.1992096313294838,0.1799682014657295,10_sp_aij_32,36656,0.1,10,14310,1,5,even
2,14.84848484848485,0.1175967995564023,0.1872689748306507,0.217076559329092,0.2488014378059919,0.0639137801345002,0.1411495426081348,0.054796537847284,0.4169330753238273,0.2785681514195229,0.2267559469466228,10_sp_aij_32,36656,0.1,10,14310,1,5,even
3,22.424242424242426,0.1780811784988084,0.2127781802316495,0.302713719333085,0.2351946379203295,0.0544119713099499,0.125133310344403,0.0652926016655558,0.4640099058354585,0.2432293031295463,0.1901103001947441,10_sp_aij_32,36656,0.1,10,14310,1,5,even
4,30.0,0.1431470079240455,0.2286872631402955,0.203012735103942,0.3207424573680238,0.0733617793057593,0.1449442377553483,0.0394054391469081,0.4359833942260285,0.2467648710908609,0.2123526650034004,10_sp_aij_32,36656,0.1,10,14310,1,5,even
