,time,species_0,species_1,species_2,species_3,species_4,species_5,species_6,species_7,species_8,species_9,ground_truth,timeseries_id,noise,n_species,did,n_timeseries,n_timepoints,sampling_scheme
0,6.0606060606060606,0.1926505395512793,0.4477743314832467,0.0680862182695226,0.1640847762340454,0.0846538302595743,0.8408998990023864,0.3208765965794629,0.1801622227176512,0.1964956848333301,0.5435087245729234,10_sp_aij_27,36656,0.01,10,10803,1,5,seq
1,7.272727272727273,0.2079986219638502,0.4397283586850726,0.0749432429333996,0.1719242760867935,0.0891368478382266,0.8640053593051024,0.3294206723746933,0.2055557904558903,0.199578296748515,0.5438652986238786,10_sp_aij_27,36656,0.01,10,10803,1,5,seq
2,8.484848484848484,0.2114292515673369,0.4305457120276082,0.0788382318006935,0.1736754366796622,0.0949973147960884,0.8524092795439978,0.3243919363562593,0.2222659759468185,0.2021588838375175,0.5490532748659411,10_sp_aij_27,36656,0.01,10,10803,1,5,seq
3,10.0,0.2079947539751424,0.4228222021324129,0.0796965117107883,0.175294027798793,0.1018862878044277,0.8168782802035682,0.3181357000534193,0.2314212142710293,0.2033019956890017,0.5200878369751585,10_sp_aij_27,36656,0.01,10,10803,1,5,seq
4,11.212121212121213,0.2050480069516946,0.4056451924018593,0.08200888763265,0.1693172224427794,0.1026442004827306,0.8229849850177429,0.3145379596465545,0.2284963667390866,0.2014554879140702,0.531939777265911,10_sp_aij_27,36656,0.01,10,10803,1,5,seq
