,time,species_0,species_1,species_2,species_3,species_4,species_5,species_6,species_7,species_8,species_9,ground_truth,timeseries_id,noise,n_species,did,n_timeseries,n_timepoints,sampling_scheme
0,0.0,0.04,0.05,0.01,0.02,0.02,0.07,0.01,0.09,0.07,0.03,10_sp_aij_15,36656,0.01,10,3780,1,5,even
1,7.272727272727273,0.1154253783110187,0.1048785987301193,0.0117076209815102,0.1033880944410675,0.054259797127618,0.1493231654574034,0.0997551326086922,0.1562809548987463,0.1448500272023406,0.0494256605862608,10_sp_aij_15,36656,0.01,10,3780,1,5,even
2,14.84848484848485,0.1079419550928996,0.1172064507068288,0.0179198116139405,0.1061559695599875,0.0925826917457136,0.1671271788336063,0.1973041994232856,0.122429986940315,0.1996915033671479,0.0636625620580556,10_sp_aij_15,36656,0.01,10,3780,1,5,even
3,22.424242424242426,0.1184866245160032,0.1117709893631955,0.0274746606585855,0.0943503563736449,0.1007781099623854,0.1475421992983079,0.1903102927207626,0.1101887428891402,0.1899456900324983,0.065278195060409,10_sp_aij_15,36656,0.01,10,3780,1,5,even
4,30.0,0.1178188208164012,0.1080658301391907,0.0319004486270227,0.0929285415542953,0.100023794789753,0.1424602137970732,0.1780509057604938,0.1117791415953364,0.1823512868746311,0.0702198946435221,10_sp_aij_15,36656,0.01,10,3780,1,5,even
