,time,species_0,species_1,species_2,species_3,species_4,species_5,species_6,species_7,species_8,species_9,ground_truth,timeseries_id,noise,n_species,did,n_timeseries,n_timepoints,sampling_scheme
0,6.0606060606060606,0.1112946893774629,0.0655576113512904,0.0954054002936337,0.1723358542639454,0.0829520026019806,0.1019817341346569,0.0302687168166309,0.2247875124678515,0.1329993198872449,0.0878686443162017,10_sp_aij_40,36656,0.1,10,19173,1,5,seq
1,7.272727272727273,0.1340982527215939,0.0582973686814318,0.1264123864251282,0.2050440859372101,0.0528812859674918,0.1050819992833423,0.0310343707032458,0.1869802617257734,0.0982289536614979,0.0673172494204179,10_sp_aij_40,36656,0.1,10,19173,1,5,seq
2,8.484848484848484,0.1302955894332799,0.0680152898654462,0.1429291746826614,0.1950436124658963,0.0496844958414911,0.1169427754228386,0.0274351909440602,0.2047872630973108,0.08909121422798,0.0643456815738024,10_sp_aij_40,36656,0.1,10,19173,1,5,seq
3,10.0,0.088388941648686,0.073348418589223,0.140318551239818,0.2010641116768955,0.0644972122540775,0.1054333622317438,0.0269052295919614,0.2385006736538455,0.0801470368916734,0.0311944428716387,10_sp_aij_40,36656,0.1,10,19173,1,5,seq
4,11.212121212121213,0.0792335769700622,0.0623356580781864,0.1635188196180854,0.1262334670855208,0.0624470635214846,0.1233648086491129,0.0297449877634518,0.217297945580257,0.0579628679377192,0.0321693251260964,10_sp_aij_40,36656,0.1,10,19173,1,5,seq
