,time,species_0,species_1,species_2,species_3,species_4,species_5,species_6,species_7,species_8,species_9,ground_truth,timeseries_id,noise,n_species,did,n_timeseries,n_timepoints,sampling_scheme
0,13.636363636363637,0.0257448399198871,0.5011731789257156,0.4117607373646043,0.3032509431737338,0.8304920296683008,0.0751318406090535,0.2143864532863376,0.3106130625415119,0.4738094587825817,0.6801613458262254,10_sp_aij_5,36656,0.1,10,24576,1,5,random
1,18.484848484848484,0.0281707867245352,0.632632311669917,0.3297236565439776,0.4091575419811106,0.8651714938616627,0.0407678412965272,0.2107835761027319,0.3137199052723741,0.5019100428137615,0.639544903769039,10_sp_aij_5,36656,0.1,10,24576,1,5,random
2,22.424242424242426,0.0325252203592743,0.5166954872189284,0.4365281785997854,0.359097802070791,0.7174213326701837,0.0263320964307973,0.1779041916774569,0.289003634304449,0.4650090167572409,0.5792868622176705,10_sp_aij_5,36656,0.1,10,24576,1,5,random
3,26.060606060606062,0.0356439973556543,0.4585433441417715,0.3247103375632852,0.3925050143471761,1.0632615888863213,0.0182010841449683,0.1756877324581187,0.2958395937875232,0.5615134180455799,0.8107332891698875,10_sp_aij_5,36656,0.1,10,24576,1,5,random
4,30.0,0.0205063718037279,0.4140254483520769,0.320564322680288,0.4167037345169782,0.7331834471110176,0.029559776444408,0.1623163322419872,0.2882669662966708,0.4625295064104052,0.5590189730097718,10_sp_aij_5,36656,0.1,10,24576,1,5,random
