,time,species_0,species_1,species_2,species_3,species_4,species_5,species_6,species_7,species_8,species_9,ground_truth,timeseries_id,noise,n_species,did,n_timeseries,n_timepoints,sampling_scheme
0,13.636363636363637,0.2354807550228979,0.2470723247342003,0.1065864688130616,0.1533771498430044,0.1241979971707042,0.0660175118045048,0.0178699419415913,0.1439632426386491,0.3246339377785113,0.1275601792401539,10_sp_aij_33,36656,0.01,10,14586,1,5,random
1,18.484848484848484,0.263373051260916,0.2888487734126942,0.1177798140333677,0.1906584557468943,0.0965650757095108,0.0584989780755572,0.0288972678993684,0.125614683921997,0.3558598350725578,0.1577114971325871,10_sp_aij_33,36656,0.01,10,14586,1,5,random
2,22.424242424242426,0.2695667489750865,0.2919656735782989,0.128701773751558,0.1988447781633935,0.0815192580625136,0.0527096029597249,0.0402128328463051,0.1132070869367219,0.360407091123312,0.1656305289130047,10_sp_aij_33,36656,0.01,10,14586,1,5,random
3,26.060606060606062,0.2770141388907282,0.295352516592088,0.1266713492320064,0.2064836235227892,0.0770432037931926,0.0499809462889908,0.0498906040347093,0.1069784328709222,0.3704051255677727,0.180300053575979,10_sp_aij_33,36656,0.01,10,14586,1,5,random
4,30.0,0.2725117435838642,0.2973167062273603,0.1241533371978517,0.2115765919769928,0.0693280981311761,0.0526118031824564,0.0575113227381302,0.1056011745340617,0.3628435855595774,0.1759351791468353,10_sp_aij_33,36656,0.01,10,14586,1,5,random
