,time,species_0,species_1,species_2,species_3,species_4,species_5,species_6,species_7,species_8,species_9,ground_truth,timeseries_id,noise,n_species,did,n_timeseries,n_timepoints,sampling_scheme
0,0.0,0.04,0.05,0.01,0.02,0.02,0.07,0.01,0.09,0.07,0.03,10_sp_aij_34,36656,0.1,10,15399,2,5,even
1,7.272727272727273,0.2992669265099326,0.313433534797053,0.0706012620845928,0.5374365414085898,0.0100674007003219,0.2810006317940111,0.0112185384952735,0.0046712060344679,0.0822546906327549,0.3724991775041781,10_sp_aij_34,36656,0.1,10,15399,2,5,even
2,14.84848484848485,0.3728616865322697,0.348243238299433,0.2468149532256378,0.599510601294746,0.0221136985323745,0.2032354325304825,0.0915698314338378,0.0,0.1226627285364729,0.5312584513797056,10_sp_aij_34,36656,0.1,10,15399,2,5,even
3,22.424242424242426,0.4576006411201259,0.4258828631789833,0.3245949116280904,0.7139404898806465,0.082600162869435,0.1430324797854346,0.1314437403216672,0.0,0.0951558057646092,0.6166689851051561,10_sp_aij_34,36656,0.1,10,15399,2,5,even
4,30.0,0.536630842882086,0.4544874183257615,0.3077909538952325,0.9651527532760484,0.1079035654109122,0.153583699425458,0.139922462701278,0.0,0.081549909975943,0.6613679911842189,10_sp_aij_34,36656,0.1,10,15399,2,5,even
5,0.0,0.02,0.02,0.02,0.02,0.04,0.09,0.05,0.04,0.02,0.04,10_sp_aij_34,2369231,0.1,10,15399,2,5,even
6,7.272727272727273,0.2102906972686292,0.3384006799918866,0.0980826280660359,0.3770854856094114,0.0340312801560965,0.2531480163053937,0.0273443565858457,0.0178596824679987,0.0740348663962581,0.2553345318996262,10_sp_aij_34,2369231,0.1,10,15399,2,5,even
7,14.84848484848485,0.593222858484275,0.3554878766479826,0.3072320545910987,0.8651334841411007,0.0495487531445844,0.2032283688079277,0.0843310619523763,0.0,0.1075431662988219,0.7281640844548676,10_sp_aij_34,2369231,0.1,10,15399,2,5,even
8,22.424242424242426,0.4868401403772234,0.4650284591656736,0.3144247835449908,0.9753644842796656,0.1572279619777692,0.1194953906611037,0.1480899100213967,0.0,0.0654274215816963,0.6832779186546255,10_sp_aij_34,2369231,0.1,10,15399,2,5,even
9,30.0,0.67230864118171,0.3462774089726627,0.2072626109102289,0.8704110872524549,0.1859778635776681,0.0817881170949173,0.1385882771814894,0.0,0.048350628318791,1.026406574120371,10_sp_aij_34,2369231,0.1,10,15399,2,5,even
