,time,species_0,species_1,species_2,species_3,species_4,species_5,species_6,species_7,species_8,species_9,ground_truth,timeseries_id,noise,n_species,did,n_timeseries,n_timepoints,sampling_scheme
0,0.0,0.04,0.05,0.01,0.02,0.02,0.07,0.01,0.09,0.07,0.03,10_sp_aij_29,36656,0.1,10,12159,2,5,even
1,7.272727272727273,0.5274995774225082,0.2732011398489758,0.2012397087960261,0.4508418942932143,0.0085726700892943,0.2234285467049857,0.0481788491597061,0.1590328255718554,0.15142052894692,0.0718844712122922,10_sp_aij_29,36656,0.1,10,12159,2,5,even
2,14.84848484848485,0.4894118830385212,0.2302864642423207,0.1458835890317812,0.3403014876730872,0.0502531665097664,0.1508791130372348,0.1725021455661169,0.302853150203386,0.1316635490680997,0.1612965054780027,10_sp_aij_29,36656,0.1,10,12159,2,5,even
3,22.424242424242426,0.453441146365637,0.2721529547088623,0.2375549040764349,0.3847830027681529,0.0518183899692336,0.1824512128711744,0.1269821282864289,0.2874778126099135,0.1532011157510854,0.1267107176359164,10_sp_aij_29,36656,0.1,10,12159,2,5,even
4,30.0,0.4834381891095433,0.2683057559712938,0.1633523462579068,0.4465041000980616,0.0600869062956499,0.2196338585834942,0.1076145957582264,0.3242622916885626,0.0919463727756681,0.1547810811475827,10_sp_aij_29,36656,0.1,10,12159,2,5,even
5,0.0,0.02,0.02,0.02,0.02,0.04,0.09,0.05,0.04,0.02,0.04,10_sp_aij_29,2369231,0.1,10,12159,2,5,even
6,7.272727272727273,0.5630490039611604,0.3319659924197267,0.1641627866770162,0.3788065013159413,0.0398590849191551,0.1965748261093358,0.0677663903595791,0.3153084499426408,0.1676117335665016,0.0762298796236578,10_sp_aij_29,2369231,0.1,10,12159,2,5,even
7,14.84848484848485,0.5433224741986977,0.2133570161689335,0.221585549488108,0.4380900043550109,0.0364406119786769,0.2420189216723758,0.1228081435333953,0.3954157273725236,0.1315030901324144,0.193855513766101,10_sp_aij_29,2369231,0.1,10,12159,2,5,even
8,22.424242424242426,0.4410735848157559,0.3117579230251542,0.2016524965020068,0.4922007103324473,0.0683500150630652,0.1633950906835946,0.1377217877796294,0.3463489954226901,0.1009133728821977,0.1239106742793912,10_sp_aij_29,2369231,0.1,10,12159,2,5,even
9,30.0,0.6584338429768285,0.2226903065764201,0.1543121057081633,0.3737120667483967,0.0875550743654002,0.2165277409978727,0.1264563552417349,0.2707862299786606,0.1368059550634908,0.1342820917322499,10_sp_aij_29,2369231,0.1,10,12159,2,5,even
