,time,species_0,species_1,species_2,species_3,species_4,species_5,species_6,species_7,species_8,species_9,ground_truth,timeseries_id,noise,n_species,did,n_timeseries,n_timepoints,sampling_scheme
0,0.0,0.04,0.05,0.01,0.02,0.02,0.07,0.01,0.09,0.07,0.03,10_sp_aij_41,36656,0.01,10,19440,1,5,even
1,7.272727272727273,0.1345986891498611,0.1376102666679098,0.2985526742607298,0.0214232951631257,0.0439585931319997,0.2387900606782209,0.1694562703616076,0.1918749135942203,0.1843503157683506,0.4540262055664449,10_sp_aij_41,36656,0.01,10,19440,1,5,even
2,14.84848484848485,0.1512297978289446,0.2254041465235174,0.100367252108922,0.0328563423459511,0.1308967661809811,0.1011462870891196,0.2750379163542833,0.1531288857746107,0.0787505014444829,0.3866342743837626,10_sp_aij_41,36656,0.01,10,19440,1,5,even
3,22.424242424242426,0.1590757274262001,0.1897513323088693,0.0407669571895842,0.0655168870064072,0.1122015040736847,0.0630863834700157,0.2754983355187548,0.1229878468052458,0.0522098364204799,0.3673151602565723,10_sp_aij_41,36656,0.01,10,19440,1,5,even
4,30.0,0.1573681796093257,0.1682538032959872,0.0257325344114415,0.0760127410188537,0.0935960776164568,0.0593434400519265,0.2660937495340935,0.1166914981587324,0.050267191709007,0.3695100680910572,10_sp_aij_41,36656,0.01,10,19440,1,5,even
