,time,species_0,species_1,species_2,species_3,species_4,species_5,species_6,species_7,species_8,species_9,ground_truth,timeseries_id,noise,n_species,did,n_timeseries,n_timepoints,sampling_scheme
0,13.636363636363637,0.2569421875878022,0.2721128246498958,0.2963477913007938,0.1208498031787526,0.051452677280239,0.0668726420594276,0.0403738791151269,0.0304247941206358,0.2651056495299737,0.2476334230199125,10_sp_aij_23,36656,0.01,10,8646,1,5,random
1,18.484848484848484,0.2873471760851339,0.2822851085278545,0.2816005734011622,0.1298557775336168,0.0423387423987096,0.0807407023308791,0.0535429877185171,0.0264625586328343,0.2602028931028644,0.2514546300351949,10_sp_aij_23,36656,0.01,10,8646,1,5,random
2,22.424242424242426,0.2983911643755848,0.2824013863025221,0.2887689107136928,0.1331804414848027,0.0365283677556331,0.0767231372896965,0.0627459803784289,0.0269424483699313,0.2615585029222694,0.2507101263648395,10_sp_aij_23,36656,0.01,10,8646,1,5,random
3,26.060606060606062,0.308087189975027,0.2859301679959067,0.2810078407302552,0.1341911847738659,0.0347800823470178,0.0734835737532729,0.0677202781186297,0.0273234558197958,0.265306452436454,0.2646029508642107,10_sp_aij_23,36656,0.01,10,8646,1,5,random
4,30.0,0.305880351899174,0.2856722655848397,0.2866001447582051,0.1379214128078749,0.0300894697149055,0.0746620453157406,0.0693108596532665,0.0298244279627094,0.2541775969066331,0.2565861851879868,10_sp_aij_23,36656,0.01,10,8646,1,5,random
