,time,species_0,species_1,species_2,species_3,species_4,species_5,species_6,species_7,species_8,species_9,ground_truth,timeseries_id,noise,n_species,did,n_timeseries,n_timepoints,sampling_scheme
0,6.0606060606060606,0.0413976550095794,0.1808532743784959,0.0068759501022561,0.047588793712896,0.1130710637667244,0.0926290673514145,0.1287206839450123,0.1520924034465108,0.0737832553424579,0.0557504094137225,10_sp_aij_17,36656,0.1,10,5133,1,5,seq
1,7.272727272727273,0.0434732622677096,0.1334490294151996,0.0077544182792995,0.0537942884021344,0.0863042945932115,0.0831224138988757,0.1717367115017758,0.1295928385144957,0.0593163491923744,0.0484578555426077,10_sp_aij_17,36656,0.1,10,5133,1,5,seq
2,8.484848484848484,0.0391550965206648,0.134531262034363,0.0086042253469999,0.0495461714552275,0.1039822404350448,0.0771498752050761,0.1824717949169487,0.1535358096248614,0.0532612980017808,0.0518190161280127,10_sp_aij_17,36656,0.1,10,5133,1,5,seq
3,10.0,0.0194713623535934,0.1328243555081369,0.0087225633703431,0.0423148877826474,0.153808628667318,0.0660002291577799,0.1927578955063547,0.2004550837109008,0.0455239641509895,0.0274405158073595,10_sp_aij_17,36656,0.1,10,5133,1,5,seq
4,11.212121212121213,0.0123859397959608,0.1053644485279439,0.0105962191904293,0.0195676137030315,0.1520834635428764,0.0743340331173634,0.2091738187500242,0.2021510361974304,0.031040693324094,0.0281958784810773,10_sp_aij_17,36656,0.1,10,5133,1,5,seq
