,time,species_0,species_1,species_2,species_3,species_4,species_5,species_6,species_7,species_8,species_9,ground_truth,timeseries_id,noise,n_species,did,n_timeseries,n_timepoints,sampling_scheme
0,6.0606060606060606,0.5915751404633578,0.2989668007185404,0.1029600447343814,0.4558335383267367,0.0126501291078243,0.2095092303091734,0.0403717834813638,0.2120659875688951,0.1915757299039198,0.0731551139660379,10_sp_aij_29,36656,0.1,10,12153,1,5,seq
1,7.272727272727273,0.5274995774225082,0.2732011398489758,0.2012397087960261,0.4508418942932143,0.0085726700892943,0.2234285467049857,0.0481788491597061,0.1590328255718554,0.15142052894692,0.0718844712122922,10_sp_aij_29,36656,0.1,10,12153,1,5,seq
2,8.484848484848484,0.3928116378735722,0.2834432350917105,0.2113183928129083,0.3786753941251085,0.0111471365877921,0.2150847629946782,0.0566063405486445,0.2066374358239877,0.1130479304714366,0.1301056652968003,10_sp_aij_29,36656,0.1,10,12153,1,5,seq
3,10.0,0.3162247601760714,0.2455617641214646,0.1543346396356731,0.3770337160881749,0.0202673921249805,0.1488907903139391,0.075807571159617,0.2842541462881272,0.077972912539791,0.1017842275437658,10_sp_aij_29,36656,0.1,10,12153,1,5,seq
4,11.212121212121213,0.3082007248256114,0.1936839341137033,0.1497423247482824,0.2365399101524192,0.0266724279099317,0.1570751186315337,0.1022582495910859,0.2560625107052355,0.0653789397248324,0.1253991950021646,10_sp_aij_29,36656,0.1,10,12153,1,5,seq
