,time,species_0,species_1,species_2,species_3,species_4,species_5,species_6,species_7,species_8,species_9,ground_truth,timeseries_id,noise,n_species,did,n_timeseries,n_timepoints,sampling_scheme
0,6.0606060606060606,0.2088554043793879,0.3436909860748567,0.0359791421278715,0.4504021758397356,0.0139440830254952,0.3144614468405819,0.0097353930080544,0.0108231416353464,0.1044724202478615,0.327601001755281,10_sp_aij_34,36656,0.1,10,15393,1,5,seq
1,7.272727272727273,0.2992669265099326,0.313433534797053,0.0706012620845928,0.5374365414085898,0.0100674007003219,0.2810006317940111,0.0112185384952735,0.0046712060344679,0.0822546906327549,0.3724991775041781,10_sp_aij_34,36656,0.1,10,15393,1,5,seq
2,8.484848484848484,0.3083810874447985,0.3726739394366171,0.1178817179955909,0.5244159434970584,0.0121817861870489,0.2476041846060886,0.0125690810002433,0.0028629375948956,0.0781567985939418,0.4815540199007791,10_sp_aij_34,36656,0.1,10,15393,1,5,seq
3,10.0,0.2504971801154459,0.3811278113786425,0.1525011290503049,0.5699433546703552,0.0173318294316831,0.2106380567656692,0.0174433685023717,0.0028490125166657,0.0891373027654212,0.2727637326604036,10_sp_aij_34,36656,0.1,10,15393,1,5,seq
4,11.212121212121213,0.2164837468916062,0.2954848481053805,0.1818756790666945,0.3855153164633398,0.0186286184758474,0.2319234667709121,0.0225206175829529,0.0,0.0770366713758783,0.3746861236611111,10_sp_aij_34,36656,0.1,10,15393,1,5,seq
