,time,species_0,species_1,species_2,species_3,species_4,species_5,species_6,species_7,species_8,species_9,ground_truth,timeseries_id,noise,n_species,did,n_timeseries,n_timepoints,sampling_scheme
0,13.636363636363637,0.4228350445580565,0.3350236728640626,0.1141238408035197,0.6961339032982425,0.3545909064044497,0.0722846686501575,0.6912268666347263,0.748760065528633,0.6745997295009809,0.0089132995692745,10_sp_aij_19,36656,0.01,10,5946,1,5,random
1,18.484848484848484,0.4095128110550384,0.314333445359457,0.0836291345173601,0.6708689986060404,0.3407086039343828,0.0925201366523812,0.6581634330241443,0.7166445923527103,0.6292424622933691,0.0105388341790733,10_sp_aij_19,36656,0.01,10,5946,1,5,random
2,22.424242424242426,0.3941310858944575,0.3020672815294575,0.0843951056424644,0.6560739402244958,0.3298924777828797,0.0920485149689347,0.6431195926026806,0.700929690428828,0.6169159080978543,0.0122765850548821,10_sp_aij_19,36656,0.01,10,5946,1,5,random
3,26.060606060606062,0.4003425102374221,0.3009095552274676,0.0828579024146749,0.6610384536791462,0.3415638085654414,0.0918502626244383,0.6447276599323505,0.7007828861015236,0.6319937570248818,0.0148715111363253,10_sp_aij_19,36656,0.01,10,5946,1,5,random
4,30.0,0.39270415777876,0.2993927682619614,0.0785491835533386,0.6598399406451331,0.3203099433681631,0.0938918699488767,0.634803659096449,0.6878432621880338,0.6189942734913587,0.0179912819308297,10_sp_aij_19,36656,0.01,10,5946,1,5,random
