,time,species_0,species_1,species_2,species_3,species_4,species_5,species_6,species_7,species_8,species_9,ground_truth,timeseries_id,noise,n_species,did,n_timeseries,n_timepoints,sampling_scheme
0,13.636363636363637,0.0154140718137999,0.0583556528731804,0.099658376164684,0.0210120611062561,0.0177086484055009,0.0600508874490361,0.1047963639927749,0.1091911201242538,0.0354487815473721,0.1067097636989963,10_sp_aij_9,36656,0.01,10,26466,1,5,random
1,18.484848484848484,0.0189290868521873,0.0511219852950089,0.0792962467418049,0.0188661304548345,0.0160264900065135,0.0608248914885686,0.1113556754545514,0.1153175473302461,0.0375415156877089,0.1244801231370321,10_sp_aij_9,36656,0.01,10,26466,1,5,random
2,22.424242424242426,0.0245287142533626,0.0471717045844113,0.0731304535600514,0.0175754616234389,0.0141386525173044,0.0611404399467615,0.112558996766486,0.1128521844889083,0.0374217699893911,0.1292155654279219,10_sp_aij_9,36656,0.01,10,26466,1,5,random
3,26.060606060606062,0.0308947307970273,0.0469600208411341,0.0653010897574743,0.0168391298252426,0.0135217281599087,0.0632629247711889,0.112455809849705,0.1105818868605275,0.0364476727016751,0.1415754499048522,10_sp_aij_9,36656,0.01,10,26466,1,5,random
4,30.0,0.0365691152817012,0.0471580894253361,0.0579932921473487,0.0169632246819526,0.0117662442672187,0.0691869237966111,0.1104207360149181,0.1096612197886379,0.0336331795152988,0.1438118326905035,10_sp_aij_9,36656,0.01,10,26466,1,5,random
