,time,species_0,species_1,species_2,species_3,species_4,species_5,species_6,species_7,species_8,species_9,ground_truth,timeseries_id,noise,n_species,did,n_timeseries,n_timepoints,sampling_scheme
0,6.0606060606060606,0.2288089108231611,0.5089958715950702,0.0533873958755248,0.1815331925334926,0.0705270104851911,0.8550453733523984,0.3243038821928765,0.1828274928484132,0.1949551115518173,0.6580637118160174,10_sp_aij_27,36656,0.1,10,11073,1,5,seq
1,7.272727272727273,0.2268969189317265,0.3794488039477579,0.0677469753548012,0.1889171425543171,0.0525967622515667,0.9103775571145536,0.3467635186986441,0.1651596557192406,0.1591758268101751,0.4807397051933688,10_sp_aij_27,36656,0.1,10,11073,1,5,seq
2,8.484848484848484,0.1814675203062037,0.3863482994620102,0.0879570943620022,0.1732470481716203,0.0605626680957676,0.8762673669964455,0.2988793764547476,0.177415833487879,0.1708702928997032,0.5413505527464192,10_sp_aij_27,36656,0.1,10,11073,1,5,seq
3,10.0,0.1222091305380491,0.4279837512503349,0.0884430991972861,0.1758465386702666,0.0906785973622423,0.6943434410395863,0.2683271260066456,0.1961034661292314,0.1938338893267114,0.3301504767144076,10_sp_aij_27,36656,0.1,10,11073,1,5,seq
4,11.212121212121213,0.0998304829253961,0.3302480286006459,0.1102111537373018,0.1151366372021815,0.0893862786674592,0.8134683162592649,0.2523264846464861,0.1618458404436681,0.1834959358211085,0.4849655091107041,10_sp_aij_27,36656,0.1,10,11073,1,5,seq
