,time,species_0,species_1,species_2,species_3,species_4,species_5,species_6,species_7,species_8,species_9,ground_truth,timeseries_id,noise,n_species,did,n_timeseries,n_timepoints,sampling_scheme
0,13.636363636363637,0.2127756967457242,0.1056403018464522,0.1392993072847151,0.2640251580207673,0.0316957358148132,0.1531396706480822,0.0227259739411423,0.3095774913656351,0.0666092052541091,0.0239650343581837,10_sp_aij_40,36656,0.01,10,18906,1,5,random
1,18.484848484848484,0.2405007833780928,0.1023208646704347,0.1530979590130883,0.2704294515268813,0.0141396042520208,0.1501357522486066,0.0136938298199091,0.294291908081409,0.0849227085364068,0.0114496861073168,10_sp_aij_40,36656,0.01,10,18906,1,5,random
2,22.424242424242426,0.2419829147694957,0.0907925450541813,0.1724583722677213,0.2630386122442632,0.0091009114866219,0.1447689287706112,0.011001314812139,0.2686548098616442,0.1021455971196734,0.0070836570955984,10_sp_aij_40,36656,0.01,10,18906,1,5,random
3,26.060606060606062,0.2419639344398636,0.0825472571741791,0.1771360822842728,0.2551736519401325,0.0078678951497244,0.1450152793601533,0.0103925050644538,0.2475991527076549,0.1188201488938713,0.0062143428867338,10_sp_aij_40,36656,0.01,10,18906,1,5,random
4,30.0,0.2312708620749045,0.0755048174352195,0.183264538887786,0.2507349759629837,0.0072730515588487,0.1452288477892497,0.0108927877981298,0.2369361226257728,0.1265984286997151,0.0060530244107121,10_sp_aij_40,36656,0.01,10,18906,1,5,random
