,time,species_0,species_1,species_2,species_3,species_4,species_5,species_6,species_7,species_8,species_9,ground_truth,timeseries_id,noise,n_species,did,n_timeseries,n_timepoints,sampling_scheme
0,13.636363636363637,0.1797849927780935,0.060603830287052,0.3343980588239285,0.0176601868864547,0.0251333478943508,0.1713607435862618,0.1733119021941007,0.1862211306254742,0.2736234743393036,0.1488680988693505,10_sp_aij_49,36656,0.1,10,24036,1,5,random
1,18.484848484848484,0.2498232049586568,0.0720258192727517,0.2421194025169344,0.0119665470227339,0.0144848960848648,0.1197576553217631,0.1599942011216094,0.1964019281617739,0.3272744658474863,0.1960883012414857,10_sp_aij_49,36656,0.1,10,24036,1,5,random
2,22.424242424242426,0.2483735835003803,0.061078168837831,0.3338506509515059,0.0079750447250964,0.0106755227893345,0.0989889424950325,0.1647679071652259,0.1444723694977497,0.3014182049915159,0.1341678786261398,10_sp_aij_49,36656,0.1,10,24036,1,5,random
3,26.060606060606062,0.2746525354021085,0.0481383991526971,0.2378780332911507,0.006785083932976,0.0194032267523499,0.1007736394747622,0.1686467725612401,0.126574405787359,0.3642395832290468,0.2557200603202757,10_sp_aij_49,36656,0.1,10,24036,1,5,random
4,30.0,0.1930501443616528,0.047679032097269,0.2545283602085084,0.0109683522473845,0.0148062386064365,0.1175649668108046,0.1082356247555341,0.1888397287844807,0.3008307519852791,0.2199070718222879,10_sp_aij_49,36656,0.1,10,24036,1,5,random
