,time,species_0,species_1,species_2,species_3,species_4,species_5,species_6,species_7,species_8,species_9,ground_truth,timeseries_id,noise,n_species,did,n_timeseries,n_timepoints,sampling_scheme
0,6.0606060606060606,0.2281294106770922,0.3568724241934957,0.034913003222839,0.4493007686717655,0.0359352141785129,0.082901600042224,0.512022021037166,0.3531507323454037,0.631692358974839,0.0300793307163605,10_sp_aij_19,36656,0.1,10,6213,1,5,seq
1,7.272727272727273,0.2955111172075141,0.2831723675883998,0.1003201366930956,0.507872120086787,0.0428541749261683,0.0581042987061701,0.5505411050551469,0.3461406316086037,0.5087897119266973,0.0145915128445252,10_sp_aij_19,36656,0.1,10,6213,1,5,seq
2,8.484848484848484,0.2789570441924759,0.342541477679202,0.1660248746001394,0.535127809682308,0.0913278071736763,0.0434911730802212,0.4708071566242942,0.468698381175407,0.5973396506944594,0.0103842583454227,10_sp_aij_19,36656,0.1,10,6213,1,5,seq
3,10.0,0.2464734833083394,0.4561386000223714,0.1587235558488426,0.6930033729355851,0.2244627076337265,0.0275271816840695,0.5406583188458295,0.5960212675938147,0.6895515167316298,0.0031396488832929,10_sp_aij_19,36656,0.1,10,6213,1,5,seq
4,11.212121212121213,0.2877992007513,0.3640361996155195,0.1702348010204206,0.5448320437087051,0.2406498090034834,0.0301770954324011,0.5680598592502886,0.5677644735131003,0.6736092535190972,0.0,10_sp_aij_19,36656,0.1,10,6213,1,5,seq
