,time,species_0,species_1,species_2,species_3,species_4,species_5,species_6,species_7,species_8,species_9,ground_truth,timeseries_id,noise,n_species,did,n_timeseries,n_timepoints,sampling_scheme
0,13.636363636363637,0.1485872687797655,0.2055656663848424,0.3661746351247632,0.0983924510956439,0.0666886066311458,0.1409807920564131,0.0185094254410783,0.0097419120848419,0.3038910132714901,0.1870087512653093,10_sp_aij_23,36656,0.1,10,8916,1,5,random
1,18.484848484848484,0.2584474451448735,0.2426365468929527,0.2388307302827822,0.134371149731793,0.0403917921067889,0.1816212600964444,0.0218014210541334,0.0061234707018863,0.2661377414852,0.212179751830205,10_sp_aij_23,36656,0.1,10,8916,1,5,random
2,22.424242424242426,0.2513432953308496,0.2212548357253285,0.3116774982329841,0.1396475271268373,0.03002231448915,0.11061494797804,0.0353093409788865,0.004965196013147,0.2988343067498757,0.1792610501552501,10_sp_aij_23,36656,0.1,10,8916,1,5,random
3,26.060606060606062,0.2893759133764996,0.2321815953868092,0.2309030325655807,0.1341589100165434,0.0483610688539468,0.100441935341785,0.0412294954406914,0.002627736367199,0.3475341257089125,0.3064129478681525,10_sp_aij_23,36656,0.1,10,8916,1,5,random
4,30.0,0.2350347075784794,0.2053502320043683,0.2757563298613564,0.1711580651347508,0.0253702294110807,0.1397239363623584,0.0349974780561477,0.0,0.2285856135092117,0.2229840982000415,10_sp_aij_23,36656,0.1,10,8916,1,5,random
