,time,species_0,species_1,species_2,species_3,species_4,species_5,species_6,species_7,species_8,species_9,ground_truth,timeseries_id,noise,n_species,did,n_timeseries,n_timepoints,sampling_scheme
0,0.0,0.04,0.05,0.01,0.02,0.02,0.07,0.01,0.09,0.07,0.03,10_sp_aij_8,36656,0.1,10,26190,1,5,even
1,7.272727272727273,0.6064119764698824,0.831803947770152,0.3110650058454495,0.2002057862346733,0.610924289163073,0.5623008368472462,0.2381709996302627,0.7102552422913891,0.3272282492390412,0.3492638188211041,10_sp_aij_8,36656,0.1,10,26190,1,5,even
2,14.84848484848485,0.8197131278176564,1.5374466011120371,0.9482356826011826,0.7309265228914804,0.9638515507024036,1.1387450512773432,0.6760018967491683,1.3144020580105704,1.043337936526066,0.7623914587349571,10_sp_aij_8,36656,0.1,10,26190,1,5,even
3,22.424242424242426,0.8520798140483805,1.9664709805373872,0.9770469856803168,0.879891281948001,1.10100628875205,1.3311097537617806,0.6660824661077125,1.5636407618432049,0.9781015974321964,0.7362245590203782,10_sp_aij_8,36656,0.1,10,26190,1,5,even
4,30.0,0.9223293723135992,1.682872790559136,0.9591833757431756,1.0405215242403525,1.0864290236303225,1.592027873691127,0.7088252009644469,1.452204270528534,1.2533083338940485,0.7701149500896171,10_sp_aij_8,36656,0.1,10,26190,1,5,even
