,time,species_0,species_1,species_2,species_3,species_4,species_5,species_6,species_7,species_8,species_9,ground_truth,timeseries_id,noise,n_species,did,n_timeseries,n_timepoints,sampling_scheme
0,0.0,0.04,0.05,0.01,0.02,0.02,0.07,0.01,0.09,0.07,0.03,10_sp_aij_35,36656,0.1,10,15939,2,5,even
1,7.272727272727273,0.0928998619367505,0.1001272489386366,0.1114083590450763,0.0840772439992966,0.2210362062325518,0.0377582095355869,0.0966560069537779,0.1355569164579163,0.1518216482181707,0.1140056428368336,10_sp_aij_35,36656,0.1,10,15939,2,5,even
2,14.84848484848485,0.0576864135682626,0.2245188060156828,0.1520677877014798,0.0658913616897655,0.2088026645831651,0.15484383745665,0.1823882002569712,0.2133347188278299,0.1401224376321985,0.1577859209412742,10_sp_aij_35,36656,0.1,10,15939,2,5,even
3,22.424242424242426,0.0843798006566147,0.2175817743812514,0.1547968256287854,0.0902634668072642,0.2159194578820821,0.1483819753209326,0.1717169722766316,0.2149637947172751,0.1261198814294366,0.1375158791835676,10_sp_aij_35,36656,0.1,10,15939,2,5,even
4,30.0,0.0605902511903753,0.197387510401258,0.1093449611899344,0.1457860622516522,0.2337564440806994,0.1432374836020133,0.1506216825238348,0.2453459180650851,0.0918576615277005,0.1754789694156631,10_sp_aij_35,36656,0.1,10,15939,2,5,even
5,0.0,0.02,0.02,0.02,0.02,0.04,0.09,0.05,0.04,0.02,0.04,10_sp_aij_35,2369231,0.1,10,15939,2,5,even
6,7.272727272727273,0.0993508169270949,0.1889469163826778,0.1003861710669292,0.0551878406131476,0.3073258389973727,0.0773170596173817,0.0966892470822693,0.2951199687958662,0.1362905103575324,0.1184614738488536,10_sp_aij_35,2369231,0.1,10,15939,2,5,even
7,14.84848484848485,0.0953460145968213,0.141228755342188,0.1387873039139056,0.107351761108397,0.2431391057678607,0.1306594262957042,0.1753205019057584,0.2747946589964918,0.1412904825592101,0.1862163374449781,10_sp_aij_35,2369231,0.1,10,15939,2,5,even
8,22.424242424242426,0.0772908680286504,0.2592270622989175,0.1281726317810144,0.1330240824844919,0.2896480917249474,0.1082143667188579,0.1873610987032599,0.2505778119837992,0.0972520932667904,0.1350660599635194,10_sp_aij_35,2369231,0.1,10,15939,2,5,even
9,30.0,0.1409321481918627,0.1352436060852441,0.0945873494951382,0.0969647060024911,0.2683923862959202,0.0858710508953713,0.1407583834913455,0.2181715881796846,0.1059013105548462,0.1715550467876329,10_sp_aij_35,2369231,0.1,10,15939,2,5,even
