,time,species_0,species_1,species_2,species_3,species_4,species_5,species_6,species_7,species_8,species_9,ground_truth,timeseries_id,noise,n_species,did,n_timeseries,n_timepoints,sampling_scheme
0,13.636363636363637,0.0278437877204185,0.0787805402792866,0.2908656925502355,0.3087290507417976,0.3427360556705447,0.2721500917256015,0.2856997012957328,0.0197346087208086,0.224893336474876,0.2072735577486564,10_sp_aij_42,36656,0.1,10,20256,1,5,random
1,18.484848484848484,0.0385757131595598,0.0771668686786277,0.2370507587968127,0.396312401384309,0.4285245421257618,0.2746934246968496,0.2884088183656295,0.0046631867568758,0.2333604181522322,0.2236481449329889,10_sp_aij_42,36656,0.1,10,20256,1,5,random
2,22.424242424242426,0.0551754979855362,0.0629721741384097,0.2994639158972313,0.3592648034526399,0.2930753337422845,0.2049191096500685,0.215878411007178,0.0,0.2348295909907931,0.1596140731645097,10_sp_aij_42,36656,0.1,10,20256,1,5,random
3,26.060606060606062,0.080108879686116,0.0704817536043126,0.201887111213048,0.3630477658091781,0.4247336039276116,0.230923468115511,0.2051944557331882,0.0,0.2804553773622398,0.2718256508365224,10_sp_aij_42,36656,0.1,10,20256,1,5,random
4,30.0,0.0502734405652136,0.0622947107521284,0.2145823785317585,0.4205662171299262,0.3244073214457882,0.2405833719981429,0.1862050984597442,0.0,0.1968364342701195,0.2151673576689323,10_sp_aij_42,36656,0.1,10,20256,1,5,random
