,time,species_0,species_1,species_2,species_3,species_4,species_5,species_6,species_7,species_8,species_9,ground_truth,timeseries_id,noise,n_species,did,n_timeseries,n_timepoints,sampling_scheme
0,0.0,0.04,0.05,0.01,0.02,0.02,0.07,0.01,0.09,0.07,0.03,10_sp_aij_30,36656,0.1,10,13230,1,5,even
1,7.272727272727273,0.2154754001275422,0.1298653764190642,0.0957843907030058,0.2339947007052475,0.1890597815554167,0.0499452073570245,0.2746414546378082,0.0235180676748816,0.1144183365817098,0.0895414061741177,10_sp_aij_30,36656,0.1,10,13230,1,5,even
2,14.84848484848485,0.1802856066923143,0.2027343382368571,0.1099883686134656,0.1992779098332938,0.219480470525105,0.0485126289249169,0.3721749952230906,0.0063872361026884,0.2164689395203991,0.1214404457701995,10_sp_aij_30,36656,0.1,10,13230,1,5,even
3,22.424242424242426,0.1968238801057161,0.1887153747129518,0.1038557132100403,0.2489025386960395,0.2457374446570147,0.0348593031945046,0.2938566968611951,0.006551487480851,0.1867065614412678,0.1044355015120474,10_sp_aij_30,36656,0.1,10,13230,1,5,even
4,30.0,0.1570944831872805,0.2091860881435001,0.0764930749537372,0.3302764663051792,0.2101910570941312,0.0334666537370516,0.2596402669966728,0.0,0.1552712955889011,0.1566992714744209,10_sp_aij_30,36656,0.1,10,13230,1,5,even
