,time,species_0,species_1,species_2,species_3,species_4,species_5,species_6,species_7,species_8,species_9,ground_truth,timeseries_id,noise,n_species,did,n_timeseries,n_timepoints,sampling_scheme
0,13.636363636363637,0.0726181655247728,0.2989070158532407,0.0715295699370113,0.0972877733875223,0.2418680677366523,0.0667710790059197,0.0361496919018801,0.063704131378634,0.0602791665746681,0.3019782407002965,10_sp_aij_7,36656,0.01,10,25386,1,5,random
1,18.484848484848484,0.0821176175774194,0.3023007239114447,0.0613864640348857,0.0990663282180396,0.2466956933115354,0.063411447180013,0.0305521872454755,0.063959519975078,0.0704889691535092,0.2905158777138476,10_sp_aij_7,36656,0.01,10,25386,1,5,random
2,22.424242424242426,0.084811887927789,0.2914195705721816,0.0619902259738422,0.0980902957953226,0.2464371018082732,0.0601296987934494,0.0289470185835299,0.0607214845093725,0.0732600834162463,0.2829393446393236,10_sp_aij_7,36656,0.01,10,25386,1,5,random
3,26.060606060606062,0.0866063725740799,0.2877836792031154,0.0584801187692578,0.0986627383862504,0.2599775525858917,0.0600365509446165,0.0266305250891857,0.0575682623392446,0.0765120624022609,0.2929929817544354,10_sp_aij_7,36656,0.01,10,25386,1,5,random
4,30.0,0.0822509317778425,0.2870044856912913,0.0549655771108376,0.100476391737894,0.248970055421778,0.0646096365371815,0.0246233357505091,0.0567418783073234,0.0745048477875794,0.2838307833313235,10_sp_aij_7,36656,0.01,10,25386,1,5,random
