,time,species_0,species_1,species_2,species_3,species_4,species_5,species_6,species_7,species_8,species_9,ground_truth,timeseries_id,noise,n_species,did,n_timeseries,n_timepoints,sampling_scheme
0,0.0,0.04,0.05,0.01,0.02,0.02,0.07,0.01,0.09,0.07,0.03,10_sp_aij_34,36656,0.01,10,15121,1,10,even
1,3.333333333333333,0.0766578405939774,0.2276836171399646,0.0155662623859337,0.1799482909799167,0.021404818298408,0.2493563398564162,0.0157460743537172,0.0303415829679892,0.0726188655766417,0.1096784624137678,10_sp_aij_34,36656,0.01,10,15121,1,10,even
2,6.666666666666667,0.2415982430402834,0.3423465044030071,0.0584207611744885,0.4534181123161889,0.0214165396102418,0.2800849090102136,0.0188099524947904,0.0103457377439536,0.0981695518666134,0.3338680952083636,10_sp_aij_34,36656,0.01,10,15121,1,10,even
3,10.0,0.4318133590232268,0.4270914237723386,0.170606043419142,0.6489347068329254,0.0356840032006522,0.228062995922152,0.0334732605066048,0.0034667172871789,0.1014826950036726,0.5446577642008187,10_sp_aij_34,36656,0.01,10,15121,1,10,even
4,13.333333333333334,0.5358526727072691,0.4647609287205568,0.2504838545526819,0.7531407303707796,0.0728746170993813,0.1898812300192938,0.0787775152903554,0.0,0.1015943895162433,0.6988283652710772,10_sp_aij_34,36656,0.01,10,15121,1,10,even
5,16.666666666666668,0.5959860091420782,0.4876268973417487,0.2685971101542577,0.8095705589483486,0.1224207669757179,0.15238186944244,0.127453848445366,0.0,0.0974322863803392,0.7706741446705235,10_sp_aij_34,36656,0.01,10,15121,1,10,even
6,20.0,0.6007613342092475,0.5090455559116711,0.2765917061129915,0.838364189367117,0.1512994134020591,0.1365426686556642,0.1563395790260836,0.0,0.0909080254277966,0.7951325645129672,10_sp_aij_34,36656,0.01,10,15121,1,10,even
7,23.333333333333336,0.6046168135415355,0.5236080682812081,0.2864558484986813,0.8463928692349877,0.1631308495265511,0.1216549938315742,0.1668909883370135,0.0,0.0886317072667898,0.8070943145361398,10_sp_aij_34,36656,0.01,10,15121,1,10,even
8,26.666666666666668,0.6240067050147321,0.5218325027410161,0.2814444889786922,0.862153796106486,0.1761861109966765,0.1182652356273522,0.1698549385452153,0.0,0.0876346267676899,0.8145746073639557,10_sp_aij_34,36656,0.01,10,15121,1,10,even
9,30.0,0.6130691317211289,0.5190983849865795,0.288840604241468,0.8777749971060962,0.165515846291964,0.1191982855311704,0.1672753287687019,0.0,0.0858810052692948,0.8015662638099612,10_sp_aij_34,36656,0.01,10,15121,1,10,even
