,time,species_0,species_1,species_2,species_3,species_4,species_5,species_6,species_7,species_8,species_9,ground_truth,timeseries_id,noise,n_species,did,n_timeseries,n_timepoints,sampling_scheme
0,0.0,0.04,0.05,0.01,0.02,0.02,0.07,0.01,0.09,0.07,0.03,10_sp_aij_42,36656,0.1,10,20259,2,5,even
1,7.272727272727273,0.067346027088367,0.1172648159413562,0.129340945186363,0.2932491734490939,0.1935160659286771,0.197461440165729,0.208718379476727,0.0729023223038004,0.1585133261911182,0.2727466565280109,10_sp_aij_42,36656,0.1,10,20259,2,5,even
2,14.84848484848485,0.0307391138004909,0.0743105364902028,0.2589939465649938,0.3558251095457277,0.3355316536139921,0.2135788443692033,0.2651630376224499,0.0115618476896273,0.2433381011248356,0.1984963916472951,10_sp_aij_42,36656,0.1,10,20259,2,5,even
3,22.424242424242426,0.0551754979855362,0.0629721741384097,0.2994639158972313,0.3592648034526399,0.2930753337422845,0.2049191096500685,0.215878411007178,0.0,0.2348295909907931,0.1596140731645097,10_sp_aij_42,36656,0.1,10,20259,2,5,even
4,30.0,0.0502734405652136,0.0622947107521284,0.2145823785317585,0.4205662171299262,0.3244073214457882,0.2405833719981429,0.1862050984597442,0.0,0.1968364342701195,0.2151673576689323,10_sp_aij_42,36656,0.1,10,20259,2,5,even
5,0.0,0.02,0.02,0.02,0.02,0.04,0.09,0.05,0.04,0.02,0.04,10_sp_aij_42,2369231,0.1,10,20259,2,5,even
6,7.272727272727273,0.0814625543068015,0.1509039066346182,0.1491389306144102,0.2559936407597482,0.3108945822765154,0.1747902939020999,0.1530400709954406,0.1046819276546663,0.1800010588620667,0.2204769547393749,10_sp_aij_42,2369231,0.1,10,20259,2,5,even
7,14.84848484848485,0.0804590528444712,0.0654541028622657,0.2455230622095695,0.3789354192340241,0.3138056732619982,0.2602914442083066,0.2351379102079345,0.0243293914850861,0.227184563988522,0.2749957930622419,10_sp_aij_42,2369231,0.1,10,20259,2,5,even
8,22.424242424242426,0.074690166231724,0.1065635223546995,0.2242837386785934,0.3928674705236626,0.3837545104741847,0.1755811936028088,0.2009965322479482,0.0080316724846667,0.1822174145787974,0.1874091531405511,10_sp_aij_42,2369231,0.1,10,20259,2,5,even
9,30.0,0.1482185672531216,0.063464692878188,0.1546612110744835,0.2739951168491473,0.2681713248674673,0.1720120981183237,0.1453688880898085,0.0058718361849475,0.1622018462960915,0.2657188371912915,10_sp_aij_42,2369231,0.1,10,20259,2,5,even
