,time,species_0,species_1,species_2,species_3,species_4,species_5,species_6,species_7,species_8,species_9,ground_truth,timeseries_id,noise,n_species,did,n_timeseries,n_timepoints,sampling_scheme
0,0.0,0.04,0.05,0.01,0.02,0.02,0.07,0.01,0.09,0.07,0.03,10_sp_aij_23,36656,0.01,10,8640,1,5,even
1,7.272727272727273,0.273488425443156,0.3009893392103269,0.2974308370108839,0.0996560715467148,0.0452146077781501,0.0494148071285788,0.0237771963936637,0.0639605641530793,0.2101219121254695,0.2782546591427987,10_sp_aij_23,36656,0.01,10,8640,1,5,even
2,14.84848484848485,0.2670865499127637,0.2729197978676004,0.2888415543023297,0.12468483448235,0.0488028068332542,0.0707414343867223,0.0441612924439141,0.0283066256090105,0.2664035515299436,0.245785805038966,10_sp_aij_23,36656,0.01,10,8640,1,5,even
3,22.424242424242426,0.2983911643755848,0.2824013863025221,0.2887689107136928,0.1331804414848027,0.0365283677556331,0.0767231372896965,0.0627459803784289,0.0269424483699313,0.2615585029222694,0.2507101263648395,10_sp_aij_23,36656,0.01,10,8640,1,5,even
4,30.0,0.305880351899174,0.2856722655848397,0.2866001447582051,0.1379214128078749,0.0300894697149055,0.0746620453157406,0.0693108596532665,0.0298244279627094,0.2541775969066331,0.2565861851879868,10_sp_aij_23,36656,0.01,10,8640,1,5,even
