,time,species_0,species_1,species_2,species_3,species_4,species_5,species_6,species_7,species_8,species_9,ground_truth,timeseries_id,noise,n_species,did,n_timeseries,n_timepoints,sampling_scheme
0,6.0606060606060606,0.2770788116001296,0.3086082705190174,0.274856245208821,0.0882702922450354,0.0426772895528521,0.0586258418700196,0.0212389524487818,0.0792204181434068,0.1821247034129515,0.2870827633318295,10_sp_aij_23,36656,0.01,10,8643,1,5,seq
1,7.272727272727273,0.273488425443156,0.3009893392103269,0.2974308370108839,0.0996560715467148,0.0452146077781501,0.0494148071285788,0.0237771963936637,0.0639605641530793,0.2101219121254695,0.2782546591427987,10_sp_aij_23,36656,0.01,10,8643,1,5,seq
2,8.484848484848484,0.2629992935467756,0.2959786595637784,0.2978377716251755,0.1068565084566522,0.0485578580342786,0.0469151244244396,0.0262125769251854,0.0527422269048153,0.2349939858048035,0.2709049625798581,10_sp_aij_23,36656,0.01,10,8643,1,5,seq
3,10.0,0.2506986623916952,0.2884448652681313,0.2943062586732761,0.1133342176602033,0.0518925686007732,0.0487350109229383,0.0296311298110703,0.0433685662787122,0.2504289523378014,0.2481012201845514,10_sp_aij_23,36656,0.01,10,8643,1,5,seq
4,11.212121212121213,0.2493312300690509,0.2798397637305407,0.2969572031038114,0.1119955475719707,0.0521953761069315,0.0529829573088847,0.0329572925387615,0.0377273625005976,0.2528228879475053,0.2513178988457661,10_sp_aij_23,36656,0.01,10,8643,1,5,seq
