,time,species_0,species_1,species_2,species_3,species_4,species_5,species_6,species_7,species_8,species_9,ground_truth,timeseries_id,noise,n_species,did,n_timeseries,n_timepoints,sampling_scheme
0,0.0,0.04,0.05,0.01,0.02,0.02,0.07,0.01,0.09,0.07,0.03,10_sp_aij_16,36656,0.1,10,4590,1,5,even
1,7.272727272727273,0.2811734542301703,0.0411408167864368,0.0321284303418863,0.0657417360181195,0.0453169058639503,0.108546242168091,0.3927297204228936,0.0689157819360402,0.1749797196336257,0.1995550984912359,10_sp_aij_16,36656,0.1,10,4590,1,5,even
2,14.84848484848485,0.2750800234519886,0.006763881714848,0.0570656895555551,0.0872972549411778,0.0683808284160389,0.1004254300598726,0.448244874021937,0.0823251873722835,0.3132245379611692,0.2083560116755102,10_sp_aij_16,36656,0.1,10,4590,1,5,even
3,22.424242424242426,0.3230438967585281,0.0,0.0953223188120529,0.1496907003117597,0.1089023871429302,0.097785110888111,0.4459797855542673,0.1038324540734731,0.3475217220629749,0.1854410217169936,10_sp_aij_16,36656,0.1,10,4590,1,5,even
4,30.0,0.3294599016710279,0.0,0.0486128928477228,0.1970351545195328,0.1063287142370396,0.1160437311456992,0.4361456787570766,0.1069462664794893,0.3498513146270905,0.2218570269745299,10_sp_aij_16,36656,0.1,10,4590,1,5,even
