,time,species_0,species_1,species_2,species_3,species_4,species_5,species_6,species_7,species_8,species_9,ground_truth,timeseries_id,noise,n_species,did,n_timeseries,n_timepoints,sampling_scheme
0,13.636363636363637,0.2089395708930357,0.2518107640751225,0.2540668411106185,0.2350712938672323,0.0693056256117999,0.1403498045950627,0.0523259606610533,0.4795874201831731,0.2421613205748853,0.2207106030269003,10_sp_aij_32,36656,0.01,10,14046,1,5,random
1,18.484848484848484,0.2194428772058689,0.2678322045491816,0.2468277338018281,0.243128162072778,0.0705253789259956,0.136627883441003,0.0583252045542758,0.4884139987242655,0.2464322938420505,0.2188736067142837,10_sp_aij_32,36656,0.01,10,14046,1,5,random
2,22.424242424242426,0.2185564666311959,0.258864845545084,0.2560483279290261,0.2405219584958962,0.0691542220252723,0.1329194654996897,0.0616880461796888,0.4862120403221628,0.2432321297593106,0.2169509997080482,10_sp_aij_32,36656,0.01,10,14046,1,5,random
3,26.060606060606062,0.2219808054477678,0.2570585091075152,0.2458006909738914,0.2414800541480901,0.0739814224108232,0.1342566636369341,0.061261693516991,0.484424510910737,0.2450226174314669,0.226874727513957,10_sp_aij_32,36656,0.01,10,14046,1,5,random
4,30.0,0.2159280969727343,0.260222659968756,0.2467722791985495,0.2493114225490955,0.0719696243225323,0.1346911411806558,0.0597011819207155,0.4836378367916345,0.2444621003476961,0.218196866036648,10_sp_aij_32,36656,0.01,10,14046,1,5,random
