,time,species_0,species_1,species_2,species_3,species_4,species_5,species_6,species_7,species_8,species_9,ground_truth,timeseries_id,noise,n_species,did,n_timeseries,n_timepoints,sampling_scheme
0,6.0606060606060606,0.7268576868114116,0.6646566196197782,0.0112987915343691,1.0327327092405612,0.2258418445006489,0.2727971745359069,0.332344136525432,0.0771263016373131,0.0123817434342751,0.3453299392187576,10_sp_aij_3,36656,0.1,10,12693,1,5,seq
1,7.272727272727273,0.7208873366840766,0.6990572939196203,0.0172052518664011,1.3265719691533058,0.1418391347881593,0.3688057969229388,0.5286995647388719,0.0488567693496085,0.0126653119830404,0.5303870206886327,10_sp_aij_3,36656,0.1,10,12693,1,5,seq
2,8.484848484848484,0.6778999385306976,0.7887166185253107,0.021742648114595,1.3762712994592947,0.1461327334114386,0.4173116568529058,0.5244815496808946,0.0463154531037547,0.0173601385789378,0.6256846457824458,10_sp_aij_3,36656,0.1,10,12693,1,5,seq
3,10.0,0.5824111751963493,0.8155114581792088,0.0217931881578464,1.2813390234652324,0.1894468336224007,0.3445025688153676,0.4514430682306122,0.0544742911522691,0.0251006514369966,0.3492242914755965,10_sp_aij_3,36656,0.1,10,12693,1,5,seq
4,11.212121212121213,0.5419581569609387,0.628036388721044,0.0258679186326985,1.120256715130403,0.1598679080929035,0.3824705194001587,0.4671137604631487,0.0503807518935917,0.0212240913397203,0.4881697731403174,10_sp_aij_3,36656,0.1,10,12693,1,5,seq
