,time,species_0,species_1,species_2,species_3,species_4,species_5,species_6,species_7,species_8,species_9,ground_truth,timeseries_id,noise,n_species,did,n_timeseries,n_timepoints,sampling_scheme
0,6.0606060606060606,0.0657256349638293,0.181076172683397,0.0779935499047299,0.266036604860392,0.1604920550819306,0.185933310650171,0.1391813347028004,0.1378843313462459,0.196823405764511,0.3743611410626455,10_sp_aij_42,36656,0.1,10,20253,1,5,seq
1,7.272727272727273,0.067346027088367,0.1172648159413562,0.129340945186363,0.2932491734490939,0.1935160659286771,0.197461440165729,0.208718379476727,0.0729023223038004,0.1585133261911182,0.2727466565280109,10_sp_aij_42,36656,0.1,10,20253,1,5,seq
2,8.484848484848484,0.0561775699331855,0.1073689770733911,0.1650202658680945,0.2694755153084416,0.2917680388569355,0.2088723857591445,0.2029681643441207,0.0502322059030358,0.1671151798267513,0.2619885933731521,10_sp_aij_42,36656,0.1,10,20253,1,5,seq
3,10.0,0.0327885620132768,0.1103403970131036,0.1883027100509729,0.3019635022519187,0.3599330872057681,0.1675686656311175,0.1795175917930785,0.0399418551231355,0.179955252818262,0.1340768910973839,10_sp_aij_42,36656,0.1,10,20253,1,5,seq
4,11.212121212121213,0.0274591876030035,0.0986244587129699,0.2325380754933461,0.1885861963820292,0.2808045754769564,0.1795224312039213,0.1623825013508122,0.031057278567106,0.1582043795656511,0.1626797118435877,10_sp_aij_42,36656,0.1,10,20253,1,5,seq
