,time,species_0,species_1,species_2,species_3,species_4,species_5,species_6,species_7,species_8,species_9,ground_truth,timeseries_id,noise,n_species,did,n_timeseries,n_timepoints,sampling_scheme
0,0.0,0.04,0.05,0.01,0.02,0.02,0.07,0.01,0.09,0.07,0.03,10_sp_aij_9,36656,0.1,10,26737,1,10,random
1,7.272727272727273,0.0207614263036945,0.0832673698000992,0.1149112273476122,0.0271941398081574,0.0070329554146648,0.0582189718967038,0.0465124624841729,0.0591969590512695,0.0307383558642103,0.0668587200190979,10_sp_aij_9,36656,0.1,10,26737,1,10,random
2,10.0,0.0057360810505133,0.0744684062016168,0.1214019509752926,0.0217479019741136,0.0114186023064641,0.0415387159794628,0.0543409220875225,0.0848529043877792,0.0249702124890912,0.0393522099558008,10_sp_aij_9,36656,0.1,10,26737,1,10,random
3,13.636363636363637,0.0,0.0408495787956689,0.1811120560007114,0.0138041401086174,0.0179455257909944,0.0564218311472926,0.1051845140660199,0.1051430012121833,0.0240249530918723,0.0655497196351112,10_sp_aij_9,36656,0.1,10,26737,1,10,random
4,14.84848484848485,0.0,0.0367424227011634,0.1320204580990606,0.0147209506534485,0.0156459271998,0.0423221184203843,0.1100533028932253,0.1026296078172178,0.0311224247012541,0.0666826093476777,10_sp_aij_9,36656,0.1,10,26737,1,10,random
5,17.272727272727273,0.0,0.0248125329217648,0.1005722843850249,0.0131661455385416,0.0139558297474821,0.0466472955295712,0.1043147530223473,0.1026631890128261,0.0434989313885823,0.1233036303233427,10_sp_aij_9,36656,0.1,10,26737,1,10,random
6,20.0,0.0,0.0261733125362148,0.074101145460086,0.011594906798183,0.0110757416260207,0.0596415747468258,0.144610248288138,0.110055907296902,0.0412465285057929,0.0922735742413755,10_sp_aij_9,36656,0.1,10,26737,1,10,random
7,23.63636363636364,0.0,0.0315476563230344,0.0992467585081523,0.0129766646312524,0.0105801954736546,0.0382199470327539,0.125385904413574,0.1066665101113989,0.0419252434604756,0.1243557935719497,10_sp_aij_9,36656,0.1,10,26737,1,10,random
8,26.060606060606062,0.0,0.0206030889742709,0.0756323378054071,0.0110552489241292,0.0161962372004527,0.0509344395114325,0.1052666386807815,0.0841037348441085,0.0474105655976628,0.1632188416568187,10_sp_aij_9,36656,0.1,10,26737,1,10,random
9,28.484848484848484,0.0,0.0165344985574514,0.0621207716492282,0.0137094217062352,0.0158861369518747,0.0840671671950238,0.1285385948181908,0.0712047933417875,0.0357406815056714,0.144243880326885,10_sp_aij_9,36656,0.1,10,26737,1,10,random
