,time,species_0,species_1,species_2,species_3,species_4,species_5,species_6,species_7,species_8,species_9,ground_truth,timeseries_id,noise,n_species,did,n_timeseries,n_timepoints,sampling_scheme
0,0.0,0.04,0.05,0.01,0.02,0.02,0.07,0.01,0.09,0.07,0.03,10_sp_aij_34,36656,0.1,10,15397,1,10,random
1,7.272727272727273,0.2992669265099326,0.313433534797053,0.0706012620845928,0.5374365414085898,0.0100674007003219,0.2810006317940111,0.0112185384952735,0.0046712060344679,0.0822546906327549,0.3724991775041781,10_sp_aij_34,36656,0.1,10,15397,1,10,random
2,10.0,0.2504971801154459,0.3811278113786425,0.1525011290503049,0.5699433546703552,0.0173318294316831,0.2106380567656692,0.0174433685023717,0.0028490125166657,0.0891373027654212,0.2727637326604036,10_sp_aij_34,36656,0.1,10,15397,1,10,random
3,13.636363636363637,0.3194702458265016,0.3116689494623512,0.2911210090829876,0.4911544547062111,0.0223202997334907,0.2853062395487319,0.0719232403157003,0.0,0.1135221039130467,0.5326369653009084,10_sp_aij_34,36656,0.1,10,15397,1,10,random
4,14.84848484848485,0.3728616865322697,0.348243238299433,0.2468149532256378,0.599510601294746,0.0221136985323745,0.2032354325304825,0.0915698314338378,0.0,0.1226627285364729,0.5312584513797056,10_sp_aij_34,36656,0.1,10,15397,1,10,random
5,17.272727272727273,0.4946723632704721,0.4709187120264972,0.2438181037839368,0.7015158164197504,0.0306726557045835,0.1956963183387816,0.1177838412647924,0.0,0.1238795601575591,0.7158084770471935,10_sp_aij_34,36656,0.1,10,15397,1,10,random
6,20.0,0.4925869860180981,0.4054980296385109,0.2432540315112006,0.6824551429952955,0.0602075221479428,0.1912978492563885,0.1453299979331143,0.0,0.0926085794430653,0.6727999377554101,10_sp_aij_34,36656,0.1,10,15397,1,10,random
7,23.63636363636364,0.524569862214871,0.6054051681214491,0.3274333840006782,0.8985317513451851,0.100236752121556,0.1096959745290242,0.1784438154678365,0.0,0.088551722305768,0.7154608568869797,10_sp_aij_34,36656,0.1,10,15397,1,10,random
8,26.060606060606062,0.5462295462162846,0.4817733782715838,0.238608856960299,0.8790584131683564,0.1869813570190941,0.1160098038329182,0.1591255243356474,0.0,0.0966843877317319,0.9398692637842356,10_sp_aij_34,36656,0.1,10,15397,1,10,random
9,28.484848484848484,0.5029686447813189,0.4754960418861849,0.2614798083545206,0.9932814244073942,0.1433826345720257,0.1488036269830299,0.18309049262202,0.0,0.083160628001244,0.807444513272629,10_sp_aij_34,36656,0.1,10,15397,1,10,random
