,time,species_0,species_1,species_2,species_3,species_4,species_5,species_6,species_7,species_8,species_9,ground_truth,timeseries_id,noise,n_species,did,n_timeseries,n_timepoints,sampling_scheme
0,13.636363636363637,0.0392060486911374,0.1174587673570296,0.016959562345116,0.0292405944969101,0.1443456073277176,0.084294733204887,0.2658615802890895,0.2553089691260043,0.0370751738491764,0.0554055292713768,10_sp_aij_17,36656,0.01,10,4866,1,5,random
1,18.484848484848484,0.0421948004065001,0.1142730059155726,0.0216565033239489,0.0198055750690424,0.1451656881866996,0.0887770246466794,0.2629443196692368,0.2571218961436012,0.0254708791648735,0.0584756962336696,10_sp_aij_17,36656,0.01,10,4866,1,5,random
2,22.424242424242426,0.0439921945236597,0.1103491817203915,0.0284124916796069,0.0165444473170454,0.1432005971997884,0.0891542854982162,0.2599165414209327,0.2487318533516694,0.0202554015971418,0.058734440503419,10_sp_aij_17,36656,0.01,10,4866,1,5,random
3,26.060606060606062,0.045174058366368,0.1107594383753932,0.0346148161323356,0.0155627205929781,0.1496680402616312,0.092419361619466,0.2570343716553482,0.2404964144610833,0.0182227650703504,0.0671370575882891,10_sp_aij_17,36656,0.01,10,4866,1,5,random
4,30.0,0.0454821900915367,0.1129200163214193,0.0405403340112504,0.0172580641597814,0.1391661429323381,0.0972240145809462,0.2512981732076174,0.2350871185552088,0.0170747067954153,0.0722562654722134,10_sp_aij_17,36656,0.01,10,4866,1,5,random
