,time,species_0,species_1,species_2,species_3,species_4,species_5,species_6,species_7,species_8,species_9,ground_truth,timeseries_id,noise,n_species,did,n_timeseries,n_timepoints,sampling_scheme
0,13.636363636363637,0.216371941388981,0.2305509549229478,0.1194533806108413,0.1885394740938737,0.145930714376876,0.0291234163042781,0.0535092137532172,0.052726783141132,0.1107986672389569,0.0243139170655819,10_sp_aij_1,36656,0.01,10,546,1,5,random
1,18.484848484848484,0.2384429342441209,0.2417878861144497,0.1157261763241414,0.2046415697132855,0.1466045772063708,0.0367715769562135,0.0757006090179088,0.0512709286804725,0.0994607478330589,0.0296957844412727,10_sp_aij_1,36656,0.01,10,546,1,5,random
2,22.424242424242426,0.2485667041863552,0.2387035013355495,0.1203575942172432,0.2121120271537788,0.1545056503684834,0.0482493772224495,0.0810812654395164,0.0495296862175498,0.096323655564473,0.0305102783287814,10_sp_aij_1,36656,0.01,10,546,1,5,random
3,26.060606060606062,0.2563437205236695,0.2385851745122718,0.1173531908047452,0.2138476276914328,0.1662889418729423,0.0573809078565459,0.0806809247959006,0.04766780372983,0.0989381414642038,0.0345626162443046,10_sp_aij_1,36656,0.01,10,546,1,5,random
4,30.0,0.2547016970376164,0.242056951859805,0.1176935647868398,0.2174147505002293,0.1605049950914656,0.0669980743319835,0.0757144786586303,0.0472819302571303,0.1003856016710112,0.0375449630042144,10_sp_aij_1,36656,0.01,10,546,1,5,random
