,time,species_0,species_1,species_2,species_3,species_4,species_5,species_6,species_7,species_8,species_9,ground_truth,timeseries_id,noise,n_species,did,n_timeseries,n_timepoints,sampling_scheme
0,0.0,0.04,0.05,0.01,0.02,0.02,0.07,0.01,0.09,0.07,0.03,10_sp_aij_24,36656,0.1,10,9450,1,5,even
1,7.272727272727273,0.1362903286255754,0.166637985148911,0.1377025299614171,0.0541018747035421,0.076415201486613,0.2486281344898505,0.1250857123482606,0.1225100534212892,0.1186372391358083,0.0411062233976221,10_sp_aij_24,36656,0.1,10,9450,1,5,even
2,14.84848484848485,0.0145303242621883,0.2320086323321885,0.1315787718778816,0.0682812437267094,0.1374171473727745,0.215189305419741,0.1339721912717231,0.1915042172155138,0.091841485921891,0.0282847096580555,10_sp_aij_24,36656,0.1,10,9450,1,5,even
3,22.424242424242426,0.0128987500107269,0.2305438860338344,0.1405600779392139,0.086813860620409,0.1382368464494207,0.216657936270378,0.1211725944315296,0.1834971506789063,0.0977155929153782,0.014998501461666,10_sp_aij_24,36656,0.1,10,9450,1,5,even
4,30.0,0.0088143458712732,0.243274010543217,0.0907081082676873,0.0991334328884609,0.1253535241032715,0.2802009195457837,0.0946028763371648,0.1700199729893173,0.0731747516739867,0.0284881783498921,10_sp_aij_24,36656,0.1,10,9450,1,5,even
