,time,species_0,species_1,species_2,species_3,species_4,species_5,species_6,species_7,species_8,species_9,ground_truth,timeseries_id,noise,n_species,did,n_timeseries,n_timepoints,sampling_scheme
0,0.0,0.04,0.05,0.01,0.02,0.02,0.07,0.01,0.09,0.07,0.03,10_sp_aij_40,36656,0.1,10,19179,2,5,even
1,7.272727272727273,0.1340982527215939,0.0582973686814318,0.1264123864251282,0.2050440859372101,0.0528812859674918,0.1050819992833423,0.0310343707032458,0.1869802617257734,0.0982289536614979,0.0673172494204179,10_sp_aij_40,36656,0.1,10,19179,2,5,even
2,14.84848484848485,0.13147997341609,0.0712416959928595,0.1694355717634627,0.2252268263985712,0.0341411096129032,0.1686097118935136,0.0527827623956738,0.2396072126816396,0.058076093524979,0.0346761671064255,10_sp_aij_40,36656,0.1,10,19179,2,5,even
3,22.424242424242426,0.197513129570478,0.0727936794004295,0.2074473081522034,0.2517073786885868,0.01302774287052,0.145994849420312,0.0302851067447764,0.2233254718928919,0.1021729060788495,0.013453387555846,10_sp_aij_40,36656,0.1,10,19179,2,5,even
4,30.0,0.15882489256007,0.0664551224479138,0.1692884788762879,0.282426895637179,0.0106858689277385,0.1737555068069897,0.0240681493766739,0.2197710294056863,0.1036397555219715,0.0301807197581823,10_sp_aij_40,36656,0.1,10,19179,2,5,even
5,0.0,0.02,0.02,0.02,0.02,0.04,0.09,0.05,0.04,0.02,0.04,10_sp_aij_40,2369231,0.1,10,19179,2,5,even
6,7.272727272727273,0.1334942226639522,0.0966690230189136,0.1078052683347345,0.185437940518752,0.0830205314869998,0.1380528521409392,0.0425526108419363,0.3587593666374022,0.0680020363030513,0.0566128665726547,10_sp_aij_40,2369231,0.1,10,19179,2,5,even
7,14.84848484848485,0.2463379732438375,0.0702368436713464,0.183958222981295,0.2938526373430653,0.0058424970223171,0.1710927509920279,0.0116081837356226,0.3546182980607073,0.0793195075900552,0.0112073748688473,10_sp_aij_40,2369231,0.1,10,19179,2,5,even
8,22.424242424242426,0.1778499870237036,0.0779838817940283,0.224020052525303,0.2918012605609315,0.0040076417537751,0.126990945829229,0.0127075574627435,0.2315456281862534,0.1107800516806515,0.013070797791109,10_sp_aij_40,2369231,0.1,10,19179,2,5,even
9,30.0,0.2668644722085527,0.0331175888165868,0.1518286794011649,0.2109167573962391,0.0136357575586347,0.0981201552472402,0.0166697799431849,0.1719365757209802,0.1216609170913842,0.0292343101608227,10_sp_aij_40,2369231,0.1,10,19179,2,5,even
