,time,species_0,species_1,species_2,species_3,species_4,species_5,species_6,species_7,species_8,species_9,ground_truth,timeseries_id,noise,n_species,did,n_timeseries,n_timepoints,sampling_scheme
0,13.636363636363637,0.1443772965477356,0.1806259053028313,0.1547941144693735,0.1677959488947644,0.2476690819740793,0.059458728486424,0.4071860600255902,0.008135240710082,0.1814643372256531,0.1272970110408692,10_sp_aij_30,36656,0.1,10,13236,1,5,random
1,18.484848484848484,0.2065381885805503,0.2605328157949826,0.0729886638636471,0.2728908988526698,0.2741681170484309,0.0467641994098744,0.3395263782929821,0.0088344267511034,0.1881373993589769,0.1423297221643207,10_sp_aij_30,36656,0.1,10,13236,1,5,random
2,22.424242424242426,0.1968238801057161,0.1887153747129518,0.1038557132100403,0.2489025386960395,0.2457374446570147,0.0348593031945046,0.2938566968611951,0.006551487480851,0.1867065614412678,0.1044355015120474,10_sp_aij_30,36656,0.1,10,13236,1,5,random
3,26.060606060606062,0.2331988667424317,0.1824747119339622,0.0863982219931549,0.2670908457832274,0.3535306513394797,0.0291838576550973,0.2835258796830964,0.0035422487344141,0.2052096307699271,0.1922459833921997,10_sp_aij_30,36656,0.1,10,13236,1,5,random
4,30.0,0.1570944831872805,0.2091860881435001,0.0764930749537372,0.3302764663051792,0.2101910570941312,0.0334666537370516,0.2596402669966728,0.0,0.1552712955889011,0.1566992714744209,10_sp_aij_30,36656,0.1,10,13236,1,5,random
