,time,species_0,species_1,species_2,species_3,species_4,species_5,species_6,species_7,species_8,species_9,ground_truth,timeseries_id,noise,n_species,did,n_timeseries,n_timepoints,sampling_scheme
0,0.0,0.04,0.05,0.01,0.02,0.02,0.07,0.01,0.09,0.07,0.03,10_sp_aij_44,36656,0.1,10,21331,1,10,even
1,3.333333333333333,0.2794133505592842,0.0478816181938404,0.04153305017115,0.0312532757145913,0.1334391976874818,0.116734837892312,0.0428463818466843,0.0783852022930848,0.0897163693756709,0.077725670781366,10_sp_aij_44,36656,0.1,10,21331,1,10,even
2,6.666666666666667,0.2690469398197539,0.0432544747595513,0.0810151253822163,0.0397423283039126,0.2664711811712496,0.1746173054733678,0.0908393630620572,0.1264355742948394,0.0401352864148505,0.2580995493299431,10_sp_aij_44,36656,0.1,10,21331,1,10,even
3,10.0,0.0975447787028818,0.0195395506137749,0.0851242400789512,0.0604765849611974,0.3073042813170785,0.1459462966017661,0.0929280566865799,0.1833156210452969,0.0199026699897507,0.1641498781217883,10_sp_aij_44,36656,0.1,10,21331,1,10,even
4,13.333333333333334,0.0757020339697152,0.0071106519810299,0.1316568710270078,0.0708401498384462,0.2297651505787041,0.2021223051523724,0.1232711587612461,0.2509623902237198,0.0155482219311589,0.2984814062608036,10_sp_aij_44,36656,0.1,10,21331,1,10,even
5,16.666666666666668,0.1541127404688893,0.0026788474468619,0.0678182588973376,0.0890316871026302,0.2755191153287338,0.1265083900463897,0.0963546946381829,0.2166229759985755,0.0398868623897437,0.3268206523552069,10_sp_aij_44,36656,0.1,10,21331,1,10,even
6,20.0,0.1680560492780164,0.0037013379535733,0.0705077532326115,0.1006072685195423,0.2479265849759305,0.1630800368326778,0.1673107395851894,0.1730388822426267,0.0428476558615458,0.2259467798246496,10_sp_aij_44,36656,0.1,10,21331,1,10,even
7,23.333333333333336,0.1270381312917976,0.0,0.1016010575844336,0.0942680158395658,0.2962315358226245,0.1475024359096433,0.1192770674229478,0.1756557017999678,0.0358547102309421,0.3204961568435708,10_sp_aij_44,36656,0.1,10,21331,1,10,even
8,26.666666666666668,0.1690671928097313,0.0,0.0544074873890379,0.110994766105496,0.4055590688542225,0.1845332050236812,0.0903345179824678,0.1891831237687886,0.0348556134575251,0.3468586525076745,10_sp_aij_44,36656,0.1,10,21331,1,10,even
9,30.0,0.1282202452172787,0.0,0.0523890941567281,0.1536751682470687,0.2296964431909753,0.1644058294225315,0.082923934088595,0.207842735604894,0.034737414833884,0.2619677853655311,10_sp_aij_44,36656,0.1,10,21331,1,10,even
