,time,species_0,species_1,species_2,species_3,species_4,species_5,species_6,species_7,species_8,species_9,ground_truth,timeseries_id,noise,n_species,did,n_timeseries,n_timepoints,sampling_scheme
0,6.0606060606060606,0.0160658128368808,0.0386349330662267,0.1540857857813149,0.2791498659370554,0.3629831122665555,0.091365570259251,0.0574720528106568,0.0531687312145949,0.2455105507984127,0.3737010211229649,10_sp_aij_11,36656,0.01,10,1623,1,5,seq
1,7.272727272727273,0.0139287677020322,0.0458235139941805,0.1670538187643865,0.3193192640441195,0.4367864198812615,0.083322998493271,0.0754888661431707,0.0479498160179747,0.2367856558411647,0.4392417779591294,10_sp_aij_11,36656,0.01,10,1623,1,5,seq
2,8.484848484848484,0.0122006764895401,0.0562121437698786,0.1662412912645595,0.3400361015085136,0.484756781510608,0.076126785109767,0.091043767383482,0.0474330967278355,0.2322322997608693,0.4848318771083613,10_sp_aij_11,36656,0.01,10,1623,1,5,seq
3,10.0,0.0102268302927226,0.0693954725021538,0.1616844375208932,0.3585337529451803,0.5041072501436268,0.0681072883422516,0.1053504516932507,0.0512679779427138,0.2269859056681549,0.4888834833489553,10_sp_aij_11,36656,0.01,10,1623,1,5,seq
4,11.212121212121213,0.0092472668416471,0.0763276771279229,0.1624017497209574,0.3510078785580243,0.4919564667562837,0.0643796307514684,0.1136204865185172,0.055278113580772,0.2209120075795864,0.5072869675160526,10_sp_aij_11,36656,0.01,10,1623,1,5,seq
