,time,species_0,species_1,species_2,species_3,species_4,species_5,species_6,species_7,species_8,species_9,ground_truth,timeseries_id,noise,n_species,did,n_timeseries,n_timepoints,sampling_scheme
0,0.0,0.04,0.05,0.01,0.02,0.02,0.07,0.01,0.09,0.07,0.03,10_sp_aij_25,36656,0.01,10,9729,2,5,even
1,7.272727272727273,0.1970365506441063,0.3108330144222739,0.0449199252050997,0.0932007110994084,0.048098096740363,0.0112766155518779,0.2970798033403259,0.0946297043063438,0.2282203509023359,0.2232351618169838,10_sp_aij_25,36656,0.01,10,9729,2,5,even
2,14.84848484848485,0.1473532367587195,0.3730177527740393,0.0829826628834178,0.1785889920216031,0.0437310405737362,0.0055257326733307,0.3133471645356379,0.0672491492304838,0.3128612708582162,0.2983152935748199,10_sp_aij_25,36656,0.01,10,9729,2,5,even
3,22.424242424242426,0.1359008666698203,0.3823452725834445,0.0920850946856582,0.1950479862091163,0.0335011924645847,0.0042339551288429,0.3148958631938608,0.0557411934108109,0.3185192653513293,0.3043238103739518,10_sp_aij_25,36656,0.01,10,9729,2,5,even
4,30.0,0.1284545413247718,0.3805310592674181,0.0878455538506638,0.2017896575739117,0.0297223218358042,0.0039493483117608,0.3062313579371816,0.0510377353974639,0.3192507711631372,0.3077923486480782,10_sp_aij_25,36656,0.01,10,9729,2,5,even
5,0.0,0.02,0.02,0.02,0.02,0.04,0.09,0.05,0.04,0.02,0.04,10_sp_aij_25,2369231,0.01,10,9729,2,5,even
6,7.272727272727273,0.2018986719156264,0.3398742355591848,0.0833123504865513,0.1143579380826035,0.0642428671522094,0.0210587388029077,0.3118253206380929,0.1055339815134144,0.2583370359548654,0.233676631714067,10_sp_aij_25,2369231,0.01,10,9729,2,5,even
7,14.84848484848485,0.1460050907742591,0.3750202368999292,0.0923530760600111,0.1931027809825406,0.0389833148159071,0.0097077977864799,0.3190425225913164,0.0657571489427824,0.3211670231994299,0.3089528661875249,10_sp_aij_25,2369231,0.01,10,9729,2,5,even
8,22.424242424242426,0.1329268817170097,0.3882310950739563,0.0924483646637388,0.2031385756660215,0.0320943934044812,0.0073079479492348,0.3177991057900061,0.0553831184366439,0.3186199399167365,0.3061140239505703,10_sp_aij_25,2369231,0.01,10,9729,2,5,even
9,30.0,0.1370923102041038,0.3700163277849118,0.0871367100048153,0.1978794006420634,0.028919240387874,0.005769407137541,0.3143661584886423,0.0514632265774399,0.3125630300442361,0.3154784025744006,10_sp_aij_25,2369231,0.01,10,9729,2,5,even
