,time,species_0,species_1,species_2,species_3,species_4,species_5,species_6,species_7,species_8,species_9,ground_truth,timeseries_id,noise,n_species,did,n_timeseries,n_timepoints,sampling_scheme
0,0.0,0.04,0.05,0.01,0.02,0.02,0.07,0.01,0.09,0.07,0.03,10_sp_aij_0,36656,0.1,10,279,2,5,even
1,7.272727272727273,0.2082821499429473,0.0629718773030052,0.1423011932735608,0.2083224138017739,0.0154241375854985,0.0916728492003036,0.1532426375217734,0.0397956023677922,0.1613003191837745,0.1622715151233849,10_sp_aij_0,36656,0.1,10,279,2,5,even
2,14.84848484848485,0.2229117585159004,0.0454839779482315,0.2682414474268154,0.1377508693942051,0.0599931207466807,0.1499622940295622,0.2109701749032048,0.0199532377801618,0.2251145577950799,0.229936567775842,10_sp_aij_0,36656,0.1,10,279,2,5,even
3,22.424242424242426,0.2264838363464184,0.0558049367345056,0.2379126491394691,0.1890663621667054,0.0539541713466799,0.1447589916961302,0.1874400201789017,0.030799841455464,0.1477311843070918,0.2081210468845519,10_sp_aij_0,36656,0.1,10,279,2,5,even
4,30.0,0.226980552525901,0.1026520293735304,0.1993794208455181,0.2365791380693469,0.0720455738065997,0.2073057084145486,0.1882990406797316,0.0377141007596396,0.1024411331518633,0.2382043498853728,10_sp_aij_0,36656,0.1,10,279,2,5,even
5,0.0,0.02,0.02,0.02,0.02,0.04,0.09,0.05,0.04,0.02,0.04,10_sp_aij_0,2369231,0.1,10,279,2,5,even
6,7.272727272727273,0.2231189582090315,0.0780261012616667,0.1505951949283313,0.1496173606175894,0.0720316488684788,0.0974613771446388,0.1191359251664318,0.0798283720139984,0.1544601963444898,0.1057617201902293,10_sp_aij_0,2369231,0.1,10,279,2,5,even
7,14.84848484848485,0.2524184977070562,0.0680176341105146,0.2040028286184513,0.2269802870018276,0.0445934484440055,0.1716203764520848,0.2249663403454252,0.0638763744535209,0.1581764690113536,0.2767514045514375,10_sp_aij_0,2369231,0.1,10,279,2,5,even
8,22.424242424242426,0.1820229876472885,0.1132759291100848,0.2119284969519694,0.280230510644426,0.0749517748980082,0.1092068051426488,0.231719842960162,0.0766582376446519,0.1226622078035489,0.185264393618005,10_sp_aij_0,2369231,0.1,10,279,2,5,even
9,30.0,0.279846911956462,0.0462510392436759,0.1384208778503228,0.2392404817391853,0.0989350139092967,0.1114616168572949,0.186860823048871,0.0653447672841138,0.0966762223668049,0.2942524851027454,10_sp_aij_0,2369231,0.1,10,279,2,5,even
