,time,species_0,species_1,species_2,species_3,species_4,species_5,species_6,species_7,species_8,species_9,ground_truth,timeseries_id,noise,n_species,did,n_timeseries,n_timepoints,sampling_scheme
0,13.636363636363637,0.6775293954689279,0.7753485708942617,0.0492028215500497,1.1449068842088534,0.1866307195481886,0.5105649149405619,0.6239053272429137,0.0463154993899967,0.0358408482720845,0.6103062191966722,10_sp_aij_3,36656,0.1,10,12696,1,5,random
1,18.484848484848484,0.7803939636315924,1.0449530910770024,0.0336610626452294,1.494934693043395,0.1878090984858041,0.487713767453647,0.5871578957668019,0.0508636501841986,0.1040258522149215,0.6115018482433836,10_sp_aij_3,36656,0.1,10,12696,1,5,random
2,22.424242424242426,0.6349330032250564,0.8115476729740854,0.0537600353883013,1.3606022585486115,0.1756223067467849,0.4209369361520134,0.4950671473106973,0.0454341130317116,0.1350178480080082,0.5224191495949317,10_sp_aij_3,36656,0.1,10,12696,1,5,random
3,26.060606060606062,0.7639800321487477,0.835561196238736,0.0530286299031572,1.6758271360450527,0.3213189084767982,0.4595233046841585,0.553084342785322,0.03325140890391,0.1361078743158088,0.7750878648183636,10_sp_aij_3,36656,0.1,10,12696,1,5,random
4,30.0,0.7416436509442625,0.7353149517952248,0.0468105257466676,1.677165648810784,0.1776293024104722,0.4775920592711697,0.4782173229979184,0.034518134777442,0.1232607260487891,0.5442330713260207,10_sp_aij_3,36656,0.1,10,12696,1,5,random
