,time,species_0,species_1,species_2,species_3,species_4,species_5,species_6,species_7,species_8,species_9,ground_truth,timeseries_id,noise,n_species,did,n_timeseries,n_timepoints,sampling_scheme
0,6.0606060606060606,0.0432086092091573,0.3386304404067424,0.0657346405605292,0.0809491686487169,0.1830158918653798,0.0813287907902108,0.0388894630143946,0.0811457035878409,0.0379731494401361,0.3733205931528636,10_sp_aij_7,36656,0.1,10,25653,1,5,seq
1,7.272727272727273,0.049186136296412,0.2560809681087695,0.0796147800625919,0.0948712564543486,0.1405086183505514,0.0743300172422466,0.0391326466350526,0.0636407500773156,0.0299802957200399,0.2881464173760484,10_sp_aij_7,36656,0.1,10,25653,1,5,seq
2,8.484848484848484,0.0460406883730034,0.2809772110256741,0.0811420957952351,0.0914395646672548,0.1775731592603384,0.0676081285805853,0.0349415847692858,0.0649793444850561,0.0306895830140278,0.3093309500238824,10_sp_aij_7,36656,0.1,10,25653,1,5,seq
3,10.0,0.0282205966025971,0.3202772222783486,0.076262728961828,0.097371374318535,0.2530335124477083,0.0531905548769918,0.0293500541925569,0.0649434657494844,0.0340080546813365,0.1745469021162499,10_sp_aij_7,36656,0.1,10,25653,1,5,seq
4,11.212121212121213,0.0231511730687173,0.2692009787713132,0.0968437450084204,0.0556394905883375,0.2355481047042993,0.0538109845835766,0.0294155909992926,0.0502163340890437,0.0296904108283055,0.2462983987037509,10_sp_aij_7,36656,0.1,10,25653,1,5,seq
