,time,species_0,species_1,species_2,species_3,species_4,species_5,species_6,species_7,species_8,species_9,ground_truth,timeseries_id,noise,n_species,did,n_timeseries,n_timepoints,sampling_scheme
0,0.0,0.04,0.05,0.01,0.02,0.02,0.07,0.01,0.09,0.07,0.03,10_sp_aij_46,36656,0.01,10,22147,1,10,random
1,7.272727272727273,0.1622364869567416,0.160072356293097,0.2644330240156339,0.201011834000769,0.0436264240936581,0.2507456931672608,0.0,0.4523841449603276,0.4648546325066927,0.3073848824456704,10_sp_aij_46,36656,0.01,10,22147,1,10,random
2,10.0,0.2232195547667568,0.1225378442954165,0.3772961921054393,0.2117664066222916,0.0350698732949953,0.2970044725698661,0.0,0.5069320671460367,0.562763513396376,0.3879222902108306,10_sp_aij_46,36656,0.01,10,22147,1,10,random
3,13.636363636363637,0.287961685770178,0.0783733513281057,0.4751558139266966,0.2221251853053078,0.026447067751628,0.3640420534679717,0.0,0.5548912094686899,0.6544604865077269,0.49243653261791,10_sp_aij_46,36656,0.01,10,22147,1,10,random
4,14.84848484848485,0.3046888184456376,0.0686580508920815,0.4845071524664856,0.2262143560139483,0.0233933887594602,0.3672107834870845,0.0,0.5565652081409842,0.6726277654708637,0.5042960562350794,10_sp_aij_46,36656,0.01,10,22147,1,10,random
5,17.272727272727273,0.3323704586339764,0.0525869877158606,0.5098021404492009,0.2300420479578434,0.0192272723607789,0.3928159072406934,0.0,0.5724911173146476,0.7008821826828563,0.539172910674356,10_sp_aij_46,36656,0.01,10,22147,1,10,random
6,20.0,0.3372697840905224,0.0410136194802976,0.5210724823891982,0.2293485891517824,0.0158411157063989,0.4035251097445967,0.0,0.5798439080675007,0.701378773289943,0.5448606774499274,10_sp_aij_46,36656,0.01,10,22147,1,10,random
7,23.63636363636364,0.3514099684003592,0.0312162653440353,0.5456903242109046,0.2366155780188111,0.0126930401029685,0.4016259363233925,0.0,0.598206423065945,0.722688858141406,0.5689368309057692,10_sp_aij_46,36656,0.01,10,22147,1,10,random
8,26.060606060606062,0.3582710080575918,0.0247766707553985,0.5413979976193961,0.2359109012903756,0.0116886310043132,0.4180090929585457,0.0,0.5937821825750103,0.7506355887138907,0.5902156904128648,10_sp_aij_46,36656,0.01,10,22147,1,10,random
9,28.484848484848484,0.3544379725842999,0.0204424921847339,0.5519092937801764,0.2414237021102274,0.0102987034233355,0.4213825712768839,0.0,0.6011952342540084,0.7343997179268923,0.5864732772181389,10_sp_aij_46,36656,0.01,10,22147,1,10,random
