,time,species_0,species_1,species_2,species_3,species_4,species_5,species_6,species_7,species_8,species_9,ground_truth,timeseries_id,noise,n_species,did,n_timeseries,n_timepoints,sampling_scheme
0,6.0606060606060606,0.1253266876832595,0.3275763657504574,0.0587258684469692,0.090139143389394,0.1837292409465291,0.164991982283469,0.0235033623839204,0.1865952022476606,0.1991689077117848,0.045144164207387,10_sp_aij_38,36656,0.01,10,17283,1,5,seq
1,7.272727272727273,0.1387304824682597,0.3268004492675574,0.0580482595855702,0.0882983957594857,0.1959555523816445,0.1647061937753583,0.0263587014501813,0.1973938562488126,0.2108148789866893,0.0478331958113349,10_sp_aij_38,36656,0.01,10,17283,1,5,seq
2,8.484848484848484,0.1428805881869325,0.3335088536464791,0.0560539142265146,0.0835537030151599,0.2086816954953252,0.1678875505626723,0.0282477726612268,0.2092587853017218,0.2198363248167582,0.0499618305333719,10_sp_aij_38,36656,0.01,10,17283,1,5,seq
3,10.0,0.1385248287944448,0.3423198313057362,0.0528063999917386,0.0781809083004909,0.2148121808268524,0.1710851951375659,0.0305332176542374,0.2192266710059045,0.2275434722982334,0.0473465764650112,10_sp_aij_38,36656,0.01,10,17283,1,5,seq
4,11.212121212121213,0.1357284328443584,0.3388266280437604,0.0516270846068092,0.071565758518974,0.2100485122927497,0.1790657949753353,0.0328425753308569,0.2207368721224641,0.228050657215686,0.046990004448596,10_sp_aij_38,36656,0.01,10,17283,1,5,seq
