,time,species_0,species_1,species_2,species_3,species_4,species_5,species_6,species_7,species_8,species_9,ground_truth,timeseries_id,noise,n_species,did,n_timeseries,n_timepoints,sampling_scheme
0,13.636363636363637,0.8512263681031195,0.8861243890504567,0.0287792690440368,1.5357013540632105,0.1613321142902776,0.470258179164789,0.6556405468198465,0.0609674916816119,0.0950648783165813,0.6808074966546765,10_sp_aij_3,36656,0.01,10,12426,1,5,random
1,18.484848484848484,0.8355085924778968,0.8887896511609494,0.0275702868741476,1.5469467171301423,0.1933547912055947,0.4642506280571321,0.6202287216325716,0.0657892759384021,0.135150673450391,0.6591904459311247,10_sp_aij_3,36656,0.01,10,12426,1,5,random
2,22.424242424242426,0.8237457206582365,0.8699032739804821,0.0298416668817677,1.5411142204429182,0.1971256962989059,0.458203235935716,0.6132656225271748,0.0655510692909409,0.1378806657034714,0.6542333625266223,10_sp_aij_3,36656,0.01,10,12426,1,5,random
3,26.060606060606062,0.8385719694862105,0.8718540692635586,0.0307726087881143,1.575052169738959,0.2097831176522543,0.4626849628152462,0.6211277676377868,0.0637378483434076,0.1387818142022551,0.6801908244314601,10_sp_aij_3,36656,0.01,10,12426,1,5,random
4,30.0,0.8356045656801501,0.8600403084902992,0.0310905837562234,1.573767529131676,0.1985341498129089,0.4646210058802582,0.6102652972599341,0.0646299982137463,0.1373821003953854,0.6558613639742227,10_sp_aij_3,36656,0.01,10,12426,1,5,random
