,time,species_0,species_1,species_2,species_3,species_4,species_5,species_6,species_7,species_8,species_9,ground_truth,timeseries_id,noise,n_species,did,n_timeseries,n_timepoints,sampling_scheme
0,0.0,0.04,0.05,0.01,0.02,0.02,0.07,0.01,0.09,0.07,0.03,10_sp_aij_7,36656,0.01,10,25389,2,5,even
1,7.272727272727273,0.0544915722859358,0.3033007911757389,0.0683054923932918,0.0867182858486134,0.2232645883134379,0.0752824111373885,0.0477502017950522,0.0676454484185902,0.0435178941704702,0.3063507388122947,10_sp_aij_7,36656,0.01,10,25389,2,5,even
2,14.84848484848485,0.0759210682447757,0.2988524643981851,0.0685949230863941,0.0983898987300054,0.2392270703278231,0.0639175743696796,0.0349410550938877,0.0634162773567756,0.0638172503861832,0.2970450543755568,10_sp_aij_7,36656,0.01,10,25389,2,5,even
3,22.424242424242426,0.084811887927789,0.2914195705721816,0.0619902259738422,0.0980902957953226,0.2464371018082732,0.0601296987934494,0.0289470185835299,0.0607214845093725,0.0732600834162463,0.2829393446393236,10_sp_aij_7,36656,0.01,10,25389,2,5,even
4,30.0,0.0822509317778425,0.2870044856912913,0.0549655771108376,0.100476391737894,0.248970055421778,0.0646096365371815,0.0246233357505091,0.0567418783073234,0.0745048477875794,0.2838307833313235,10_sp_aij_7,36656,0.01,10,25389,2,5,even
5,0.0,0.02,0.02,0.02,0.02,0.04,0.09,0.05,0.04,0.02,0.04,10_sp_aij_7,2369231,0.01,10,25389,2,5,even
6,7.272727272727273,0.0411494159691925,0.3166537530899866,0.0814356707884028,0.0628030863989704,0.2403363624693134,0.0962140632264318,0.0629607928530657,0.0433003819879277,0.0479646532320633,0.3019421863614787,10_sp_aij_7,2369231,0.01,10,25389,2,5,even
7,14.84848484848485,0.0644037873156606,0.3018019599597682,0.0780498803468055,0.0907600698427743,0.2268725468648912,0.0797387296215275,0.0405519887408015,0.0750256023154277,0.0586264891290904,0.3184325240641409,10_sp_aij_7,2369231,0.01,10,25389,2,5,even
8,22.424242424242426,0.081845624621957,0.3012871574323557,0.0661655733612055,0.101632420420781,0.2488709668227633,0.060554427971517,0.0323728715651631,0.0668103549408208,0.0638395966223375,0.2956364210184038,10_sp_aij_7,2369231,0.01,10,25389,2,5,even
9,30.0,0.0903227005443303,0.2788781937676453,0.0554988822346997,0.0989296056420122,0.2552630330331266,0.0566148898413036,0.0260699381043387,0.0571186130045119,0.0718316283720609,0.290189654772566,10_sp_aij_7,2369231,0.01,10,25389,2,5,even
