,time,species_0,species_1,species_2,species_3,species_4,species_5,species_6,species_7,species_8,species_9,ground_truth,timeseries_id,noise,n_species,did,n_timeseries,n_timepoints,sampling_scheme
0,0.0,0.04,0.05,0.01,0.02,0.02,0.07,0.01,0.09,0.07,0.03,10_sp_aij_11,36656,0.1,10,1891,1,10,even
1,3.333333333333333,0.0262424443721215,0.0392303367344632,0.0559413704234286,0.144979113232561,0.0890118986712417,0.0874145494032396,0.0201997725082691,0.0577597745640071,0.2208539709578585,0.1153495858046346,10_sp_aij_11,36656,0.1,10,1891,1,10,even
2,6.666666666666667,0.0163250993308009,0.0509124443496265,0.1527644620725897,0.2509005887784942,0.3311163394678301,0.079608542597826,0.0405131623567905,0.041957681488764,0.2711005267469046,0.40016599217122,10_sp_aij_11,36656,0.1,10,1891,1,10,even
3,10.0,0.0045070768719145,0.0600591783779902,0.1594221518171731,0.3248361364141033,0.5384620742984066,0.0554230639667195,0.0552545717142774,0.0350623502617146,0.2121942650494523,0.3003754508373337,10_sp_aij_11,36656,0.1,10,1891,1,10,even
4,13.333333333333334,0.0,0.0625551419533426,0.2163437594140794,0.3596066850752304,0.4470999927166587,0.0837388721862288,0.0929196667561209,0.050671364490882,0.2401486229183825,0.509402288857736,10_sp_aij_11,36656,0.1,10,1891,1,10,even
5,16.666666666666668,0.0,0.0352949061450904,0.1635357210954454,0.3572815239628604,0.5690414126398439,0.0602405732259562,0.0872611890712395,0.0521996111911295,0.2589935347891188,0.5778049963848385,10_sp_aij_11,36656,0.1,10,1891,1,10,even
6,20.0,0.0,0.0691402113460914,0.1581383283851239,0.3746286987907692,0.4010385303846213,0.070030935369249,0.178782643023751,0.0545240582769746,0.2338312371404554,0.4626594619521699,10_sp_aij_11,36656,0.1,10,1891,1,10,even
7,23.333333333333336,0.0,0.0773683641023929,0.1915477463346418,0.3325992631273902,0.5223982802725204,0.0393018716779608,0.1443922430058095,0.0453555478139182,0.2339427303762862,0.567540167442211,10_sp_aij_11,36656,0.1,10,1891,1,10,even
8,26.666666666666668,0.0,0.0614021057604651,0.1308657478446352,0.3430219673149342,0.6777677473184416,0.0538857392987376,0.0990761338064695,0.0419237162353145,0.2197279949752047,0.5986141432463412,10_sp_aij_11,36656,0.1,10,1891,1,10,even
9,30.0,0.0,0.0607370298045903,0.1280603869769132,0.4425616539690166,0.3977661313009228,0.0687797327104562,0.0959925183751562,0.0595297507348924,0.1960473623079058,0.4623059729129106,10_sp_aij_11,36656,0.1,10,1891,1,10,even
