,time,species_0,species_1,species_2,species_3,species_4,species_5,species_6,species_7,species_8,species_9,ground_truth,timeseries_id,noise,n_species,did,n_timeseries,n_timepoints,sampling_scheme
0,0.0,0.04,0.05,0.01,0.02,0.02,0.07,0.01,0.09,0.07,0.03,10_sp_aij_34,36656,0.01,10,15129,2,5,even
1,7.272727272727273,0.2810664173818812,0.3549154376798259,0.076306966885883,0.5002399679718974,0.0219984372169353,0.2756414975206692,0.0202314708923475,0.008211406075421,0.0977636581422,0.3798894926854816,10_sp_aij_34,36656,0.01,10,15129,2,5,even
2,14.84848484848485,0.5642401468238788,0.4821748875650538,0.2595714475244803,0.7858604401125945,0.0947340865194314,0.1695194864689819,0.1055092515330471,0.0,0.099710314234294,0.7316441738802231,10_sp_aij_34,36656,0.01,10,15129,2,5,even
3,22.424242424242426,0.6010508545851981,0.5177383793937417,0.2875115407630745,0.8488234151077072,0.159328167643949,0.1250140584739221,0.1615595737407891,0.0,0.0895532476406535,0.7939155520174674,10_sp_aij_34,36656,0.01,10,15129,2,5,even
4,30.0,0.6130691317211289,0.5190983849865795,0.288840604241468,0.8777749971060962,0.165515846291964,0.1191982855311704,0.1672753287687019,0.0,0.0858810052692948,0.8015662638099612,10_sp_aij_34,36656,0.01,10,15129,2,5,even
5,0.0,0.02,0.02,0.02,0.02,0.04,0.09,0.05,0.04,0.02,0.04,10_sp_aij_34,2369231,0.01,10,15129,2,5,even
6,7.272727272727273,0.1905637280752633,0.3092379492660361,0.1228648463807067,0.4110572050201512,0.0289190524790086,0.2679143836657427,0.0558572983925536,0.0214782099255843,0.0771249404028191,0.3009260401909351,10_sp_aij_34,2369231,0.01,10,15129,2,5,even
7,14.84848484848485,0.5751372361000444,0.4748974503237048,0.2712006566930953,0.7940130228987421,0.1021145171256479,0.1669926203016978,0.1234246646153379,0.0060915082070943,0.092461258647389,0.7409424859903346,10_sp_aij_34,2369231,0.01,10,15129,2,5,even
8,22.424242424242426,0.6064681070159111,0.5188197848988045,0.2858143975315249,0.8755441563084871,0.1692006867378001,0.1228749644778526,0.1626931914155397,0.0037310159384625,0.085163293376318,0.8011546453323495,10_sp_aij_34,2369231,0.01,10,15129,2,5,even
9,30.0,0.628716127460176,0.5090727374520316,0.2767933932235334,0.8691672121611672,0.1755458213199389,0.1123149411654178,0.1664179311780653,0.0030080573040201,0.0813024138911081,0.8399202213700514,10_sp_aij_34,2369231,0.01,10,15129,2,5,even
