,time,species_0,species_1,species_2,species_3,species_4,species_5,species_6,species_7,species_8,species_9,ground_truth,timeseries_id,noise,n_species,did,n_timeseries,n_timepoints,sampling_scheme
0,0.0,0.04,0.05,0.01,0.02,0.02,0.07,0.01,0.09,0.07,0.03,10_sp_aij_46,36656,0.01,10,22140,1,5,even
1,7.272727272727273,0.1622364869567416,0.160072356293097,0.2644330240156339,0.201011834000769,0.0436264240936581,0.2507456931672608,0.0,0.4523841449603276,0.4648546325066927,0.3073848824456704,10_sp_aij_46,36656,0.01,10,22140,1,5,even
2,14.84848484848485,0.3046888184456376,0.0686580508920815,0.4845071524664856,0.2262143560139483,0.0233933887594602,0.3672107834870845,0.0,0.5565652081409842,0.6726277654708637,0.5042960562350794,10_sp_aij_46,36656,0.01,10,22140,1,5,even
3,22.424242424242426,0.3431203899036876,0.032645706082737,0.5460484327716,0.2311188508429396,0.0136466087361555,0.4059532326093805,0.0,0.5871498622863228,0.7196959116670215,0.5566869824436382,10_sp_aij_46,36656,0.01,10,22140,1,5,even
4,30.0,0.360614792904022,0.018800980225975,0.5552886616531361,0.2415835445843632,0.0089559259318133,0.4253015766876392,0.0,0.5989140541514442,0.7526439290094917,0.5756709446259678,10_sp_aij_46,36656,0.01,10,22140,1,5,even
