,time,species_0,species_1,species_2,species_3,species_4,species_5,species_6,species_7,species_8,species_9,ground_truth,timeseries_id,noise,n_species,did,n_timeseries,n_timepoints,sampling_scheme
0,6.0606060606060606,0.0514598052216596,0.0591677771289188,0.1205797509297135,0.0363727969889389,0.0404055412766535,0.1314413923381796,0.026913221592936,0.2452227341684396,0.0532020898397697,0.0699211686007512,10_sp_aij_2,36656,0.1,10,6753,1,5,seq
1,7.272727272727273,0.0532772614506849,0.0452959008272615,0.1713383381668334,0.0376893279028097,0.0286175594546684,0.122642777035468,0.0376426088598345,0.1990600929569773,0.0404978200086702,0.0598148135587215,10_sp_aij_2,36656,0.1,10,6753,1,5,seq
2,8.484848484848484,0.0411901419021963,0.0454795540400282,0.1849604606797147,0.0354524186244567,0.0315719421250324,0.1199028461735422,0.0465378461218482,0.229022190675653,0.0362593798103957,0.0582089540747107,10_sp_aij_2,36656,0.1,10,6753,1,5,seq
3,10.0,0.0186535133310165,0.0454467324335602,0.1850508363263479,0.0346552795090631,0.0462020664344218,0.1057778643309285,0.0628790857118923,0.2561043994719136,0.0339885695456836,0.0274994995870739,10_sp_aij_2,36656,0.1,10,6753,1,5,seq
4,11.212121212121213,0.011879180554633,0.0384579579983114,0.2271389104690763,0.0202980492029214,0.0482051109266638,0.121596607547966,0.0839482433947444,0.2303833710026899,0.0261504990972507,0.0255438564005342,10_sp_aij_2,36656,0.1,10,6753,1,5,seq
