,time,species_0,species_1,species_2,species_3,species_4,species_5,species_6,species_7,species_8,species_9,ground_truth,timeseries_id,noise,n_species,did,n_timeseries,n_timepoints,sampling_scheme
0,6.0606060606060606,0.3290267142871516,0.0476225763213316,0.4278218615746118,0.2362629402608152,0.3098303873254225,0.1100149550384874,0.068332560879401,0.0755160281766947,0.1379348126158729,0.060736185061596,10_sp_aij_4,36656,0.01,10,18363,1,5,seq
1,7.272727272727273,0.3442839120811363,0.0397018491852163,0.4477694824500112,0.2458934428553907,0.3192295130902737,0.1187593881868101,0.0671406172306631,0.0858094592299116,0.1486618766484308,0.0578695106349728,10_sp_aij_4,36656,0.01,10,18363,1,5,seq
2,8.484848484848484,0.3455195483250263,0.0339250695906667,0.4435011583094295,0.2492554176123988,0.3342510231160799,0.1263377255259993,0.0641475624291666,0.0964161942118126,0.1591865684567949,0.0575650521900781,10_sp_aij_4,36656,0.01,10,18363,1,5,seq
3,10.0,0.3462302616611084,0.0286199246626756,0.4385475001349233,0.2541523057640667,0.341719573292441,0.1322549273204078,0.0613599169819226,0.1039423666156558,0.1670979485130555,0.0563135710670772,10_sp_aij_4,36656,0.01,10,18363,1,5,seq
4,11.212121212121213,0.3458469054699224,0.0246985612327216,0.4461576422993983,0.2472348921500966,0.3363220440066061,0.1377324956830846,0.0593088179406986,0.1055065803979375,0.1680473394124803,0.0585022723027474,10_sp_aij_4,36656,0.01,10,18363,1,5,seq
