,time,species_0,species_1,species_2,species_3,species_4,species_5,species_6,species_7,species_8,species_9,ground_truth,timeseries_id,noise,n_species,did,n_timeseries,n_timepoints,sampling_scheme
0,0.0,0.04,0.05,0.01,0.02,0.02,0.07,0.01,0.09,0.07,0.03,10_sp_aij_28,36656,0.1,10,11610,1,5,even
1,7.272727272727273,0.3550568822209359,0.1353106736541803,0.0076526589772826,0.1559266739828918,0.0302343060178801,0.1648633271648167,0.0241722851303634,0.3933637454547835,0.2697639931478558,0.1518623760401765,10_sp_aij_28,36656,0.1,10,11610,1,5,even
2,14.84848484848485,0.3424106024619237,0.1304562040774878,0.0142495220430958,0.1731821086833487,0.0669047955164407,0.1765930205905857,0.046074085169462,0.4135874338673418,0.3700981200427187,0.1554273299276005,10_sp_aij_28,36656,0.1,10,11610,1,5,even
3,22.424242424242426,0.3077472562351482,0.1110987642020796,0.0238257027040695,0.141378543235907,0.0387411403371942,0.1551162020213862,0.0756977521467022,0.4613582151145641,0.3224442757984312,0.1191280175038368,10_sp_aij_28,36656,0.1,10,11610,1,5,even
4,30.0,0.314392087107972,0.1281528358540224,0.0143646579042743,0.2104384918014951,0.0533554077073931,0.230150591939247,0.0563915443812414,0.4333542340439447,0.323007917469812,0.178950882333736,10_sp_aij_28,36656,0.1,10,11610,1,5,even
