,time,species_0,species_1,species_2,species_3,species_4,species_5,species_6,species_7,species_8,species_9,ground_truth,timeseries_id,noise,n_species,did,n_timeseries,n_timepoints,sampling_scheme
0,6.0606060606060606,0.6784497055936647,0.8455454658208708,0.1407890060737404,0.114663695435762,0.6329639421612908,0.390613235577271,0.1198037373752876,0.620705755601866,0.2782623059324058,0.3276845939100392,10_sp_aij_8,36656,0.1,10,26193,1,5,seq
1,7.272727272727273,0.6064119764698824,0.831803947770152,0.3110650058454495,0.2002057862346733,0.610924289163073,0.5623008368472462,0.2381709996302627,0.7102552422913891,0.3272282492390412,0.3492638188211041,10_sp_aij_8,36656,0.1,10,26193,1,5,seq
2,8.484848484848484,0.5729199006648038,0.9650678086310686,0.457187029893277,0.2966319720455994,0.7774299073211651,0.7108044683902606,0.338505489499962,0.9006885594520118,0.4752185038183364,0.4769777905900117,10_sp_aij_8,36656,0.1,10,26193,1,5,seq
3,10.0,0.6204384100658746,1.330148437792627,0.5153451502796328,0.4864082019128872,0.8260163818127441,0.7427588501024553,0.4119791955852342,1.0466329057688446,0.6115166622397559,0.3440140338763124,10_sp_aij_8,36656,0.1,10,26193,1,5,seq
4,11.212121212121213,0.5604870509751887,0.9771357050440244,0.7075422103785349,0.3122372171861147,0.8468730841728083,0.9055999073007422,0.4774471053368363,0.9551266840487652,0.6247399516571689,0.5240153226301983,10_sp_aij_8,36656,0.1,10,26193,1,5,seq
