,time,species_0,species_1,species_2,species_3,species_4,species_5,species_6,species_7,species_8,species_9,ground_truth,timeseries_id,noise,n_species,did,n_timeseries,n_timepoints,sampling_scheme
0,0.0,0.04,0.05,0.01,0.02,0.02,0.07,0.01,0.09,0.07,0.03,10_sp_aij_6,36656,0.01,10,24849,2,5,even
1,7.272727272727273,0.3258753241058292,0.0863760233984179,0.0898203845292116,0.0505681041231923,0.0175257857617652,0.0843416517493427,0.1050069924148944,0.0734040306986119,0.0614979496149781,0.1077523106939171,10_sp_aij_6,36656,0.01,10,24849,2,5,even
2,14.84848484848485,0.3179489783254239,0.0778199668039085,0.1048620627455743,0.0768710631293348,0.0151434481849327,0.0792101826735704,0.1224379666462071,0.0845092805676633,0.0620189381077706,0.0975860919808297,10_sp_aij_6,36656,0.01,10,24849,2,5,even
3,22.424242424242426,0.3182011905543363,0.0812677225264016,0.1078539692323738,0.081131565258424,0.0131922691357839,0.0783853071224212,0.1164319245594261,0.0859533879353717,0.0633850248689439,0.0924808003304498,10_sp_aij_6,36656,0.01,10,24849,2,5,even
4,30.0,0.3145640741207593,0.081340198904731,0.1067849431788352,0.0850925046719659,0.0125220285801838,0.0808590944796704,0.1133427608618761,0.0858348492529389,0.0612025648259267,0.0950053678543376,10_sp_aij_6,36656,0.01,10,24849,2,5,even
5,0.0,0.02,0.02,0.02,0.02,0.04,0.09,0.05,0.04,0.02,0.04,10_sp_aij_6,2369231,0.01,10,24849,2,5,even
6,7.272727272727273,0.3115728553857503,0.054352868122791,0.0887967990813825,0.0670953006617059,0.0294925889482116,0.0984241505103673,0.1230190468314222,0.0590110203442004,0.0584274270681077,0.1178096449206702,10_sp_aij_6,2369231,0.01,10,24849,2,5,even
7,14.84848484848485,0.3135441463195272,0.0761986269278574,0.1067407078586252,0.0892206910287501,0.0195458917488705,0.0838792519253143,0.1172080525089516,0.0810834174463961,0.0621098452183175,0.0993528706090581,10_sp_aij_6,2369231,0.01,10,24849,2,5,even
8,22.424242424242426,0.3129280090813456,0.0841784048822663,0.1080908184147323,0.0846471938872363,0.0163846192583633,0.0778188750003045,0.1185903408503364,0.085875473197857,0.0599993961071794,0.0909385010184523,10_sp_aij_6,2369231,0.01,10,24849,2,5,even
9,30.0,0.330718062358976,0.0801146773796154,0.1032161555665542,0.0784208455353949,0.0144640367112482,0.0737892397201116,0.1176785098065378,0.087800520264407,0.0593572255156373,0.0959818913552019,10_sp_aij_6,2369231,0.01,10,24849,2,5,even
