,time,species_0,species_1,species_2,species_3,species_4,species_5,species_6,species_7,species_8,species_9,ground_truth,timeseries_id,noise,n_species,did,n_timeseries,n_timepoints,sampling_scheme
0,0.0,0.04,0.05,0.01,0.02,0.02,0.07,0.01,0.09,0.07,0.03,10_sp_aij_42,36656,0.1,10,20257,1,10,random
1,7.272727272727273,0.067346027088367,0.1172648159413562,0.129340945186363,0.2932491734490939,0.1935160659286771,0.197461440165729,0.208718379476727,0.0729023223038004,0.1585133261911182,0.2727466565280109,10_sp_aij_42,36656,0.1,10,20257,1,10,random
2,10.0,0.0327885620132768,0.1103403970131036,0.1883027100509729,0.3019635022519187,0.3599330872057681,0.1675686656311175,0.1795175917930785,0.0399418551231355,0.179955252818262,0.1340768910973839,10_sp_aij_42,36656,0.1,10,20257,1,10,random
3,13.636363636363637,0.0278437877204185,0.0787805402792866,0.2908656925502355,0.3087290507417976,0.3427360556705447,0.2721500917256015,0.2856997012957328,0.0197346087208086,0.224893336474876,0.2072735577486564,10_sp_aij_42,36656,0.1,10,20257,1,10,random
4,14.84848484848485,0.0307391138004909,0.0743105364902028,0.2589939465649938,0.3558251095457277,0.3355316536139921,0.2135788443692033,0.2651630376224499,0.0115618476896273,0.2433381011248356,0.1984963916472951,10_sp_aij_42,36656,0.1,10,20257,1,10,random
5,17.272727272727273,0.0421900356502127,0.062746721763623,0.2647155463478136,0.4021930631309414,0.3136313952818182,0.2432551521385073,0.288710269388487,0.0062096165894314,0.2841233948585468,0.2515230516567773,10_sp_aij_42,36656,0.1,10,20257,1,10,random
6,20.0,0.0480967151578328,0.0672858321590858,0.2293890936635298,0.3581680644945613,0.3498643554151934,0.2332715396940263,0.3083211974960479,0.0025702814344224,0.2074486052059508,0.1698601094391997,10_sp_aij_42,36656,0.1,10,20257,1,10,random
7,23.63636363636364,0.0533028554464807,0.106371060725116,0.2918907248709944,0.4010477923907011,0.3447874790744847,0.1715812084393757,0.2686814021174935,0.0,0.2192669522668463,0.2105505443768698,10_sp_aij_42,36656,0.1,10,20257,1,10,random
8,26.060606060606062,0.080108879686116,0.0704817536043126,0.201887111213048,0.3630477658091781,0.4247336039276116,0.230923468115511,0.2051944557331882,0.0,0.2804553773622398,0.2718256508365224,10_sp_aij_42,36656,0.1,10,20257,1,10,random
9,28.484848484848484,0.067036627307168,0.0587115215357383,0.203388522704794,0.4687742773646932,0.3772114810782802,0.2395335967434039,0.2512332882481617,0.0,0.1903617334813395,0.2487333219082203,10_sp_aij_42,36656,0.1,10,20257,1,10,random
