,time,species_0,species_1,species_2,species_3,species_4,species_5,species_6,species_7,species_8,species_9,ground_truth,timeseries_id,noise,n_species,did,n_timeseries,n_timepoints,sampling_scheme
0,13.636363636363637,0.4113326096165903,0.2285919185830894,0.4782713479647789,0.2018428499906154,0.1050914954792298,0.1974887479159755,0.18644228828379,0.0061164718390715,0.1902606077418854,0.0785879983846206,10_sp_aij_14,36656,0.01,10,3246,1,5,random
1,18.484848484848484,0.416380545107467,0.2275768643177515,0.4391632559799139,0.2467049847407088,0.0720774383279947,0.1729827044740548,0.1813790665492212,0.007756833797767,0.2134192302510623,0.1179385818768394,10_sp_aij_14,36656,0.01,10,3246,1,5,random
2,22.424242424242426,0.4136395841592303,0.2236395305198155,0.4364594435668578,0.2610650079755383,0.0571891580455599,0.1602548080587849,0.1762397222508265,0.01256430510304,0.2185153364027926,0.126764760593405,10_sp_aij_14,36656,0.01,10,3246,1,5,random
3,26.060606060606062,0.4148466863926845,0.2225790671183764,0.4149557787869318,0.2636173305243352,0.0528549663054013,0.1607363298517863,0.178342177001412,0.0196614290090026,0.2247931290157917,0.1372559904383325,10_sp_aij_14,36656,0.01,10,3246,1,5,random
4,30.0,0.4057211940868937,0.222966834635427,0.412712995545073,0.266594113683285,0.0465587583297889,0.1672484562968839,0.1795411067232429,0.0297395169426115,0.2206677982397295,0.1317404327921668,10_sp_aij_14,36656,0.01,10,3246,1,5,random
