,time,species_0,species_1,species_2,species_3,species_4,species_5,species_6,species_7,species_8,species_9,ground_truth,timeseries_id,noise,n_species,did,n_timeseries,n_timepoints,sampling_scheme
0,13.636363636363637,0.0173245029745433,0.2208786383787034,0.1698535536766788,0.056764447671994,0.1582941216505728,0.2956045930740749,0.1449416073106507,0.2086967700822552,0.0798634319150946,0.0333266747357435,10_sp_aij_24,36656,0.1,10,9456,1,5,random
1,18.484848484848484,0.0168756456131717,0.3009929048591245,0.1054241839493724,0.086558485666019,0.1628672360058709,0.2768358467218767,0.1347941649619799,0.2132820219421818,0.1042431013495873,0.0356486013870428,10_sp_aij_24,36656,0.1,10,9456,1,5,random
2,22.424242424242426,0.0128987500107269,0.2305438860338344,0.1405600779392139,0.086813860620409,0.1382368464494207,0.216657936270378,0.1211725944315296,0.1834971506789063,0.0977155929153782,0.014998501461666,10_sp_aij_24,36656,0.1,10,9456,1,5,random
3,26.060606060606062,0.0127370740763804,0.2280626223890675,0.1028921604724815,0.0779907483755242,0.2037827695835219,0.2492625362274169,0.1222104718500722,0.1756788097577051,0.0990513372504906,0.024923351530996,10_sp_aij_24,36656,0.1,10,9456,1,5,random
4,30.0,0.0088143458712732,0.243274010543217,0.0907081082676873,0.0991334328884609,0.1253535241032715,0.2802009195457837,0.0946028763371648,0.1700199729893173,0.0731747516739867,0.0284881783498921,10_sp_aij_24,36656,0.1,10,9456,1,5,random
