,time,species_0,species_1,species_2,species_3,species_4,species_5,species_6,species_7,species_8,species_9,ground_truth,timeseries_id,noise,n_species,did,n_timeseries,n_timepoints,sampling_scheme
0,0.0,0.04,0.05,0.01,0.02,0.02,0.07,0.01,0.09,0.07,0.03,10_sp_aij_27,36656,0.01,10,10800,1,5,even
1,7.272727272727273,0.2079986219638502,0.4397283586850726,0.0749432429333996,0.1719242760867935,0.0891368478382266,0.8640053593051024,0.3294206723746933,0.2055557904558903,0.199578296748515,0.5438652986238786,10_sp_aij_27,36656,0.01,10,10800,1,5,even
2,14.84848484848485,0.2111307249414681,0.4039178409493385,0.0857323334337482,0.1742679410473266,0.1023164326115132,0.8065638413357742,0.318702356645356,0.2302059014326899,0.2076887102985271,0.5340599889451332,10_sp_aij_27,36656,0.01,10,10800,1,5,even
3,22.424242424242426,0.2134081489959785,0.4009057859313739,0.0870597099320706,0.1734168482025775,0.1018438002935956,0.8066070504765591,0.3162961486419968,0.2297805683423936,0.2041365707133366,0.5252709930420207,10_sp_aij_27,36656,0.01,10,10800,1,5,even
4,30.0,0.2144426211394258,0.4042067956528328,0.0831799588473844,0.1785738250567251,0.102780432415829,0.8212907881556609,0.3120994452181359,0.2351055707875911,0.2019730068644886,0.5279890612372462,10_sp_aij_27,36656,0.01,10,10800,1,5,even
