,time,species_0,species_1,species_2,species_3,species_4,species_5,species_6,species_7,species_8,species_9,ground_truth,timeseries_id,noise,n_species,did,n_timeseries,n_timepoints,sampling_scheme
0,0.0,0.04,0.05,0.01,0.02,0.02,0.07,0.01,0.09,0.07,0.03,10_sp_aij_4,36656,0.01,10,18360,1,5,even
1,7.272727272727273,0.3442839120811363,0.0397018491852163,0.4477694824500112,0.2458934428553907,0.3192295130902737,0.1187593881868101,0.0671406172306631,0.0858094592299116,0.1486618766484308,0.0578695106349728,10_sp_aij_4,36656,0.01,10,18360,1,5,even
2,14.84848484848485,0.3551938524008872,0.0168160511287437,0.4431176206943559,0.2616407091042533,0.3291008749153952,0.1471829255339268,0.0556810566400299,0.1073779277736093,0.1781320031131398,0.0673950419480104,10_sp_aij_4,36656,0.01,10,18360,1,5,even
3,22.424242424242426,0.3526976154123979,0.0099364742866053,0.4388773900067074,0.2536468592032732,0.3187220350748738,0.1460874013120593,0.0427392848413531,0.1033324466895485,0.1753231267833019,0.0783768590854928,10_sp_aij_4,36656,0.01,10,18360,1,5,even
4,30.0,0.3493970720523863,0.0076946382482404,0.4216537617220409,0.2529778927773033,0.3111990855551159,0.1482076915692185,0.035779953024124,0.0966611063071629,0.1686064794448385,0.0873352943358029,10_sp_aij_4,36656,0.01,10,18360,1,5,even
