,time,species_0,species_1,species_2,species_3,species_4,species_5,species_6,species_7,species_8,species_9,ground_truth,timeseries_id,noise,n_species,did,n_timeseries,n_timepoints,sampling_scheme
0,6.0606060606060606,0.2471691486189166,0.293795580280648,0.2488883888561354,0.2771117143081398,0.0503771135375302,0.1252845296339365,0.021941031219186,0.4378090254842943,0.2882220608596293,0.2126608021461953,10_sp_aij_32,36656,0.1,10,14313,1,5,seq
1,7.272727272727273,0.2594734158754368,0.2331617504004851,0.3076804033740303,0.248079666943812,0.0316590859905221,0.1218549048474799,0.0252063503822667,0.3795615056538772,0.1992096313294838,0.1799682014657295,10_sp_aij_32,36656,0.1,10,14313,1,5,seq
2,8.484848484848484,0.1964768080749577,0.240551657969946,0.2661961458391801,0.1909782356053566,0.0325761218783082,0.1296424103819482,0.0233331889755477,0.4006263849032054,0.1813704987535135,0.2099653242627924,10_sp_aij_32,36656,0.1,10,14313,1,5,seq
3,10.0,0.1241030300754488,0.2386151729582297,0.2239785970291959,0.2074547394973479,0.0497735055370968,0.1193701577683789,0.0227599353914389,0.417848129395955,0.2019361902511726,0.123221825400909,10_sp_aij_32,36656,0.1,10,14313,1,5,seq
4,11.212121212121213,0.1119286257601739,0.1830853961646718,0.2639991295344545,0.13886813431664,0.0514727250387893,0.1396549503589831,0.0268522976472545,0.3633988932302127,0.1852906222235421,0.1624695385147573,10_sp_aij_32,36656,0.1,10,14313,1,5,seq
