,time,species_0,species_1,species_2,species_3,species_4,species_5,species_6,species_7,species_8,species_9,ground_truth,timeseries_id,noise,n_species,did,n_timeseries,n_timepoints,sampling_scheme
0,0.0,0.04,0.05,0.01,0.02,0.02,0.07,0.01,0.09,0.07,0.03,10_sp_aij_13,36656,0.1,10,2977,1,10,random
1,7.272727272727273,0.0333437424382754,0.0242609559511559,0.2583428220076004,0.3742185104623491,0.2667541413467634,0.216509784304581,0.2602879208719973,0.0386869460949406,0.1273126393781729,0.1899892960575769,10_sp_aij_13,36656,0.1,10,2977,1,10,random
2,10.0,0.0107421770752382,0.035288844122232,0.212643010107698,0.3585913658294034,0.3931186584055401,0.1797459296568514,0.2207409494377981,0.0303887029879822,0.1222511204713,0.1235810301546976,10_sp_aij_13,36656,0.1,10,2977,1,10,random
3,13.636363636363637,0.0029580898318869,0.028078607363485,0.2743895470802817,0.2977993543385592,0.2907346016219567,0.2860232435607301,0.2555203845583345,0.0220329486963045,0.1441332370654872,0.2109687984944904,10_sp_aij_13,36656,0.1,10,2977,1,10,random
4,14.84848484848485,0.0,0.0285915882593283,0.2302542474465667,0.3436300431244098,0.2635038278787601,0.2146666356004651,0.2346115285352704,0.0186377716491219,0.1556577251266545,0.1820355255579564,10_sp_aij_13,36656,0.1,10,2977,1,10,random
5,17.272727272727273,0.0,0.0227673163989911,0.2498896153358127,0.3418955292081373,0.2647906979695261,0.2155185484196474,0.2486799177596438,0.0170840259184496,0.1834447294491311,0.2682401186077417,10_sp_aij_13,36656,0.1,10,2977,1,10,random
6,20.0,0.0,0.0298488547158396,0.203565947191029,0.3312833509575705,0.2609770153297898,0.2318350462526178,0.2710462790688498,0.0165308876419217,0.145176840832913,0.1540656963310502,10_sp_aij_13,36656,0.1,10,2977,1,10,random
7,23.63636363636364,0.0,0.0496865096670945,0.2653559194702011,0.3899730140712536,0.3263592913702749,0.1542059581199603,0.245543207763161,0.0144821644297141,0.1443026120515649,0.2328350655245302,10_sp_aij_13,36656,0.1,10,2977,1,10,random
8,26.060606060606062,0.0,0.0379092651988408,0.1914684477329225,0.377195046728019,0.3979098551644254,0.2154048801476001,0.2137604883348746,0.0083309400128799,0.1689070670388283,0.3034071409411576,10_sp_aij_13,36656,0.1,10,2977,1,10,random
9,28.484848484848484,0.0,0.0286301444055249,0.1995856760971804,0.439706035530003,0.273629156524883,0.2460339045943423,0.2254192411529847,0.0054519105006862,0.1407268122181625,0.2296499380164672,10_sp_aij_13,36656,0.1,10,2977,1,10,random
