,time,species_0,species_1,species_2,species_3,species_4,species_5,species_6,species_7,species_8,species_9,ground_truth,timeseries_id,noise,n_species,did,n_timeseries,n_timepoints,sampling_scheme
0,6.0606060606060606,0.079511367745529,0.1038365109646153,0.0757267486801518,0.0708467614754904,0.3276726153983222,0.0435018606338299,0.1045725665521858,0.1809601857454934,0.1764149009554106,0.135963842956496,10_sp_aij_35,36656,0.01,10,15663,1,5,seq
1,7.272727272727273,0.0853397229048684,0.1285464235244387,0.1057926479008942,0.0774094584290013,0.3131936267942947,0.051427725776767,0.1136893646326395,0.2125560932757482,0.1732249370326685,0.1297746870954686,10_sp_aij_35,36656,0.01,10,15663,1,5,seq
2,8.484848484848484,0.0903275285232347,0.1637409101215436,0.1288016659019286,0.0819219833329567,0.2979844793966175,0.0660317809182051,0.1164624561510852,0.2343364876048039,0.1715101066935336,0.1259571409510924,10_sp_aij_35,36656,0.01,10,15663,1,5,seq
3,10.0,0.0944900246754253,0.2037286496743372,0.1434040707306288,0.0880855227595016,0.2766235599389093,0.0881340086850964,0.1217319228367095,0.2422574685149001,0.1687530119053627,0.1179573602011348,10_sp_aij_35,36656,0.01,10,15663,1,5,seq
4,11.212121212121213,0.098807582945942,0.2195340428061954,0.1483144779776612,0.0879684479417401,0.2563850621553525,0.1080119701129171,0.1305850684999141,0.2356072425571509,0.1628885318449293,0.1222492378035135,10_sp_aij_35,36656,0.01,10,15663,1,5,seq
