,time,species_0,species_1,species_2,species_3,species_4,species_5,species_6,species_7,species_8,species_9,ground_truth,timeseries_id,noise,n_species,did,n_timeseries,n_timepoints,sampling_scheme
0,6.0606060606060606,0.1133168995842338,0.0954457387488998,0.0045190750444589,0.0837704528424925,0.2665789660224836,0.1456086373485601,0.2823838508231609,0.2740268540790019,0.0897846014538927,0.1590396905807989,10_sp_aij_48,36656,0.01,10,23223,1,5,seq
1,7.272727272727273,0.1432914248596972,0.0711117458235332,0.0035683597133003,0.102793839545696,0.2954913900549158,0.1433828862692194,0.3022204659661248,0.3050344363674611,0.0925437680270287,0.155429296714796,10_sp_aij_48,36656,0.01,10,23223,1,5,seq
2,8.484848484848484,0.1645474532111472,0.0543698942447745,0.0029732832529605,0.1131985321125999,0.3245354014515842,0.135282979769936,0.2996028149433314,0.3236333619985188,0.1021793119569959,0.1484437508381039,10_sp_aij_48,36656,0.01,10,23223,1,5,seq
3,10.0,0.1754952027332064,0.0406647455970128,0.0,0.1179327225086483,0.3398582599333828,0.1214416620748089,0.2941416332225927,0.321840510420619,0.1163562416079205,0.1307257397101151,10_sp_aij_48,36656,0.01,10,23223,1,5,seq
4,11.212121212121213,0.1767762384612883,0.0333360409221397,0.0,0.1117262260761438,0.3313911949121274,0.115095138297962,0.2889307128740553,0.3095372430840271,0.124015471075095,0.1282480755814694,10_sp_aij_48,36656,0.01,10,23223,1,5,seq
