,time,species_0,species_1,species_2,species_3,species_4,species_5,species_6,species_7,species_8,species_9,ground_truth,timeseries_id,noise,n_species,did,n_timeseries,n_timepoints,sampling_scheme
0,6.0606060606060606,0.0467670599917254,0.2680354665615947,0.1075291517066329,0.1779295183585222,0.022885535497737,0.1814047013445481,0.2816533412662012,0.0393378970784595,0.1571766091852555,0.1141129745657613,10_sp_aij_12,36656,0.01,10,2163,1,5,seq
1,7.272727272727273,0.0509969241032772,0.30325245605188,0.1190436475661105,0.1905204888310655,0.0237682642875261,0.1643554852130911,0.3100950826394882,0.0360116536758603,0.144812245063622,0.1755725068469733,10_sp_aij_12,36656,0.01,10,2163,1,5,seq
2,8.484848484848484,0.0533412011997133,0.3430366130451832,0.1207097060498992,0.1931364297255402,0.0268838919842069,0.152905314627669,0.3275046521778568,0.0362307206922165,0.1333865214534038,0.2334400582579674,10_sp_aij_12,36656,0.01,10,2163,1,5,seq
3,10.0,0.0535557390477799,0.3797438649218039,0.1150099642476486,0.1926017356343194,0.0336448245617044,0.1450999199602264,0.3435298682959851,0.0407536795584152,0.1181422615491495,0.2632729118827715,10_sp_aij_12,36656,0.01,10,2163,1,5,seq
4,11.212121212121213,0.0541363170019027,0.3841319818789661,0.1110491322122798,0.1820394647077639,0.0392369803224178,0.147700451901372,0.3482806471397435,0.0462591594198904,0.1054886946621928,0.2857876120178046,10_sp_aij_12,36656,0.01,10,2163,1,5,seq
