,time,species_0,species_1,species_2,species_3,species_4,species_5,species_6,species_7,species_8,species_9,ground_truth,timeseries_id,noise,n_species,did,n_timeseries,n_timepoints,sampling_scheme
0,0.0,0.04,0.05,0.01,0.02,0.02,0.07,0.01,0.09,0.07,0.03,10_sp_aij_34,36656,0.1,10,15391,1,10,even
1,3.333333333333333,0.0841091096557311,0.2483308044944973,0.010377882444757,0.2027708333384624,0.016023079036431,0.2256082832001946,0.013489677254825,0.0237320196740987,0.0843101593095038,0.074922297158776,10_sp_aij_34,36656,0.1,10,15391,1,10,even
2,6.666666666666667,0.3051643243451853,0.3755209889926932,0.0449637063863589,0.4294109157104137,0.012151959469613,0.2698911923682775,0.0102283513841966,0.0074525238860096,0.1111897802427412,0.3513500841020393,10_sp_aij_34,36656,0.1,10,15391,1,10,even
3,10.0,0.2504971801154459,0.3811278113786425,0.1525011290503049,0.5699433546703552,0.0173318294316831,0.2106380567656692,0.0174433685023717,0.0028490125166657,0.0891373027654212,0.2727637326604036,10_sp_aij_34,36656,0.1,10,15391,1,10,even
4,13.333333333333334,0.2913946747023512,0.2982818063359104,0.2995664418585822,0.5539911986061129,0.0216901377505908,0.2711578755939179,0.0578667329856686,0.0,0.1143221019627792,0.5039711401988106,10_sp_aij_34,36656,0.1,10,15391,1,10,even
5,16.666666666666668,0.5246443237673578,0.3039101051522299,0.2407918913803548,0.6326861702542087,0.0331461967829546,0.1776491113897949,0.088639150445088,0.0,0.1293136671333008,0.6754595250987567,10_sp_aij_34,36656,0.1,10,15391,1,10,even
6,20.0,0.4925869860180981,0.4054980296385109,0.2432540315112006,0.6824551429952955,0.0602075221479428,0.1912978492563885,0.1453299979331143,0.0,0.0926085794430653,0.6727999377554101,10_sp_aij_34,36656,0.1,10,15391,1,10,even
7,23.333333333333336,0.4617393131614137,0.4949099987974336,0.3039005975186907,0.6824133582937872,0.0977808503577473,0.1236253643498932,0.1685885311442341,0.0,0.0909951259568325,0.73207054019009,10_sp_aij_34,36656,0.1,10,15391,1,10,even
8,26.666666666666668,0.6367993247228381,0.4761465018257708,0.2406553359401024,0.8027087931439597,0.2072279566521565,0.1288608988353964,0.1715756883402998,0.0,0.0913237405635313,0.7795908663330307,10_sp_aij_34,36656,0.1,10,15391,1,10,even
9,30.0,0.536630842882086,0.4544874183257615,0.3077909538952325,0.9651527532760484,0.1079035654109122,0.153583699425458,0.139922462701278,0.0,0.081549909975943,0.6613679911842189,10_sp_aij_34,36656,0.1,10,15391,1,10,even
