,time,species_0,species_1,species_2,species_3,species_4,species_5,species_6,species_7,species_8,species_9,ground_truth,timeseries_id,noise,n_species,did,n_timeseries,n_timepoints,sampling_scheme
0,6.0606060606060606,0.0859990058846892,0.1208333121803827,0.0724859047077646,0.075916631391901,0.2751130721963015,0.0393954315939803,0.0768324162390243,0.1491487397786963,0.199128331507663,0.1429460397789343,10_sp_aij_35,36656,0.1,10,15933,1,5,seq
1,7.272727272727273,0.0928998619367505,0.1001272489386366,0.1114083590450763,0.0840772439992966,0.2210362062325518,0.0377582095355869,0.0966560069537779,0.1355569164579163,0.1518216482181707,0.1140056428368336,10_sp_aij_35,36656,0.1,10,15933,1,5,seq
2,8.484848484848484,0.0810833308983406,0.1277882149525453,0.1265979614153899,0.0735592353224987,0.2652272739307795,0.0463339941336691,0.0958763364877699,0.1715990770118579,0.1413459053819586,0.1172865852460035,10_sp_aij_35,36656,0.1,10,15933,1,5,seq
3,10.0,0.0502966813444075,0.1756004656969901,0.1361691631230308,0.0716990258594934,0.3108911821018554,0.0538711974575451,0.0913158510040104,0.2210838207961393,0.1475906565307528,0.0647484141879121,10_sp_aij_35,36656,0.1,10,15933,1,5,seq
4,11.212121212121213,0.0455636420795857,0.1794038645486084,0.1680032175292675,0.0409647853151483,0.2369162902841533,0.0809958841469411,0.0944432928047973,0.1981830737968953,0.1350869631976085,0.0784681046226383,10_sp_aij_35,36656,0.1,10,15933,1,5,seq
