,time,species_0,species_1,species_2,species_3,species_4,species_5,species_6,species_7,species_8,species_9,ground_truth,timeseries_id,noise,n_species,did,n_timeseries,n_timepoints,sampling_scheme
0,0.0,0.04,0.05,0.01,0.02,0.02,0.07,0.01,0.09,0.07,0.03,10_sp_aij_11,36656,0.1,10,1890,1,5,even
1,7.272727272727273,0.013570997085457,0.0400001967499375,0.1914120687122572,0.3065013921308566,0.3060403741726428,0.0787267105394297,0.0476833531660983,0.0336624397780603,0.2074471663618206,0.3793740026803335,10_sp_aij_11,36656,0.1,10,1890,1,5,even
2,14.84848484848485,0.0,0.0681288257779904,0.1769059122670098,0.3738439816811153,0.4094117569022407,0.0667113549991683,0.1243121855205373,0.0449421842013362,0.2580265077632024,0.4857452237773397,10_sp_aij_11,36656,0.1,10,1890,1,5,even
3,22.424242424242426,0.0,0.0644579379155807,0.2187724296675606,0.3777897943289567,0.4243988388753989,0.0490253308222824,0.1350030165350397,0.0467352971770384,0.2539860351119723,0.4559296311507515,10_sp_aij_11,36656,0.1,10,1890,1,5,even
4,30.0,0.0,0.0607370298045903,0.1280603869769132,0.4425616539690166,0.3977661313009228,0.0687797327104562,0.0959925183751562,0.0595297507348924,0.1960473623079058,0.4623059729129106,10_sp_aij_11,36656,0.1,10,1890,1,5,even
