,time,species_0,species_1,species_2,species_3,species_4,species_5,species_6,species_7,species_8,species_9,ground_truth,timeseries_id,noise,n_species,did,n_timeseries,n_timepoints,sampling_scheme
0,6.0606060606060606,0.239072493906144,0.3054911465495911,0.0290219645750598,0.175375289785205,0.066319536210577,0.0230003647984556,0.0182687138970384,0.0927169754976805,0.1373897669174424,0.0360784658723507,10_sp_aij_1,36656,0.01,10,543,1,5,seq
1,7.272727272727273,0.2430216061496415,0.291344842130161,0.042674548314226,0.19667509094851,0.0918339289593507,0.023350133226347,0.0213651427494954,0.0798476497454711,0.1300815358802221,0.0284610370335544,10_sp_aij_1,36656,0.01,10,543,1,5,seq
2,8.484848484848484,0.2362557670320783,0.2791475321850629,0.0604742428191726,0.1998609190110153,0.1204339118672757,0.0247621089216161,0.0249311316642113,0.07022348950628,0.1256593823518657,0.0246065748105378,10_sp_aij_1,36656,0.01,10,543,1,5,seq
3,10.0,0.2238295769948817,0.2630485348367217,0.0829531475864288,0.1952724160819712,0.1438425801163322,0.0256823803762165,0.0306786044478628,0.0618480187651494,0.1224153266161537,0.0217975109284046,10_sp_aij_1,36656,0.01,10,543,1,5,seq
4,11.212121212121213,0.2177091099543656,0.2463891970931662,0.0990687019406511,0.1833090828231398,0.147320545164403,0.0264331614795555,0.0368294453274446,0.0569311787202705,0.1173664944745682,0.0217707018820872,10_sp_aij_1,36656,0.01,10,543,1,5,seq
