,time,species_0,species_1,species_2,species_3,species_4,species_5,species_6,species_7,species_8,species_9,ground_truth,timeseries_id,noise,n_species,did,n_timeseries,n_timepoints,sampling_scheme
0,13.636363636363637,0.149413776315752,0.3655067250793422,0.080306971793774,0.1690327199771321,0.0466712917096113,0.0060575859119012,0.3141246051716849,0.0711261177242215,0.3054216062859941,0.2933499244870895,10_sp_aij_25,36656,0.01,10,9726,1,5,random
1,18.484848484848484,0.1406527815107165,0.3896857902386001,0.0846668350481766,0.1890394120624926,0.0380550477343289,0.004771609773373,0.3154357791225626,0.0600085668324324,0.3158023784457485,0.30560577737375,10_sp_aij_25,36656,0.01,10,9726,1,5,random
2,22.424242424242426,0.1359008666698203,0.3823452725834445,0.0920850946856582,0.1950479862091163,0.0335011924645847,0.0042339551288429,0.3148958631938608,0.0557411934108109,0.3185192653513293,0.3043238103739518,10_sp_aij_25,36656,0.01,10,9726,1,5,random
3,26.060606060606062,0.1360216559223485,0.3818698316494034,0.0895682406574078,0.1980671801099546,0.0324804043233526,0.0039170591463616,0.3158253141853382,0.0522853007840105,0.3256833923939362,0.319721499938972,10_sp_aij_25,36656,0.01,10,9726,1,5,random
4,30.0,0.1284545413247718,0.3805310592674181,0.0878455538506638,0.2017896575739117,0.0297223218358042,0.0039493483117608,0.3062313579371816,0.0510377353974639,0.3192507711631372,0.3077923486480782,10_sp_aij_25,36656,0.01,10,9726,1,5,random
