,time,species_0,species_1,species_2,species_3,species_4,species_5,species_6,species_7,species_8,species_9,ground_truth,timeseries_id,noise,n_species,did,n_timeseries,n_timepoints,sampling_scheme
0,0.0,0.04,0.05,0.01,0.02,0.02,0.07,0.01,0.09,0.07,0.03,10_sp_aij_3,36656,0.01,10,12429,2,5,even
1,7.272727272727273,0.7988880742972487,0.805188275858929,0.0203323958150213,1.3885476048872665,0.2010640435014653,0.3714651122110435,0.5510509047955979,0.0584095064431796,0.0112655262636373,0.5789781982638377,10_sp_aij_3,36656,0.01,10,12429,2,5,even
2,14.84848484848485,0.8434490939021827,0.875829074075034,0.0282400644908503,1.559848171671129,0.1657679244688021,0.4576181835275845,0.6332366129040838,0.0620106399515986,0.1142708575783656,0.6719059860288338,10_sp_aij_3,36656,0.01,10,12429,2,5,even
3,22.424242424242426,0.8237457206582365,0.8699032739804821,0.0298416668817677,1.5411142204429182,0.1971256962989059,0.458203235935716,0.6132656225271748,0.0655510692909409,0.1378806657034714,0.6542333625266223,10_sp_aij_3,36656,0.01,10,12429,2,5,even
4,30.0,0.8356045656801501,0.8600403084902992,0.0310905837562234,1.573767529131676,0.1985341498129089,0.4646210058802582,0.6102652972599341,0.0646299982137463,0.1373821003953854,0.6558613639742227,10_sp_aij_3,36656,0.01,10,12429,2,5,even
5,0.0,0.02,0.02,0.02,0.02,0.04,0.09,0.05,0.04,0.02,0.04,10_sp_aij_3,2369231,0.01,10,12429,2,5,even
6,7.272727272727273,0.7745669117452295,0.8048151874378152,0.0447503301403439,1.3438764513650263,0.2184852494759015,0.3589278686408197,0.5228764777084356,0.0442935731584725,0.0046386313341884,0.5614220730848515,10_sp_aij_3,2369231,0.01,10,12429,2,5,even
7,14.84848484848485,0.8565491902688284,0.862779782390955,0.0422062820752762,1.5751019119135583,0.1628650912898601,0.4672833145426229,0.6433798777198558,0.0582371239623412,0.0948382060153918,0.6794702959748082,10_sp_aij_3,2369231,0.01,10,12429,2,5,even
8,22.424242424242426,0.8267700658873908,0.8676536755023346,0.0353752255657429,1.5745050011664423,0.2021773349366896,0.4523893322277449,0.6212860143947395,0.0650152078609508,0.1367250293179646,0.660274464471858,10_sp_aij_3,2369231,0.01,10,12429,2,5,even
9,30.0,0.8530789729039204,0.8464937613829516,0.0331235265377182,1.5708998968763566,0.2041769122953167,0.4594313771593944,0.6272287371784967,0.0642499295283571,0.1330527754613682,0.6871693891969377,10_sp_aij_3,2369231,0.01,10,12429,2,5,even
