,time,species_0,species_1,species_2,species_3,species_4,species_5,species_6,species_7,species_8,species_9,ground_truth,timeseries_id,noise,n_species,did,n_timeseries,n_timepoints,sampling_scheme
0,0.0,0.04,0.05,0.01,0.02,0.02,0.07,0.01,0.09,0.07,0.03,10_sp_aij_38,36656,0.01,10,17280,1,5,even
1,7.272727272727273,0.1387304824682597,0.3268004492675574,0.0580482595855702,0.0882983957594857,0.1959555523816445,0.1647061937753583,0.0263587014501813,0.1973938562488126,0.2108148789866893,0.0478331958113349,10_sp_aij_38,36656,0.01,10,17280,1,5,even
2,14.84848484848485,0.1352519839448661,0.349215619715957,0.0481468464769313,0.0713844662527618,0.2022963357764342,0.1927249008104662,0.0405969199796169,0.221115073403242,0.238895930837401,0.0434668467474186,10_sp_aij_38,36656,0.01,10,17280,1,5,even
3,22.424242424242426,0.1349863150267784,0.3555672510415618,0.0419639581620217,0.0715713394172584,0.2008393230619396,0.2016335813704907,0.0485166280383694,0.2209858462190249,0.2401400425970771,0.0366229610882697,10_sp_aij_38,36656,0.01,10,17280,1,5,even
4,30.0,0.1344296270995406,0.3524864535398724,0.0396643968944138,0.0766668217088836,0.2008572453069896,0.2031290814076192,0.0502266693281212,0.2202075398995,0.2378963467081672,0.0374202699767994,10_sp_aij_38,36656,0.01,10,17280,1,5,even
