,time,species_0,species_1,species_2,species_3,species_4,species_5,species_6,species_7,species_8,species_9,ground_truth,timeseries_id,noise,n_species,did,n_timeseries,n_timepoints,sampling_scheme
0,0.0,0.04,0.05,0.01,0.02,0.02,0.07,0.01,0.09,0.07,0.03,10_sp_aij_36,36656,0.1,10,16477,1,10,random
1,7.272727272727273,0.2081522273247226,0.1577837105760566,0.3122197649519087,0.1217521749839434,0.2415621189959686,0.2084206459325611,0.0,0.046329782841904,0.1533017104532099,0.0452520974898382,10_sp_aij_36,36656,0.1,10,16477,1,10,random
2,10.0,0.0887286037970909,0.1482819463867705,0.3344457487741502,0.1301943329167314,0.4692341526408438,0.191941848017117,0.0,0.0305499303099524,0.1429783802655982,0.0439090785999478,10_sp_aij_36,36656,0.1,10,16477,1,10,random
3,13.636363636363637,0.0679680599966248,0.0833085792098276,0.5399468819897293,0.1383251823916168,0.4561905779191567,0.3357918105349818,0.0,0.0114735936080545,0.144504926875267,0.1255838525244657,10_sp_aij_36,36656,0.1,10,16477,1,10,random
4,14.84848484848485,0.0715761974127537,0.0821189824251027,0.467650745087749,0.1623092723794332,0.395515530930062,0.2632555346642528,0.0,0.0081975813259073,0.1598847778228288,0.1285546325852557,10_sp_aij_36,36656,0.1,10,16477,1,10,random
5,17.272727272727273,0.0838996243778231,0.0612168919451752,0.4547762755865247,0.1705415907353223,0.4035421859627069,0.3388204515222401,0.0,0.0044367230847281,0.176586561568654,0.2115597902568338,10_sp_aij_36,36656,0.1,10,16477,1,10,random
6,20.0,0.075067261339868,0.0684366563396227,0.4570102717292068,0.1689964369650602,0.4085890726465258,0.3143326633431609,0.0,0.0027906415074764,0.1357555593329613,0.136391001699765,10_sp_aij_36,36656,0.1,10,16477,1,10,random
7,23.63636363636364,0.0662184681545409,0.094678033569602,0.516289945140318,0.183766589504326,0.4924096136651825,0.2339756284566129,0.0,0.0,0.1374228494776498,0.1849663388312469,10_sp_aij_36,36656,0.1,10,16477,1,10,random
8,26.060606060606062,0.088037628983352,0.0587157417485549,0.4101068931740944,0.1760655797143046,0.602262625058077,0.3174594111911918,0.0,0.0,0.1685466775824029,0.2582727472105012,10_sp_aij_36,36656,0.1,10,16477,1,10,random
9,28.484848484848484,0.0663324817617811,0.0439787238980934,0.5069871246593836,0.2388846769820505,0.4609122638855328,0.3530402190438644,0.0,0.0,0.1186627634725807,0.2237643855253414,10_sp_aij_36,36656,0.1,10,16477,1,10,random
