,time,species_0,species_1,species_2,species_3,species_4,species_5,species_6,species_7,species_8,species_9,ground_truth,timeseries_id,noise,n_species,did,n_timeseries,n_timepoints,sampling_scheme
0,6.0606060606060606,0.0884122058080035,0.5627002175085783,0.030275908717146,0.3121542663881507,0.6801593521414873,0.1698741320807874,0.0551693628284202,0.1171854412473299,0.3160244088727345,0.736273457983631,10_sp_aij_5,36656,0.1,10,24573,1,5,seq
1,7.272727272727273,0.0833012028547844,0.4540977351027052,0.0872076870954779,0.3178876226995032,0.5717726174842407,0.143647264861489,0.0552687361992255,0.1042865956302626,0.2611445597022322,0.5585738673965418,10_sp_aij_5,36656,0.1,10,24573,1,5,seq
2,8.484848484848484,0.0675499018640981,0.4816901328775057,0.1585636917398931,0.2770626824716768,0.7430567737485021,0.1288632454941824,0.0526753198217909,0.1366487090308765,0.2748003832173661,0.6158213314870294,10_sp_aij_5,36656,0.1,10,24573,1,5,seq
3,10.0,0.0390484546722565,0.5687048030042334,0.2363984721688658,0.3968294192290336,0.8146431989508618,0.0776471849992348,0.0692848670875482,0.2057135410145932,0.3639909591319549,0.3749683097119069,10_sp_aij_5,36656,0.1,10,24573,1,5,seq
4,11.212121212121213,0.0302298021330847,0.4316790355162555,0.2688672699074214,0.2675639149418076,0.8274267392838337,0.0680528485865326,0.0950136350961077,0.2077964759429114,0.3538546315961048,0.5813339274569184,10_sp_aij_5,36656,0.1,10,24573,1,5,seq
