,time,species_0,species_1,species_2,species_3,species_4,species_5,species_6,species_7,species_8,species_9,ground_truth,timeseries_id,noise,n_species,did,n_timeseries,n_timepoints,sampling_scheme
0,13.636363636363637,0.2152887267218602,0.0091050451602596,0.0674946556304652,0.0680536367715181,0.0797683586931384,0.1263877937732633,0.5414076935490924,0.082844415498416,0.2542626668437194,0.2336458902479197,10_sp_aij_16,36656,0.1,10,4596,1,5,random
1,18.484848484848484,0.3680416021568066,0.0,0.0589236113875006,0.133326121431109,0.0933645143221888,0.1313183432725113,0.5124481924238379,0.1389843223223286,0.3645108466286215,0.2214032059705988,10_sp_aij_16,36656,0.1,10,4596,1,5,random
2,22.424242424242426,0.3230438967585281,0.0,0.0953223188120529,0.1496907003117597,0.1089023871429302,0.097785110888111,0.4459797855542673,0.1038324540734731,0.3475217220629749,0.1854410217169936,10_sp_aij_16,36656,0.1,10,4596,1,5,random
3,26.060606060606062,0.3904021612308245,0.0,0.0698190018929065,0.1342761893054742,0.1548016696792885,0.0932869066995053,0.4888957264032678,0.1003305135386516,0.4396915452362152,0.3059134922300062,10_sp_aij_16,36656,0.1,10,4596,1,5,random
4,30.0,0.3294599016710279,0.0,0.0486128928477228,0.1970351545195328,0.1063287142370396,0.1160437311456992,0.4361456787570766,0.1069462664794893,0.3498513146270905,0.2218570269745299,10_sp_aij_16,36656,0.1,10,4596,1,5,random
