,time,species_0,species_1,species_2,species_3,species_4,species_5,species_6,species_7,species_8,species_9,ground_truth,timeseries_id,noise,n_species,did,n_timeseries,n_timepoints,sampling_scheme
0,13.636363636363637,0.1263305546259102,0.112675879672475,0.4619484033175178,0.1686793814582887,0.4618403098623863,0.2974895122152409,0.0,0.0184613095207637,0.1563610662092782,0.1576653320228051,10_sp_aij_36,36656,0.01,10,16206,1,5,random
1,18.484848484848484,0.1048034874346441,0.0946995463109473,0.4847638437315576,0.1785133693190326,0.4799715244325391,0.3192898250303586,0.0,0.0074968312402358,0.1503266528120841,0.1813638720263812,10_sp_aij_36,36656,0.01,10,16206,1,5,random
2,22.424242424242426,0.0963902342962901,0.0849799006343711,0.5006080436415733,0.1779726645943695,0.4805221924577936,0.3140708850719021,0.0,0.0035068339545766,0.147306986867361,0.1814911544914528,10_sp_aij_36,36656,0.01,10,16206,1,5,random
3,26.060606060606062,0.0941648820100654,0.080975192007174,0.4911048955001231,0.1798540611522689,0.5023765294528358,0.3202798428856003,0.0,0.0,0.1480316328653783,0.1939656390207405,10_sp_aij_36,36656,0.01,10,16206,1,5,random
4,30.0,0.0869181313317108,0.0769904759373111,0.5079382282539079,0.1831651937786956,0.4848426898525034,0.3253111936472632,0.0,0.0,0.1424053003919871,0.1898621844423548,10_sp_aij_36,36656,0.01,10,16206,1,5,random
