,time,species_0,species_1,species_2,species_3,species_4,species_5,species_6,species_7,species_8,species_9,ground_truth,timeseries_id,noise,n_species,did,n_timeseries,n_timepoints,sampling_scheme
0,0.0,0.04,0.05,0.01,0.02,0.02,0.07,0.01,0.09,0.07,0.03,10_sp_aij_45,36656,0.01,10,21609,2,5,even
1,7.272727272727273,0.1914518788520373,0.1955319963040658,0.1315580992069719,0.0536340960574603,0.1722368059529606,0.1782459837153807,0.0225772951285623,0.0438152805550115,0.0531372541240744,0.1333311040696932,10_sp_aij_45,36656,0.01,10,21609,2,5,even
2,14.84848484848485,0.1929721826358614,0.2804162588557006,0.2280309669515854,0.1073896586494388,0.2204064994905868,0.2179914864392718,0.0798708024723928,0.0205928568385243,0.0399919611764285,0.1622695933732137,10_sp_aij_45,36656,0.01,10,21609,2,5,even
3,22.424242424242426,0.2055657296970261,0.2904927437479471,0.2414530541219912,0.1156676741328217,0.2229961348215262,0.2382638194188489,0.0959653006700991,0.0143426966637215,0.025220398612962,0.1634664520898212,10_sp_aij_45,36656,0.01,10,21609,2,5,even
4,30.0,0.2089016230188725,0.2906829654539138,0.2395473058691596,0.1201118484840022,0.2181072014605375,0.2422044888926336,0.094705220277946,0.010069986355757,0.0174845755407991,0.1671239159473502,10_sp_aij_45,36656,0.01,10,21609,2,5,even
5,0.0,0.02,0.02,0.02,0.02,0.04,0.09,0.05,0.04,0.02,0.04,10_sp_aij_45,2369231,0.01,10,21609,2,5,even
6,7.272727272727273,0.2114051030966304,0.1984130150130516,0.1435317597763259,0.049435738017627,0.1717032441509684,0.196589848233375,0.0460139882235418,0.0325932180479723,0.027558728140387,0.1331183729875774,10_sp_aij_45,2369231,0.01,10,21609,2,5,even
7,14.84848484848485,0.2054141040290313,0.2762613650147008,0.2331445178963785,0.1063847394129234,0.2197287008284095,0.2336799411573361,0.0851751920174045,0.0202452968939166,0.0301477421952668,0.1650448753490406,10_sp_aij_45,2369231,0.01,10,21609,2,5,even
8,22.424242424242426,0.2067544318287011,0.2974601485222698,0.242987269755715,0.1178273910998983,0.2319315598109653,0.2380533941397989,0.0964623753833242,0.0137904388799557,0.0202845299845728,0.163134553687654,10_sp_aij_45,2369231,0.01,10,21609,2,5,even
9,30.0,0.2197459897231299,0.2785463192336379,0.2317149245389937,0.1148263108096735,0.2255091125498966,0.2414338767586437,0.0955043884002105,0.0105886446240933,0.0163442995242915,0.1670309722080538,10_sp_aij_45,2369231,0.01,10,21609,2,5,even
