,time,species_0,species_1,species_2,species_3,species_4,species_5,species_6,species_7,species_8,species_9,ground_truth,timeseries_id,noise,n_species,did,n_timeseries,n_timepoints,sampling_scheme
0,13.636363636363637,0.1395437576048795,0.0654698806790358,0.3268546957304046,0.3418587151618578,0.0051665747079843,0.0852152205124292,0.0987058814023996,0.0288386975697942,0.1412966255597031,0.1056418911043092,10_sp_aij_31,36656,0.01,10,13506,1,5,random
1,18.484848484848484,0.1510693876220766,0.0638167649739093,0.3191334789396989,0.3432836106058273,0.0051385076124374,0.0919433122701798,0.0966496844112271,0.0255055748870247,0.1402533748354494,0.0975478700206121,10_sp_aij_31,36656,0.01,10,13506,1,5,random
2,22.424242424242426,0.1557293135312846,0.0638903290856267,0.3259521033258779,0.3418138906677077,0.0052597649541703,0.0911086689809776,0.0955377370565663,0.0240357096795527,0.1383070694345332,0.0912287245433881,10_sp_aij_31,36656,0.01,10,13506,1,5,random
3,26.060606060606062,0.1578613642829619,0.0656875799113658,0.3161949539005946,0.3437380110611068,0.0057844422170883,0.0920038596383263,0.0951017581557658,0.0226611629814375,0.1400941217332163,0.0961529040761538,10_sp_aij_31,36656,0.01,10,13506,1,5,random
4,30.0,0.1510801391545645,0.06713611950159,0.3206685227332525,0.3495830481604722,0.0057646489477502,0.093457107524115,0.0959056817567241,0.0216139481417217,0.1352341114422386,0.0957118609732025,10_sp_aij_31,36656,0.01,10,13506,1,5,random
