,time,species_0,species_1,species_2,species_3,species_4,species_5,species_6,species_7,species_8,species_9,ground_truth,timeseries_id,noise,n_species,did,n_timeseries,n_timepoints,sampling_scheme
0,13.636363636363637,0.2693125946094499,0.0196607010623794,0.5069005442971453,0.2508032362131436,0.3505761615418502,0.1865913341985799,0.1230720596347253,0.0945014198223462,0.1772410378903652,0.0385559295473007,10_sp_aij_4,36656,0.1,10,18636,1,5,random
1,18.484848484848484,0.3121860554633598,0.0093405979892375,0.4146667831651733,0.2901619019255712,0.3140046573765409,0.1852416907895467,0.080219769139429,0.1127538893783954,0.1896618140063424,0.0722729328508368,10_sp_aij_4,36656,0.1,10,18636,1,5,random
2,22.424242424242426,0.3024520751325575,0.0042275090475979,0.5280751446539552,0.2858624737392449,0.2911874284835318,0.1408535487909501,0.069830968407726,0.1039326483723878,0.1938550394378773,0.0437930853836545,10_sp_aij_4,36656,0.1,10,18636,1,5,random
3,26.060606060606062,0.3525882229277091,0.0035208076436651,0.3726504016803783,0.2680044538285652,0.4156936399608361,0.132666840343092,0.0589830026629797,0.0887730895072833,0.2107553947316097,0.0775384229914883,10_sp_aij_4,36656,0.1,10,18636,1,5,random
4,30.0,0.2803863241722565,0.0,0.3948949580068582,0.3231892558471635,0.2657964502659366,0.1794551603146114,0.0476432376119511,0.06958406769018,0.1406323333533146,0.094273710699528,10_sp_aij_4,36656,0.1,10,18636,1,5,random
