,time,species_0,species_1,species_2,species_3,species_4,species_5,species_6,species_7,species_8,species_9,ground_truth,timeseries_id,noise,n_species,did,n_timeseries,n_timepoints,sampling_scheme
0,0.0,0.04,0.05,0.01,0.02,0.02,0.07,0.01,0.09,0.07,0.03,10_sp_aij_36,36656,0.1,10,16479,2,5,even
1,7.272727272727273,0.2081522273247226,0.1577837105760566,0.3122197649519087,0.1217521749839434,0.2415621189959686,0.2084206459325611,0.0,0.046329782841904,0.1533017104532099,0.0452520974898382,10_sp_aij_36,36656,0.1,10,16479,2,5,even
2,14.84848484848485,0.0715761974127537,0.0821189824251027,0.467650745087749,0.1623092723794332,0.395515530930062,0.2632555346642528,0.0,0.0081975813259073,0.1598847778228288,0.1285546325852557,10_sp_aij_36,36656,0.1,10,16479,2,5,even
3,22.424242424242426,0.071004016338715,0.0587911685556582,0.5469583207483258,0.1645689571696409,0.4108207436276604,0.2826422136453528,0.0,0.0,0.1481871917430497,0.1358065320937348,10_sp_aij_36,36656,0.1,10,16479,2,5,even
4,30.0,0.0499352601237397,0.0429272656906852,0.5574228138808117,0.2140212713582091,0.4226176586048487,0.3724194151967082,0.0,0.0,0.120289750819851,0.201677421881213,10_sp_aij_36,36656,0.1,10,16479,2,5,even
5,0.0,0.02,0.02,0.02,0.02,0.04,0.09,0.05,0.04,0.02,0.04,10_sp_aij_36,2369231,0.1,10,16479,2,5,even
6,7.272727272727273,0.2169244880445816,0.1613532996788097,0.3004637778223676,0.07479536562529,0.3774684716525327,0.1702972973377888,0.0214248753489771,0.0617258899627686,0.1328533541688198,0.0617973681428942,10_sp_aij_36,2369231,0.1,10,16479,2,5,even
7,14.84848484848485,0.1418776886528412,0.0824509960671487,0.4826067853890841,0.1617179791358151,0.3771632665521081,0.3172806851573532,0.0332345433682493,0.0291057629599553,0.1744022168191394,0.1726028720605411,10_sp_aij_36,2369231,0.1,10,16479,2,5,even
8,22.424242424242426,0.1233204492089436,0.0839561480883895,0.4810154614730258,0.1674122570918131,0.568245697816507,0.2054536425523393,0.1239068224125644,0.0117838385384495,0.1378837983814566,0.1711602186489961,10_sp_aij_36,2369231,0.1,10,16479,2,5,even
9,30.0,0.2531225490040648,0.0412645047951831,0.3393993264259797,0.1304881578046179,0.4438569114111927,0.1946860649534485,0.1167986112165706,0.0080021405850307,0.119773156380342,0.272220090544385,10_sp_aij_36,2369231,0.1,10,16479,2,5,even
