,time,species_0,species_1,species_2,species_3,species_4,species_5,species_6,species_7,species_8,species_9,ground_truth,timeseries_id,noise,n_species,did,n_timeseries,n_timepoints,sampling_scheme
0,0.0,0.04,0.05,0.01,0.02,0.02,0.07,0.01,0.09,0.07,0.03,10_sp_aij_19,36656,0.1,10,6211,1,10,even
1,3.333333333333333,0.0819579046792176,0.2682963822436149,0.0086691106005293,0.1333945227432875,0.0240335358918604,0.0666700516958758,0.157225741974854,0.227213591005327,0.3754501045169083,0.0442897678995896,10_sp_aij_19,36656,0.1,10,6211,1,10,even
2,6.666666666666667,0.3097097380437564,0.3623174982163075,0.0518821726041646,0.4156764694175235,0.0403013830608873,0.0650994022212628,0.5725943577179516,0.3420606125882891,0.6468561929318429,0.0212536680968996,10_sp_aij_19,36656,0.1,10,6211,1,10,even
3,10.0,0.2464734833083394,0.4561386000223714,0.1587235558488426,0.6930033729355851,0.2244627076337265,0.0275271816840695,0.5406583188458295,0.5960212675938147,0.6895515167316298,0.0031396488832929,10_sp_aij_19,36656,0.1,10,6211,1,10,even
4,13.333333333333334,0.3218502764285362,0.349566226344521,0.1947146562605012,0.7526775105920038,0.3481148624774519,0.0383861658568632,0.7589287982877777,0.9371769621770436,0.8416053125169688,0.0,10_sp_aij_19,36656,0.1,10,6211,1,10,even
5,16.666666666666668,0.4645830038716729,0.2303592645756267,0.0876777009180264,0.67118294896811,0.4576147675001399,0.0427680538649705,0.6085938035147556,0.7439365792724312,0.6404338910896158,0.0,10_sp_aij_19,36656,0.1,10,6211,1,10,even
6,20.0,0.4025509115548819,0.2803954898038432,0.0703174713432246,0.649491934743821,0.2857565843063631,0.0923006066401152,0.725723949496454,0.6523837647665237,0.6023868707924019,0.0,10_sp_aij_19,36656,0.1,10,6211,1,10,even
7,23.333333333333336,0.3075668827497982,0.3526238200395203,0.1092747396999363,0.5813836332412702,0.3343657385180915,0.0578619743293749,0.6725730309307217,0.7170555160783753,0.6209548528667742,0.0,10_sp_aij_19,36656,0.1,10,6211,1,10,even
8,26.666666666666668,0.4178379093748914,0.2814525096763308,0.0799020530417915,0.6385824233601616,0.4890993910518878,0.0771290432228064,0.6860887355331202,0.6962212891887377,0.5794340667684035,0.0,10_sp_aij_19,36656,0.1,10,6211,1,10,even
9,30.0,0.3085552094056366,0.2671898840293187,0.064606533743896,0.7201559120872779,0.2538678597141628,0.0988151608438935,0.5235476317223973,0.6021059489172701,0.655134816449932,0.0,10_sp_aij_19,36656,0.1,10,6211,1,10,even
