,time,species_0,species_1,species_2,species_3,species_4,species_5,species_6,species_7,species_8,species_9,ground_truth,timeseries_id,noise,n_species,did,n_timeseries,n_timepoints,sampling_scheme
0,6.0606060606060606,0.1276434635397597,0.1968107030541566,0.12141946257637,0.0491902861516714,0.1275214665443648,0.2441675677296648,0.1279576124454532,0.158644211661781,0.1354053408393717,0.0502458210952583,10_sp_aij_24,36656,0.01,10,9183,1,5,seq
1,7.272727272727273,0.1128006194078413,0.2065702486518902,0.1253861647602183,0.0577053917909174,0.143675071471252,0.2500666079581775,0.1389266570892421,0.1750555193337692,0.1375261900919775,0.0487714406860119,10_sp_aij_24,36656,0.01,10,9183,1,5,seq
2,8.484848484848484,0.0954129820711627,0.2206480771233469,0.1224600645407663,0.0658033268983875,0.1612514487829101,0.251138349235262,0.1414521938981546,0.1901718309335389,0.1371131013760048,0.0466500206715454,10_sp_aij_24,36656,0.01,10,9183,1,5,seq
3,10.0,0.0750314060177014,0.2384867103057788,0.1128229578866944,0.0752036781065407,0.1779711670270989,0.2459734908618635,0.1418377380106715,0.198771252108674,0.131821493189736,0.0396755221606014,10_sp_aij_24,36656,0.01,10,9183,1,5,seq
4,11.212121212121213,0.062676789067525,0.2428042147962281,0.1062546762159598,0.0764304866180515,0.1793359751592735,0.2488517979317879,0.1407994027395689,0.1973436766428057,0.1245423187406152,0.0356682452616279,10_sp_aij_24,36656,0.01,10,9183,1,5,seq
