,time,species_0,species_1,species_2,species_3,species_4,species_5,species_6,species_7,species_8,species_9,ground_truth,timeseries_id,noise,n_species,did,n_timeseries,n_timepoints,sampling_scheme
0,6.0606060606060606,0.2055747085763657,0.1866151427267736,0.2415067089315751,0.0955109086091834,0.3194013662321845,0.1907027701048875,0.0,0.0618842593782629,0.1774544776063447,0.0545714324926976,10_sp_aij_36,36656,0.01,10,16203,1,5,seq
1,7.272727272727273,0.1979538189934649,0.1707807645011632,0.3019404294110756,0.1186598363368785,0.3483081050686633,0.2128441310968547,0.0,0.0522019460297387,0.1707495339957162,0.0683631744177544,10_sp_aij_36,36656,0.01,10,16203,1,5,seq
2,8.484848484848484,0.1802614161029593,0.158298752218794,0.3442066077849129,0.1342500417908926,0.3882145747840372,0.2327295611689438,0.0,0.0442869215145074,0.1672392606472372,0.086601651668915,10_sp_aij_36,36656,0.01,10,16203,1,5,seq
3,10.0,0.1587497897944087,0.1451206577549589,0.3830735276998883,0.1515990042155936,0.4256761752548847,0.2476115569380727,0.0,0.0351314637967149,0.1629585656621247,0.1057472385751841,10_sp_aij_36,36656,0.01,10,16203,1,5,seq
4,11.212121212121213,0.1467252249526693,0.1329651304393999,0.4132301674782109,0.1541102581004129,0.435148119667274,0.2631097185015928,0.0,0.0284529484844465,0.1580295006261784,0.1247580643373165,10_sp_aij_36,36656,0.01,10,16203,1,5,seq
