,time,species_0,species_1,species_2,species_3,species_4,species_5,species_6,species_7,species_8,species_9,ground_truth,timeseries_id,noise,n_species,did,n_timeseries,n_timepoints,sampling_scheme
0,13.636363636363637,0.3618506327645581,0.0115625637853959,0.0507108560368789,0.1353152790606624,0.1277959228200748,0.1088125272571751,0.4978294540818447,0.1319572571309542,0.3369164165575306,0.2187096799384191,10_sp_aij_16,36656,0.01,10,4326,1,5,random
1,18.484848484848484,0.3924784510012663,0.010046694670045,0.0537212015764162,0.1706428608827072,0.1476587569683895,0.1065868801809789,0.5106235876724815,0.1370322943115991,0.3712597863269512,0.2150225888396674,10_sp_aij_16,36656,0.01,10,4326,1,5,random
2,22.424242424242426,0.3922655209778726,0.0106772591383531,0.0565242384673942,0.1783647550448211,0.153725380810734,0.1021990541140446,0.5072711195605085,0.1332732461573029,0.3759871575823764,0.2108989991033884,10_sp_aij_16,36656,0.01,10,4326,1,5,random
3,26.060606060606062,0.4004411352994006,0.0114884304610474,0.0548730539387654,0.179384015223713,0.1612308919834283,0.101571416362248,0.5117280593541786,0.1329851795755612,0.3873570723294357,0.2205982694387613,10_sp_aij_16,36656,0.01,10,4326,1,5,random
4,30.0,0.3945190566168705,0.0118863900783523,0.0522449005090774,0.1865858342044667,0.1557978361495074,0.103711429653438,0.5056882773204328,0.133072014623296,0.3797010853164532,0.2133221232188891,10_sp_aij_16,36656,0.01,10,4326,1,5,random
