,time,species_0,species_1,species_2,species_3,species_4,species_5,species_6,species_7,species_8,species_9,ground_truth,timeseries_id,noise,n_species,did,n_timeseries,n_timepoints,sampling_scheme
0,6.0606060606060606,0.0155067136612461,0.0487284956839427,0.157636996162385,0.2773129807842142,0.3112810343656464,0.093280837418899,0.0347934483758667,0.0509696871081198,0.2700622186509778,0.4102677004438537,10_sp_aij_11,36656,0.1,10,1893,1,5,seq
1,7.272727272727273,0.013570997085457,0.0400001967499375,0.1914120687122572,0.3065013921308566,0.3060403741726428,0.0787267105394297,0.0476833531660983,0.0336624397780603,0.2074471663618206,0.3793740026803335,10_sp_aij_11,36656,0.1,10,1893,1,5,seq
2,8.484848484848484,0.0101737272532777,0.0465785843304333,0.1764447979484503,0.2827653980893505,0.4341844251086807,0.0677378814271675,0.0543318534506028,0.029696423789493,0.2094107026490871,0.4493883371114781,10_sp_aij_11,36656,0.1,10,1893,1,5,seq
3,10.0,0.0045070768719145,0.0600591783779902,0.1594221518171731,0.3248361364141033,0.5384620742984066,0.0554230639667195,0.0552545717142774,0.0350623502617146,0.2121942650494523,0.3003754508373337,10_sp_aij_11,36656,0.1,10,1893,1,5,seq
4,11.212121212121213,0.0029912602002353,0.0611116400591353,0.1834026383056552,0.2188210943798958,0.4470735916938152,0.0594080912215194,0.0587876205056493,0.0355316766767726,0.1845541708565143,0.4283527020638698,10_sp_aij_11,36656,0.1,10,1893,1,5,seq
