,time,species_0,species_1,species_2,species_3,species_4,species_5,species_6,species_7,species_8,species_9,ground_truth,timeseries_id,noise,n_species,did,n_timeseries,n_timepoints,sampling_scheme
0,0.0,0.04,0.05,0.01,0.02,0.02,0.07,0.01,0.09,0.07,0.03,10_sp_aij_44,36656,0.1,10,21330,1,5,even
1,7.272727272727273,0.2247657304274014,0.0305342735905758,0.0959296690201892,0.0507076297252723,0.2282381554891812,0.1849265933494879,0.103001965972319,0.1146047546993361,0.027999043179565,0.2380371465609152,10_sp_aij_44,36656,0.1,10,21330,1,5,even
2,14.84848484848485,0.0974578247224891,0.0057558635477011,0.0998429946306862,0.0760398332633544,0.2028619207845919,0.1511908248093094,0.145123652388191,0.1838347720429535,0.0215182487322983,0.2798658935570181,10_sp_aij_44,36656,0.1,10,21330,1,5,even
3,22.424242424242426,0.1434352401871122,0.0,0.1163931955274088,0.1035320568114078,0.2529885110938457,0.167210331892328,0.1110022287758323,0.1601069321234415,0.0382711017698385,0.2452002979275934,10_sp_aij_44,36656,0.1,10,21330,1,5,even
4,30.0,0.1282202452172787,0.0,0.0523890941567281,0.1536751682470687,0.2296964431909753,0.1644058294225315,0.082923934088595,0.207842735604894,0.034737414833884,0.2619677853655311,10_sp_aij_44,36656,0.1,10,21330,1,5,even
