,time,species_0,species_1,species_2,species_3,species_4,species_5,species_6,species_7,species_8,species_9,ground_truth,timeseries_id,noise,n_species,did,n_timeseries,n_timepoints,sampling_scheme
0,13.636363636363637,0.0,0.0597691072360113,0.4148393300175816,0.3091923168171349,0.107934157214071,0.1318810804691301,0.2155105744902438,0.4577959256553086,0.0332530516848854,0.0620827673483291,10_sp_aij_21,36656,0.1,10,7836,1,5,random
1,18.484848484848484,0.0,0.0880334663654461,0.2869905907592471,0.2528346777622567,0.1056297316940907,0.2083632306520122,0.1607632744182015,0.424192462895813,0.1059555907143623,0.0395817453588596,10_sp_aij_21,36656,0.1,10,7836,1,5,random
2,22.424242424242426,0.0,0.079445576062762,0.3883913470679882,0.2530677115491813,0.1288992553217139,0.1665736322343249,0.1332457834737913,0.4096751019304709,0.1286162836904553,0.0171365994959074,10_sp_aij_21,36656,0.1,10,7836,1,5,random
3,26.060606060606062,0.0,0.0850678890953322,0.2758483780863072,0.2472054810779733,0.2193327025345614,0.1634876665928346,0.1293830060897159,0.3950504258414681,0.143198758979166,0.034898748808613,10_sp_aij_21,36656,0.1,10,7836,1,5,random
4,30.0,0.0,0.0938210859299452,0.3205927137541309,0.2419480064728095,0.1234330346467582,0.1843774645334083,0.1080191726282874,0.3826386475874025,0.1351505601113529,0.0398526842203857,10_sp_aij_21,36656,0.1,10,7836,1,5,random
