,time,species_0,species_1,species_2,species_3,species_4,species_5,species_6,species_7,species_8,species_9,ground_truth,timeseries_id,noise,n_species,did,n_timeseries,n_timepoints,sampling_scheme
0,0.0,0.04,0.05,0.01,0.02,0.02,0.07,0.01,0.09,0.07,0.03,10_sp_aij_0,36656,0.01,10,0,1,5,even
1,7.272727272727273,0.1925141869203948,0.0580364982790451,0.1570879470814836,0.1951580644310943,0.0365337665273737,0.0898700740125076,0.1690199381550417,0.056088993743861,0.2011470192788466,0.186020197262281,10_sp_aij_0,36656,0.01,10,0,1,5,even
2,14.84848484848485,0.2436100361168842,0.0714929995733889,0.203787483610974,0.2060022898933663,0.073643362686818,0.1474373557910577,0.2249457043207199,0.0509461087083973,0.1558853500982527,0.2531960773108537,10_sp_aij_0,36656,0.01,10,0,1,5,even
3,22.424242424242426,0.2426576144960915,0.0897040828306011,0.1894408315251959,0.2253123031532897,0.08404259091049,0.1410309462135004,0.2173370227509999,0.0601820373005637,0.1368421486476817,0.2375850391561367,10_sp_aij_0,36656,0.01,10,0,1,5,even
4,30.0,0.2419430819710711,0.0968641910671503,0.1830689931404809,0.2330514229221562,0.0901975760096725,0.1453862649431464,0.2127166282257526,0.0630361541127628,0.1305873872569088,0.2361746697290917,10_sp_aij_0,36656,0.01,10,0,1,5,even
