,time,species_0,species_1,species_2,species_3,species_4,species_5,species_6,species_7,species_8,species_9,ground_truth,timeseries_id,noise,n_species,did,n_timeseries,n_timepoints,sampling_scheme
0,0.0,0.04,0.05,0.01,0.02,0.02,0.07,0.01,0.09,0.07,0.03,10_sp_aij_42,36656,0.01,10,19989,2,5,even
1,7.272727272727273,0.0611487259826291,0.1228944783578042,0.1425906412586318,0.292012755901515,0.3146352758581857,0.2012735109908817,0.2180130549224635,0.0722184833517842,0.1929730470345773,0.2825020973788884,10_sp_aij_42,36656,0.01,10,19989,2,5,even
2,14.84848484848485,0.0798483829315717,0.0923608034797374,0.2201190094924043,0.3316628755418198,0.3573948544612,0.2217875094795907,0.2303728540073651,0.0137353013225286,0.2117452773512499,0.2234373316553288,10_sp_aij_42,36656,0.01,10,19989,2,5,even
3,22.424242424242426,0.0955487378063073,0.091481008085646,0.2149730177990136,0.3240872558720998,0.341906495321589,0.2181931536211898,0.2127668360278233,0.0058597193337556,0.2059696497088036,0.2191700679613962,10_sp_aij_42,36656,0.01,10,19989,2,5,even
4,30.0,0.0980553721021082,0.092517468434196,0.2040409947702215,0.3267961336195277,0.3412144715633907,0.2201342061589995,0.2047683382468031,0.0036228905619836,0.2000921392653747,0.2242027912939907,10_sp_aij_42,36656,0.01,10,19989,2,5,even
5,0.0,0.02,0.02,0.02,0.02,0.04,0.09,0.05,0.04,0.02,0.04,10_sp_aij_42,2369231,0.01,10,19989,2,5,even
6,7.272727272727273,0.0625121564838724,0.1228287381604915,0.1709859288863729,0.2874255138164383,0.3155798614155681,0.1972613798081809,0.2069257890182553,0.066433099407213,0.1975719064969217,0.2549563596865155,10_sp_aij_42,2369231,0.01,10,19989,2,5,even
7,14.84848484848485,0.0871678396648241,0.0911499237009888,0.2174473767187343,0.3332310165561251,0.3544251336006682,0.2265139671297737,0.2250413442403374,0.0143999028457032,0.2097158010252125,0.2314323782864432,10_sp_aij_42,2369231,0.01,10,19989,2,5,even
8,22.424242424242426,0.0973992410585753,0.0961636499006715,0.2082547800578502,0.3281525334416454,0.351712708967238,0.2152377900892133,0.211066455354962,0.0069006381308043,0.2007244071810744,0.2209590436241593,10_sp_aij_42,2369231,0.01,10,19989,2,5,even
9,30.0,0.1080349699201186,0.0925520509325725,0.1975980415747953,0.3130742656923663,0.3347983408538236,0.2136252055559354,0.2008070738546953,0.0049531258853022,0.1967321785968085,0.2294673814287219,10_sp_aij_42,2369231,0.01,10,19989,2,5,even
