,time,species_0,species_1,species_2,species_3,species_4,species_5,species_6,species_7,species_8,species_9,ground_truth,timeseries_id,noise,n_species,did,n_timeseries,n_timepoints,sampling_scheme
0,0.0,0.04,0.05,0.01,0.02,0.02,0.07,0.01,0.09,0.07,0.03,10_sp_aij_13,36656,0.1,10,2970,1,5,even
1,7.272727272727273,0.0333437424382754,0.0242609559511559,0.2583428220076004,0.3742185104623491,0.2667541413467634,0.216509784304581,0.2602879208719973,0.0386869460949406,0.1273126393781729,0.1899892960575769,10_sp_aij_13,36656,0.1,10,2970,1,5,even
2,14.84848484848485,0.0,0.0285915882593283,0.2302542474465667,0.3436300431244098,0.2635038278787601,0.2146666356004651,0.2346115285352704,0.0186377716491219,0.1556577251266545,0.1820355255579564,10_sp_aij_13,36656,0.1,10,2970,1,5,even
3,22.424242424242426,0.0,0.0279738420220084,0.2641967006303143,0.3373801267173107,0.2642969530155402,0.2032445912379701,0.1954971080888995,0.0145606169038892,0.1682168692516541,0.1603461572460464,10_sp_aij_13,36656,0.1,10,2970,1,5,even
4,30.0,0.0,0.0333736904610353,0.2329388795397838,0.3729500521515367,0.2267748144641173,0.2125539200834828,0.1455536356694412,0.0067698770897529,0.1447146998177486,0.2382007908362829,10_sp_aij_13,36656,0.1,10,2970,1,5,even
