,time,species_0,species_1,species_2,species_3,species_4,species_5,species_6,species_7,species_8,species_9,ground_truth,timeseries_id,noise,n_species,did,n_timeseries,n_timepoints,sampling_scheme
0,0.0,0.04,0.05,0.01,0.02,0.02,0.07,0.01,0.09,0.07,0.03,10_sp_aij_6,36656,0.1,10,25110,1,5,even
1,7.272727272727273,0.3338619546510403,0.0882019970392619,0.1103819944778996,0.0533274826633218,0.0074611474136964,0.0730832970615256,0.0859789582072507,0.0608596199580659,0.0476509346479497,0.0877275186032648,10_sp_aij_6,36656,0.1,10,25110,1,5,even
2,14.84848484848485,0.2894315082286392,0.0383743361889348,0.1321835446280186,0.065591974273555,0.0088783153596759,0.1007208230380803,0.1218552367145901,0.0571142033365977,0.0652234371728046,0.092141353200396,10_sp_aij_6,36656,0.1,10,25110,1,5,even
3,22.424242424242426,0.2789004834902364,0.0520841897158439,0.1413483458720547,0.1002162962700458,0.0064386879395214,0.0925966605789817,0.0909239278911865,0.0583194286258607,0.0747485250813922,0.0773717280582395,10_sp_aij_6,36656,0.1,10,25110,1,5,even
4,30.0,0.2345821035523581,0.0528073961150652,0.1183393343954653,0.1485432894818101,0.0085177519723387,0.123718290631708,0.0739472124235578,0.0525046050537633,0.0507817851873354,0.1096015314266791,10_sp_aij_6,36656,0.1,10,25110,1,5,even
