,time,species_0,species_1,species_2,species_3,species_4,species_5,species_6,species_7,species_8,species_9,ground_truth,timeseries_id,noise,n_species,did,n_timeseries,n_timepoints,sampling_scheme
0,0.0,0.04,0.05,0.01,0.02,0.02,0.07,0.01,0.09,0.07,0.03,10_sp_aij_25,36656,0.01,10,9720,1,5,even
1,7.272727272727273,0.1970365506441063,0.3108330144222739,0.0449199252050997,0.0932007110994084,0.048098096740363,0.0112766155518779,0.2970798033403259,0.0946297043063438,0.2282203509023359,0.2232351618169838,10_sp_aij_25,36656,0.01,10,9720,1,5,even
2,14.84848484848485,0.1473532367587195,0.3730177527740393,0.0829826628834178,0.1785889920216031,0.0437310405737362,0.0055257326733307,0.3133471645356379,0.0672491492304838,0.3128612708582162,0.2983152935748199,10_sp_aij_25,36656,0.01,10,9720,1,5,even
3,22.424242424242426,0.1359008666698203,0.3823452725834445,0.0920850946856582,0.1950479862091163,0.0335011924645847,0.0042339551288429,0.3148958631938608,0.0557411934108109,0.3185192653513293,0.3043238103739518,10_sp_aij_25,36656,0.01,10,9720,1,5,even
4,30.0,0.1284545413247718,0.3805310592674181,0.0878455538506638,0.2017896575739117,0.0297223218358042,0.0039493483117608,0.3062313579371816,0.0510377353974639,0.3192507711631372,0.3077923486480782,10_sp_aij_25,36656,0.01,10,9720,1,5,even
