,time,species_0,species_1,species_2,species_3,species_4,species_5,species_6,species_7,species_8,species_9,ground_truth,timeseries_id,noise,n_species,did,n_timeseries,n_timepoints,sampling_scheme
0,0.0,0.04,0.05,0.01,0.02,0.02,0.07,0.01,0.09,0.07,0.03,10_sp_aij_19,36656,0.01,10,5949,2,5,even
1,7.272727272727273,0.3090866274565625,0.3177624322236214,0.0597702515875431,0.4862785818170231,0.0963532906119588,0.0593448459554768,0.5552134103332785,0.4297859666574721,0.5747269078057392,0.0251851748682357,10_sp_aij_19,36656,0.01,10,5949,2,5,even
2,14.84848484848485,0.4280677922531631,0.324843016481769,0.1031570925748029,0.6990709016755151,0.3507069444871151,0.0770790882101377,0.6747073433312591,0.7366500772295228,0.6665141023358675,0.0087122764367829,10_sp_aij_19,36656,0.01,10,5949,2,5,even
3,22.424242424242426,0.3941310858944575,0.3020672815294575,0.0843951056424644,0.6560739402244958,0.3298924777828797,0.0920485149689347,0.6431195926026806,0.700929690428828,0.6169159080978543,0.0122765850548821,10_sp_aij_19,36656,0.01,10,5949,2,5,even
4,30.0,0.39270415777876,0.2993927682619614,0.0785491835533386,0.6598399406451331,0.3203099433681631,0.0938918699488767,0.634803659096449,0.6878432621880338,0.6189942734913587,0.0179912819308297,10_sp_aij_19,36656,0.01,10,5949,2,5,even
5,0.0,0.02,0.02,0.02,0.02,0.04,0.09,0.05,0.04,0.02,0.04,10_sp_aij_19,2369231,0.01,10,5949,2,5,even
6,7.272727272727273,0.3155268915990706,0.3124474145167158,0.0493905438871878,0.4642511744801826,0.1320408705127625,0.0514849149644181,0.5421966652146671,0.4654791229408028,0.5503763536838191,0.0406353301906861,10_sp_aij_19,2369231,0.01,10,5949,2,5,even
7,14.84848484848485,0.4172486188745154,0.3086584918573245,0.0957951384525468,0.6808834841342102,0.3339634968149163,0.0824074781751438,0.6608262228394678,0.7363838149660934,0.6405208478131207,0.0180886849200333,10_sp_aij_19,2369231,0.01,10,5949,2,5,even
8,22.424242424242426,0.3898393562349297,0.3018811680684135,0.0800471206780188,0.6623364706242971,0.3276164819692821,0.0922559487919221,0.6434992558260662,0.6884668104167864,0.6116192654999223,0.0230368555116397,10_sp_aij_19,2369231,0.01,10,5949,2,5,even
9,30.0,0.4036879661622861,0.2825020881158755,0.0733232547016417,0.6355270442203863,0.3226449653389425,0.0916062484533993,0.6366458418909662,0.6826745335476399,0.591496681272468,0.0274012318206859,10_sp_aij_19,2369231,0.01,10,5949,2,5,even
