,time,species_0,species_1,species_2,species_3,species_4,species_5,species_6,species_7,species_8,species_9,ground_truth,timeseries_id,noise,n_species,did,n_timeseries,n_timepoints,sampling_scheme
0,0.0,0.04,0.05,0.01,0.02,0.02,0.07,0.01,0.09,0.07,0.03,10_sp_aij_9,36656,0.01,10,26460,1,5,even
1,7.272727272727273,0.0220287932667021,0.0807035264280177,0.0867586044867019,0.0237672205490866,0.0155297308725419,0.0626640669208182,0.0679397157651827,0.0811716005751312,0.0367115145092423,0.0891364696954478,10_sp_aij_9,36656,0.01,10,26460,1,5,even
2,14.84848484848485,0.0157854618919141,0.05555887370713,0.0936672076592045,0.0206480855073644,0.017256328342281,0.0580454803073514,0.1075490983313229,0.1109909542914252,0.0365360951145663,0.1100418552006395,10_sp_aij_9,36656,0.01,10,26460,1,5,even
3,22.424242424242426,0.0245287142533626,0.0471717045844113,0.0731304535600514,0.0175754616234389,0.0141386525173044,0.0611404399467615,0.112558996766486,0.1128521844889083,0.0374217699893911,0.1292155654279219,10_sp_aij_9,36656,0.01,10,26460,1,5,even
4,30.0,0.0365691152817012,0.0471580894253361,0.0579932921473487,0.0169632246819526,0.0117662442672187,0.0691869237966111,0.1104207360149181,0.1096612197886379,0.0336331795152988,0.1438118326905035,10_sp_aij_9,36656,0.01,10,26460,1,5,even
