,time,species_0,species_1,species_2,species_3,species_4,species_5,species_6,species_7,species_8,species_9,ground_truth,timeseries_id,noise,n_species,did,n_timeseries,n_timepoints,sampling_scheme
0,13.636363636363637,0.2101120557419596,0.404329816548462,0.0868455391305297,0.1719525929972714,0.10461892495207,0.8271921598114598,0.3244051839393604,0.2333395156507572,0.2048157169227598,0.5366746135619856,10_sp_aij_27,36656,0.01,10,10806,1,5,random
1,18.484848484848484,0.2153623960840897,0.4214623306502715,0.0814307688330427,0.1731556120130249,0.1037166343653447,0.8214490308138351,0.3215633055780665,0.236584937534143,0.2022861665300885,0.5338718052461044,10_sp_aij_27,36656,0.01,10,10806,1,5,random
2,22.424242424242426,0.2134081489959785,0.4009057859313739,0.0870597099320706,0.1734168482025775,0.1018438002935956,0.8066070504765591,0.3162961486419968,0.2297805683423936,0.2041365707133366,0.5252709930420207,10_sp_aij_27,36656,0.01,10,10806,1,5,random
3,26.060606060606062,0.2175237352130509,0.4049624383780113,0.0846499784394207,0.1723840281783438,0.1069845217179427,0.8189853246708411,0.3187527838159053,0.2299742640931977,0.2054361510286902,0.5479107307467375,10_sp_aij_27,36656,0.01,10,10806,1,5,random
4,30.0,0.2144426211394258,0.4042067956528328,0.0831799588473844,0.1785738250567251,0.102780432415829,0.8212907881556609,0.3120994452181359,0.2351055707875911,0.2019730068644886,0.5279890612372462,10_sp_aij_27,36656,0.01,10,10806,1,5,random
