,time,species_0,species_1,species_2,species_3,species_4,species_5,species_6,species_7,species_8,species_9,ground_truth,timeseries_id,noise,n_species,did,n_timeseries,n_timepoints,sampling_scheme
0,0.0,0.04,0.05,0.01,0.02,0.02,0.07,0.01,0.09,0.07,0.03,10_sp_aij_47,36656,0.01,10,22680,1,5,even
1,7.272727272727273,0.0803681181397242,0.5202181330303385,0.0577557084883656,0.1051371330439346,0.1727244836078697,0.0895726129103706,0.0742864951046932,0.0474749445554768,0.2586870669454602,0.091708021481195,10_sp_aij_47,36656,0.01,10,22680,1,5,even
2,14.84848484848485,0.1025152082332309,0.5098598693727987,0.0831273782868938,0.1403336795933923,0.1683074604652502,0.0509866967598411,0.0728768475315019,0.0475625863988562,0.2775431077589368,0.1317777886057208,10_sp_aij_47,36656,0.01,10,22680,1,5,even
3,22.424242424242426,0.1116240700706682,0.5089071244522057,0.1003938809141751,0.1457101309001235,0.1705687535270382,0.0358297552735621,0.0706530644341071,0.0505020410598294,0.2825843834769525,0.1423061892101544,10_sp_aij_47,36656,0.01,10,22680,1,5,even
4,30.0,0.1110535351805645,0.4964456748831346,0.1027161892431381,0.1538894890637492,0.1649208322079656,0.0303955612553949,0.066125652374014,0.0528361395137314,0.2814074439525369,0.1477108579904471,10_sp_aij_47,36656,0.01,10,22680,1,5,even
