,time,species_0,species_1,species_2,species_3,species_4,species_5,species_6,species_7,species_8,species_9,ground_truth,timeseries_id,noise,n_species,did,n_timeseries,n_timepoints,sampling_scheme
0,13.636363636363637,0.3606521807225185,0.1514805015911579,0.0101207896930515,0.1482984081024216,0.0513619311603568,0.1781595448490513,0.0722253754433776,0.4845595852421334,0.3126313865945777,0.1565351310744898,10_sp_aij_28,36656,0.01,10,11346,1,5,random
1,18.484848484848484,0.3621666488881558,0.1545224130502571,0.0113957016042086,0.143448962710799,0.0467987456910723,0.1792969094441069,0.0834031733807495,0.4911369053574223,0.3067945212628413,0.1575764028363688,10_sp_aij_28,36656,0.01,10,11346,1,5,random
2,22.424242424242426,0.3577931944173965,0.1478574524998649,0.013269339217008,0.1393583506263275,0.0448475991652962,0.1738664021507319,0.0866287309850487,0.4863025628790847,0.3051454984082217,0.1535787786244591,10_sp_aij_28,36656,0.01,10,11346,1,5,random
3,26.060606060606062,0.3621193565095955,0.1469060012537432,0.0141279707211804,0.1396403240288007,0.0471190364636188,0.1776118540813667,0.087469189291613,0.4848756139267173,0.3126336258941826,0.1639062390347135,10_sp_aij_28,36656,0.01,10,11346,1,5,random
4,30.0,0.3585990807212945,0.1504143194091651,0.0142457411030894,0.1461260270888824,0.0462609435404641,0.1822850994254079,0.0839641782521321,0.4831923268541976,0.3052538195313879,0.1595235167428738,10_sp_aij_28,36656,0.01,10,11346,1,5,random
