,time,species_0,species_1,species_2,species_3,species_4,species_5,species_6,species_7,species_8,species_9,ground_truth,timeseries_id,noise,n_species,did,n_timeseries,n_timepoints,sampling_scheme
0,0.0,0.04,0.05,0.01,0.02,0.02,0.07,0.01,0.09,0.07,0.03,10_sp_aij_36,36656,0.01,10,16207,1,10,random
1,7.272727272727273,0.1979538189934649,0.1707807645011632,0.3019404294110756,0.1186598363368785,0.3483081050686633,0.2128441310968547,0.0,0.0522019460297387,0.1707495339957162,0.0683631744177544,10_sp_aij_36,36656,0.01,10,16207,1,10,random
2,10.0,0.1587497897944087,0.1451206577549589,0.3830735276998883,0.1515990042155936,0.4256761752548847,0.2476115569380727,0.0,0.0351314637967149,0.1629585656621247,0.1057472385751841,10_sp_aij_36,36656,0.01,10,16207,1,10,random
3,13.636363636363637,0.1263305546259102,0.112675879672475,0.4619484033175178,0.1686793814582887,0.4618403098623863,0.2974895122152409,0.0,0.0184613095207637,0.1563610662092782,0.1576653320228051,10_sp_aij_36,36656,0.01,10,16207,1,10,random
4,14.84848484848485,0.1196785458407736,0.1065131130010613,0.4663445333830122,0.1736220678081364,0.4622393980245655,0.2971249324624438,0.0,0.0146991668629864,0.1557715518736546,0.1650953596870616,10_sp_aij_36,36656,0.01,10,16207,1,10,random
5,17.272727272727273,0.1106854760789875,0.0955144174076464,0.4792116898876157,0.1767878892009262,0.4716906081390952,0.3133786671627627,0.0,0.0092514427361994,0.1537391920848377,0.1819337693581482,10_sp_aij_36,36656,0.01,10,16207,1,10,random
6,20.0,0.1013908815756067,0.0899855232454732,0.4882832434298023,0.1781537778287315,0.4778164174249526,0.3161742655730047,0.0,0.0055889350586238,0.1473909377106605,0.178745732890388,10_sp_aij_36,36656,0.01,10,16207,1,10,random
7,23.63636363636364,0.0943743800420128,0.0877817794302922,0.4989233870101819,0.1806525438914499,0.4897196366601287,0.3095895641675475,0.0,0.0027882783559279,0.1456970599916982,0.1870125300588603,10_sp_aij_36,36656,0.01,10,16207,1,10,random
8,26.060606060606062,0.0941648820100654,0.080975192007174,0.4911048955001231,0.1798540611522689,0.5023765294528358,0.3202798428856003,0.0,0.0,0.1480316328653783,0.1939656390207405,10_sp_aij_36,36656,0.01,10,16207,1,10,random
9,28.484848484848484,0.0899060098915783,0.0775537738655523,0.5020249449342798,0.1852430431411728,0.4887326233273937,0.3244590240131088,0.0,0.0,0.1419546827928734,0.1915062387379668,10_sp_aij_36,36656,0.01,10,16207,1,10,random
