,time,species_0,species_1,species_2,species_3,species_4,species_5,species_6,species_7,species_8,species_9,ground_truth,timeseries_id,noise,n_species,did,n_timeseries,n_timepoints,sampling_scheme
0,13.636363636363637,0.0779588695959749,0.2608285476467561,0.1328314790484158,0.0823960215537913,0.1824611603703939,0.1790855354407029,0.0386335483986281,0.1585549266240133,0.2057404727858939,0.0394735155856945,10_sp_aij_38,36656,0.1,10,17556,1,5,random
1,18.484848484848484,0.1257626932612726,0.3907613203852595,0.0586346197000315,0.0876542474290745,0.1983539502308977,0.196903615415772,0.0320811696799344,0.2042097224273042,0.2344435684671509,0.0454990892070389,10_sp_aij_38,36656,0.1,10,17556,1,5,random
2,22.424242424242426,0.1289721471022235,0.3088815869189995,0.0760844755964003,0.0811907470304526,0.1746648658768965,0.1679499341329229,0.0365340299804848,0.1747549954107133,0.2364512264061765,0.0245030003666972,10_sp_aij_38,36656,0.1,10,17556,1,5,random
3,26.060606060606062,0.1664907602235223,0.2726886768695318,0.0652168023524524,0.0833393280928025,0.2855090327145372,0.1543275248669577,0.0376503744270401,0.1680739970388488,0.259166709414083,0.0521010617097913,10_sp_aij_38,36656,0.1,10,17556,1,5,random
4,30.0,0.1125433150467527,0.285086032275919,0.0569811179283053,0.112017949079865,0.1690549320997219,0.1841414457382323,0.0307065208351563,0.1770271882536206,0.2023940288296384,0.0475334762866968,10_sp_aij_38,36656,0.1,10,17556,1,5,random
