,time,species_0,species_1,species_2,species_3,species_4,species_5,species_6,species_7,species_8,species_9,ground_truth,timeseries_id,noise,n_species,did,n_timeseries,n_timepoints,sampling_scheme
0,6.0606060606060606,0.1171112787857931,0.0959614726325545,0.011337546530883,0.0919851451915882,0.0491189623002061,0.140697357972086,0.0743495756749648,0.1582455808235303,0.1320094772604499,0.046606849194874,10_sp_aij_15,36656,0.01,10,3783,1,5,seq
1,7.272727272727273,0.1154253783110187,0.1048785987301193,0.0117076209815102,0.1033880944410675,0.054259797127618,0.1493231654574034,0.0997551326086922,0.1562809548987463,0.1448500272023406,0.0494256605862608,10_sp_aij_15,36656,0.01,10,3783,1,5,seq
2,8.484848484848484,0.1112628360117604,0.1143698247349846,0.0121479297168396,0.1093970711695251,0.0620854616602794,0.1576776223627488,0.1237815258172302,0.1546447485723225,0.1589323615604587,0.0532376199882427,10_sp_aij_15,36656,0.01,10,3783,1,5,seq
3,10.0,0.1047797312099473,0.1215907893394331,0.0127642016426755,0.1126155264635842,0.0734997364478817,0.1626856294823428,0.1492957177771659,0.1484460435868263,0.1737471169502099,0.0541556345361933,10_sp_aij_15,36656,0.01,10,3783,1,5,seq
4,11.212121212121213,0.103353637026314,0.1215476293270291,0.0135549287870573,0.1077605502921695,0.0804217388752641,0.1681474616291005,0.1653136892169511,0.138629245644486,0.1793380694172958,0.0570015245245037,10_sp_aij_15,36656,0.01,10,3783,1,5,seq
