,time,species_0,species_1,species_2,species_3,species_4,species_5,species_6,species_7,species_8,species_9,ground_truth,timeseries_id,noise,n_species,did,n_timeseries,n_timepoints,sampling_scheme
0,13.636363636363637,0.0338169273464484,0.0903644301895363,0.482457287589956,0.2611798516035486,0.1952190353822632,0.3491112407971472,0.1975382180382611,0.3412410521737781,0.1085300545320025,0.2123730890634605,10_sp_aij_26,36656,0.1,10,10536,1,5,random
1,18.484848484848484,0.0685183492816321,0.1716467917286944,0.3600827688725076,0.3509682036161428,0.1249182516273816,0.3826578944515276,0.1838595667626904,0.3824681548071055,0.1107055149713638,0.2629349614002277,10_sp_aij_26,36656,0.1,10,10536,1,5,random
2,22.424242424242426,0.066201420551946,0.1026261340207714,0.4563685194921899,0.3077393877593152,0.1518321554845796,0.2769051799779192,0.1559143393328089,0.3245879080682697,0.1094030902786721,0.1999371188022858,10_sp_aij_26,36656,0.1,10,10536,1,5,random
3,26.060606060606062,0.0871400122652072,0.1060370284979959,0.3521794684312926,0.3275886764691416,0.2609654777556205,0.3171114694954987,0.1607940837007431,0.314841252886189,0.1431781667194811,0.3163503423575154,10_sp_aij_26,36656,0.1,10,10536,1,5,random
4,30.0,0.0723324379171737,0.1478167645479363,0.3859588519617513,0.4224805182819974,0.1129278259353615,0.4127771322946882,0.1390535818658984,0.3410782759419279,0.0778704369338085,0.2752120237278604,10_sp_aij_26,36656,0.1,10,10536,1,5,random
