,time,species_0,species_1,species_2,species_3,species_4,species_5,species_6,species_7,species_8,species_9,ground_truth,timeseries_id,noise,n_species,did,n_timeseries,n_timepoints,sampling_scheme
0,0.0,0.04,0.05,0.01,0.02,0.02,0.07,0.01,0.09,0.07,0.03,10_sp_aij_37,36656,0.01,10,16749,2,5,even
1,7.272727272727273,0.4074391930601718,0.0719208718935781,0.0779594901973197,0.1972312331570888,0.1024721739920859,0.037350554900088,0.109931949137766,0.3220095290092113,0.3769229848777067,0.3088180348881421,10_sp_aij_37,36656,0.01,10,16749,2,5,even
2,14.84848484848485,0.4041286166913817,0.1707361496961679,0.1993807202221746,0.3506817960542358,0.1417453005691747,0.0128699230076499,0.2685646824785234,0.2067758270500481,0.3954312858078562,0.2661776789796957,10_sp_aij_37,36656,0.01,10,16749,2,5,even
3,22.424242424242426,0.4072044428353174,0.1976875244827672,0.1894399045036435,0.3527410897656176,0.1371044114635572,0.0173211663922601,0.2696353388812492,0.2097188897853424,0.3888331220426791,0.2592257337880966,10_sp_aij_37,36656,0.01,10,16749,2,5,even
4,30.0,0.4023902681388373,0.1925427462684543,0.1854170183294836,0.3570772726125839,0.145114852318203,0.0234275797633176,0.2663421970300468,0.2101962378429126,0.3868810180446588,0.261728005875163,10_sp_aij_37,36656,0.01,10,16749,2,5,even
5,0.0,0.02,0.02,0.02,0.02,0.04,0.09,0.05,0.04,0.02,0.04,10_sp_aij_37,2369231,0.01,10,16749,2,5,even
6,7.272727272727273,0.3686475610151236,0.039810323177528,0.0891819219578434,0.1876916731778815,0.1678391056914216,0.0868642700142058,0.1407743863296885,0.3180339645222018,0.2912483524449925,0.2430843226711328,10_sp_aij_37,2369231,0.01,10,16749,2,5,even
7,14.84848484848485,0.4052590415896409,0.1479427612577171,0.2045772748181913,0.3442645393878113,0.1463872910759967,0.0247995916021974,0.2617699366348431,0.2208514792026118,0.3886554933266905,0.2672903649082948,10_sp_aij_37,2369231,0.01,10,16749,2,5,even
8,22.424242424242426,0.4024614425242992,0.1950328959587458,0.1856760287988439,0.3570176081042361,0.1449509882122048,0.026343093334186,0.2681173514054772,0.2151623730610006,0.3813291271030358,0.2567931959318507,10_sp_aij_37,2369231,0.01,10,16749,2,5,even
9,30.0,0.4181928831387935,0.1845965308868613,0.1787138501842628,0.3460158000781851,0.1447827754749324,0.0275009548636755,0.2656992084682026,0.2175075410867396,0.377886277893504,0.265736669668267,10_sp_aij_37,2369231,0.01,10,16749,2,5,even
