,time,species_0,species_1,species_2,species_3,species_4,species_5,species_6,species_7,species_8,species_9,ground_truth,timeseries_id,noise,n_species,did,n_timeseries,n_timepoints,sampling_scheme
0,13.636363636363637,0.3089671547533797,0.1596250481769941,0.5567414296667067,0.1060568299020273,0.1312454070184019,0.3124034301731714,0.2379974518777212,0.003970966900061,0.1600318663562578,0.0441691854801742,10_sp_aij_14,36656,0.1,10,3516,1,5,random
1,18.484848484848484,0.375125987117024,0.2208283629113999,0.4240793984216864,0.2228177075186778,0.0727461565568146,0.2143188628222519,0.1859627381005054,0.0035418247909254,0.2119777155984076,0.0807136168333603,10_sp_aij_14,36656,0.1,10,3516,1,5,random
2,22.424242424242426,0.3646152059788901,0.2086110936599137,0.5214265555756165,0.2483638648199474,0.0561522151448924,0.1528436226439523,0.1444375261077596,0.0038081787851203,0.2017962482587104,0.0730825343960577,10_sp_aij_14,36656,0.1,10,3516,1,5,random
3,26.060606060606062,0.3928143486772784,0.1901818440778698,0.3669747697574047,0.2357216576656188,0.0838049031491798,0.1681798754674241,0.1561343640735994,0.0035367394916214,0.2415826950824407,0.1658537299186933,10_sp_aij_14,36656,0.1,10,3516,1,5,random
4,30.0,0.3211466492767414,0.1633325354914949,0.3807427870264792,0.2935664353540191,0.0352575275131219,0.2043091133371457,0.1471768371158632,0.0051320012229727,0.2114854136858674,0.1349178999063383,10_sp_aij_14,36656,0.1,10,3516,1,5,random
