,time,species_0,species_1,species_2,species_3,species_4,species_5,species_6,species_7,species_8,species_9,ground_truth,timeseries_id,noise,n_species,did,n_timeseries,n_timepoints,sampling_scheme
0,13.636363636363637,0.0508616018398829,0.2008321590655976,0.2012150653495147,0.0568087427058104,0.2337538282153733,0.1879292749620005,0.1720652563447957,0.2341775263615295,0.1372323556700714,0.1496148605299367,10_sp_aij_35,36656,0.1,10,15936,1,5,random
1,18.484848484848484,0.0662577970621547,0.2428362361600951,0.1180137220804996,0.0924551801353713,0.2823256960047698,0.1553012310529378,0.1731982417246611,0.2645517134009398,0.1330074660469529,0.1732935269024562,10_sp_aij_35,36656,0.1,10,15936,1,5,random
2,22.424242424242426,0.0843798006566147,0.2175817743812514,0.1547968256287854,0.0902634668072642,0.2159194578820821,0.1483819753209326,0.1717169722766316,0.2149637947172751,0.1261198814294366,0.1375158791835676,10_sp_aij_35,36656,0.1,10,15936,1,5,random
3,26.060606060606062,0.1033034889585885,0.1921998701295897,0.1119301099084209,0.0888149035487193,0.3566785690842731,0.141205811063222,0.1717997950140586,0.2107549204119858,0.145933084724687,0.2235561976244865,10_sp_aij_35,36656,0.1,10,15936,1,5,random
4,30.0,0.0605902511903753,0.197387510401258,0.1093449611899344,0.1457860622516522,0.2337564440806994,0.1432374836020133,0.1506216825238348,0.2453459180650851,0.0918576615277005,0.1754789694156631,10_sp_aij_35,36656,0.1,10,15936,1,5,random
