,time,species_0,species_1,species_2,species_3,species_4,species_5,species_6,species_7,species_8,species_9,ground_truth,timeseries_id,noise,n_species,did,n_timeseries,n_timepoints,sampling_scheme
0,0.0,0.04,0.05,0.01,0.02,0.02,0.07,0.01,0.09,0.07,0.03,10_sp_aij_49,36656,0.01,10,23760,1,5,even
1,7.272727272727273,0.2327567439974734,0.1253866322951722,0.267773857274326,0.0356452712195295,0.0254309225853915,0.0949263447489248,0.1323297623205113,0.1969666080385582,0.2585899416580166,0.1839164679287432,10_sp_aij_49,36656,0.01,10,23760,1,5,even
2,14.84848484848485,0.2534299747901412,0.115306174053521,0.2772865759445722,0.0147933730594942,0.0167891604447556,0.1066857458051511,0.1766619071604613,0.1982907590485055,0.2697969268634549,0.1827569366196746,10_sp_aij_49,36656,0.01,10,23760,1,5,even
3,22.424242424242426,0.2507508512532721,0.1170421533528715,0.2812108302209733,0.0088803162845826,0.0120298942692249,0.1058463723286416,0.1737138290761775,0.1983509219373349,0.2644897679448139,0.1788418472168269,10_sp_aij_49,36656,0.01,10,23760,1,5,even
4,30.0,0.2423129114279956,0.1183586082593675,0.2731212420068928,0.0069956991764419,0.0104506689107904,0.1089772360271016,0.1651039317147207,0.2047880335739165,0.2623832064028893,0.1851816723780482,10_sp_aij_49,36656,0.01,10,23760,1,5,even
