,time,species_0,species_1,species_2,species_3,species_4,species_5,species_6,species_7,species_8,species_9,ground_truth,timeseries_id,noise,n_species,did,n_timeseries,n_timepoints,sampling_scheme
0,13.636363636363637,0.1037490412647965,0.2338042386976162,0.1443074071142962,0.0962441050398686,0.251893611484169,0.1374304749500159,0.1605907292398396,0.2361039860377638,0.1512700634246282,0.1395042664623778,10_sp_aij_35,36656,0.01,10,15666,1,5,random
1,18.484848484848484,0.1039760458830879,0.2464738437508512,0.1244660977131557,0.1062543910315826,0.2633391631395719,0.1433710312804067,0.182694082679573,0.245740159191155,0.1354550556617952,0.1544881774583849,10_sp_aij_35,36656,0.01,10,15666,1,5,random
2,22.424242424242426,0.1046045628205458,0.2452430468133902,0.124752463951161,0.1090296628860106,0.2568972839061168,0.1438288261884121,0.1866229919273058,0.243999641212891,0.1305131763398638,0.1529847847222468,10_sp_aij_35,36656,0.01,10,15666,1,5,random
3,26.060606060606062,0.1063120957959843,0.2430822285844962,0.1197267189737552,0.1107247244974437,0.2697451903513764,0.1436096895607015,0.1880966148456011,0.2436805923027432,0.1310070729161741,0.1605396121106661,10_sp_aij_35,36656,0.01,10,15666,1,5,random
4,30.0,0.1012587859841659,0.2449843969743861,0.118613351394044,0.1167551873247998,0.2578185524965393,0.1443202071617156,0.1864214444073892,0.2476503189728829,0.1246596465677203,0.1571422772859356,10_sp_aij_35,36656,0.01,10,15666,1,5,random
