,time,species_0,species_1,species_2,species_3,species_4,species_5,species_6,species_7,species_8,species_9,ground_truth,timeseries_id,noise,n_species,did,n_timeseries,n_timepoints,sampling_scheme
0,13.636363636363637,0.0096372996979369,0.1096593800910466,0.3667857978436211,0.3045248185966233,0.1212191327344858,0.1580320457756555,0.1797354026854803,0.4544682557701072,0.0782558964512505,0.0604994985435637,10_sp_aij_21,36656,0.01,10,7566,1,5,random
1,18.484848484848484,0.0106823634770802,0.120589996700912,0.3482133886361007,0.253542077282784,0.1452907982909696,0.1829177383043635,0.157427397760736,0.4406334575663193,0.12820234454965,0.0439787062911684,10_sp_aij_21,36656,0.01,10,7566,1,5,random
2,22.424242424242426,0.0116752802370609,0.1201643999809174,0.3598534166984538,0.2449692725562635,0.1577782358417308,0.1793187936258928,0.1531862210969725,0.4421138221306268,0.1389489394890142,0.0384644425006055,10_sp_aij_21,36656,0.01,10,7566,1,5,random
3,26.060606060606062,0.0125529703432541,0.1215966399123063,0.3485838968330653,0.2427498076248093,0.169226452572384,0.1796786162524795,0.1521663629039917,0.4402803693158204,0.1430514839517681,0.0401367504129748,10_sp_aij_21,36656,0.01,10,7566,1,5,random
4,30.0,0.012566319333914,0.1232020295520265,0.3544554796223985,0.2416038034304002,0.1606886859417101,0.1819610249280223,0.1491383536552703,0.4388219657914766,0.1427540471817709,0.0397736401580746,10_sp_aij_21,36656,0.01,10,7566,1,5,random
