,time,species_0,species_1,species_2,species_3,species_4,species_5,species_6,species_7,species_8,species_9,ground_truth,timeseries_id,noise,n_species,did,n_timeseries,n_timepoints,sampling_scheme
0,0.0,0.04,0.05,0.01,0.02,0.02,0.07,0.01,0.09,0.07,0.03,10_sp_aij_12,36656,0.01,10,2169,2,5,even
1,7.272727272727273,0.0509969241032772,0.30325245605188,0.1190436475661105,0.1905204888310655,0.0237682642875261,0.1643554852130911,0.3100950826394882,0.0360116536758603,0.144812245063622,0.1755725068469733,10_sp_aij_12,36656,0.01,10,2169,2,5,even
2,14.84848484848485,0.0575522063636052,0.3980030982544909,0.1000239852930297,0.1767984847843005,0.0558207025377909,0.160980052678196,0.3558195362965764,0.0671839845620045,0.0917642242021652,0.2921476524881263,10_sp_aij_12,36656,0.01,10,2169,2,5,even
3,22.424242424242426,0.0565571134092698,0.3800082508026067,0.0992082365976782,0.1707624456446304,0.0610529377759112,0.1790411403377374,0.3401173834914087,0.0860285154401719,0.0913306523264647,0.2610876399898588,10_sp_aij_12,36656,0.01,10,2169,2,5,even
4,30.0,0.0544769403254243,0.3836384373343718,0.0960782052568264,0.1748521964250804,0.0630824631785313,0.1839817126251832,0.3409766669442543,0.0848854039887394,0.0883535144379711,0.2692117420404774,10_sp_aij_12,36656,0.01,10,2169,2,5,even
5,0.0,0.02,0.02,0.02,0.02,0.04,0.09,0.05,0.04,0.02,0.04,10_sp_aij_12,2369231,0.01,10,2169,2,5,even
6,7.272727272727273,0.0685944036834251,0.3473089086415648,0.1070003362596388,0.1539385990424853,0.059164943492887,0.1783753848676335,0.3220521471914616,0.035866750233297,0.1283731660154593,0.2269060255443342,10_sp_aij_12,2369231,0.01,10,2169,2,5,even
7,14.84848484848485,0.0620800956393758,0.3948371163351487,0.1017514973998805,0.185101240892871,0.0705080128755803,0.1699006699298201,0.3534367012455324,0.0733809151976132,0.0887095271278181,0.2937404932419411,10_sp_aij_12,2369231,0.01,10,2169,2,5,even
8,22.424242424242426,0.055509722010945,0.3837551166104793,0.0964833546531377,0.1731997661619262,0.0667871355832125,0.1820884304384969,0.3431369848726144,0.0892415822758484,0.0839543671592831,0.2615727118694984,10_sp_aij_12,2369231,0.01,10,2169,2,5,even
9,30.0,0.0578549220182534,0.3682990102482408,0.0932675895785753,0.169488288687069,0.0632662553592826,0.1801951116014062,0.3416169581434444,0.0875543892957216,0.0873100952872963,0.2713762255026247,10_sp_aij_12,2369231,0.01,10,2169,2,5,even
