,time,species_0,species_1,species_2,species_3,species_4,species_5,species_6,species_7,species_8,species_9,ground_truth,timeseries_id,noise,n_species,did,n_timeseries,n_timepoints,sampling_scheme
0,0.0,0.04,0.05,0.01,0.02,0.02,0.07,0.01,0.09,0.07,0.03,10_sp_aij_14,36656,0.1,10,3519,2,5,even
1,7.272727272727273,0.3917949628845005,0.1894019782535865,0.5449380085384092,0.0946458053204964,0.0666544060086729,0.2100361696521489,0.1821649062999438,0.0149376761059549,0.143441333793121,0.0271004343881744,10_sp_aij_14,36656,0.1,10,3519,2,5,even
2,14.84848484848485,0.3734741235187013,0.1537752226411355,0.5148937359703913,0.1451174240599959,0.1074822216299995,0.2205396906941284,0.2189431833391335,0.0028186388691854,0.2005351286844784,0.0387373799620548,10_sp_aij_14,36656,0.1,10,3519,2,5,even
3,22.424242424242426,0.3646152059788901,0.2086110936599137,0.5214265555756165,0.2483638648199474,0.0561522151448924,0.1528436226439523,0.1444375261077596,0.0038081787851203,0.2017962482587104,0.0730825343960577,10_sp_aij_14,36656,0.1,10,3519,2,5,even
4,30.0,0.3211466492767414,0.1633325354914949,0.3807427870264792,0.2935664353540191,0.0352575275131219,0.2043091133371457,0.1471768371158632,0.0051320012229727,0.2114854136858674,0.1349178999063383,10_sp_aij_14,36656,0.1,10,3519,2,5,even
5,0.0,0.02,0.02,0.02,0.02,0.04,0.09,0.05,0.04,0.02,0.04,10_sp_aij_14,2369231,0.1,10,3519,2,5,even
6,7.272727272727273,0.38522929401679,0.2132269504544626,0.4791781103990391,0.0673079784773657,0.125018206706803,0.200299163752477,0.1549425848355109,0.0152503352177598,0.1405888604797198,0.0116372409262934,10_sp_aij_14,2369231,0.1,10,3519,2,5,even
7,14.84848484848485,0.4290507595532294,0.1798886151723943,0.5297965262035543,0.2106360763959748,0.0713876674647479,0.2174000262108655,0.1623864254037323,0.0036318993049495,0.1909340185713406,0.0528174656667247,10_sp_aij_14,2369231,0.1,10,3519,2,5,even
8,22.424242424242426,0.3400200701572979,0.2336121574430596,0.4926378073095537,0.2357617408208507,0.0891966340640197,0.1657699352380789,0.1837172744212812,0.0,0.1756188137355442,0.0698563873999742,10_sp_aij_14,2369231,0.1,10,3519,2,5,even
9,30.0,0.4580343462810479,0.1357782798538822,0.3628415529913136,0.2192276095223641,0.0618312568811057,0.1311761853576432,0.1547197966776042,0.0,0.1578966586197041,0.1555450886677951,10_sp_aij_14,2369231,0.1,10,3519,2,5,even
