,time,species_0,species_1,species_2,species_3,species_4,species_5,species_6,species_7,species_8,species_9,ground_truth,timeseries_id,noise,n_species,did,n_timeseries,n_timepoints,sampling_scheme
0,13.636363636363637,0.1855502147925056,0.0257057716089611,0.0,0.1141974971102248,0.3251188190715492,0.1105772887414509,0.2903545645520509,0.2935297570769909,0.1425822009036471,0.1298872492997803,10_sp_aij_48,36656,0.01,10,23226,1,5,random
1,18.484848484848484,0.2044127288783607,0.0225490533385817,0.0,0.1116877882320352,0.3186442207512409,0.1045465529903612,0.2706579786818312,0.2629427220929883,0.1645599254807294,0.137082255686894,10_sp_aij_48,36656,0.01,10,23226,1,5,random
2,22.424242424242426,0.207133913581811,0.0226107703098782,0.0,0.1113652801225586,0.311978909896466,0.1013338117240712,0.2636873491456236,0.2513526131014527,0.1703239164935149,0.1372785323408318,10_sp_aij_48,36656,0.01,10,23226,1,5,random
3,26.060606060606062,0.2156631087362557,0.0247964898929452,0.0,0.1125324475195709,0.325298130733039,0.1026411078320734,0.261567109117395,0.2423227251653356,0.1777711372140551,0.147650659888224,10_sp_aij_48,36656,0.01,10,23226,1,5,random
4,30.0,0.2184468603458869,0.027067658560771,0.0,0.1191376473601988,0.3135863508036476,0.1067954378344387,0.2564605589567673,0.2421872829103273,0.1779133814700641,0.1474607222224584,10_sp_aij_48,36656,0.01,10,23226,1,5,random
