,time,species_0,species_1,species_2,species_3,species_4,species_5,species_6,species_7,species_8,species_9,ground_truth,timeseries_id,noise,n_species,did,n_timeseries,n_timepoints,sampling_scheme
0,6.0606060606060606,0.60909672714014,0.8189254105629973,0.2165253233442488,0.1409473231820911,0.6737873907369231,0.4158647889760462,0.1793907567987643,0.6962727420052768,0.3073008043929128,0.3175133117246591,10_sp_aij_8,36656,0.01,10,25923,1,5,seq
1,7.272727272727273,0.6707295931862839,1.0112649263282942,0.3867343203712773,0.2490638348322918,0.7802534586980953,0.6416617129521629,0.330776707120776,0.8818918955220738,0.4914384030700007,0.4283621366034158,10_sp_aij_8,36656,0.01,10,25923,1,5,seq
2,8.484848484848484,0.748480332726557,1.228348322853524,0.5629938411499892,0.4185714096345792,0.9080029481295092,0.8555619212850403,0.4703589449551866,1.1092637138217298,0.6590519234151493,0.5594905093986037,10_sp_aij_8,36656,0.01,10,25923,1,5,seq
3,10.0,0.840850682937003,1.5184117052419714,0.719831414919104,0.6003954612106729,1.064519363697849,1.0872041873757352,0.6044879973134374,1.3294241629651566,0.8121887819936512,0.6641559866189496,10_sp_aij_8,36656,0.01,10,25923,1,5,seq
4,11.212121212121213,0.8838689593413386,1.6070514479928493,0.827728325312147,0.6669038436095622,1.1514509869291174,1.238513768424956,0.6808398156610633,1.4367148683987878,0.904003444263626,0.7547114995231335,10_sp_aij_8,36656,0.01,10,25923,1,5,seq
