,time,species_0,species_1,species_2,species_3,species_4,species_5,species_6,species_7,species_8,species_9,ground_truth,timeseries_id,noise,n_species,did,n_timeseries,n_timepoints,sampling_scheme
0,13.636363636363637,0.1050416137699531,0.1175509110291722,0.0166277854593025,0.1076846161887472,0.0909440899256039,0.1737867089164525,0.1930501041319775,0.1286604008334803,0.1955847876400996,0.063391667215394,10_sp_aij_15,36656,0.01,10,3786,1,5,random
1,18.484848484848484,0.1141685198800891,0.1156574355822211,0.0225692597575425,0.0974621141232937,0.0989210010242273,0.1585817251358261,0.1956305250559635,0.1161671377203037,0.1960560744512781,0.0674856719465996,10_sp_aij_15,36656,0.01,10,3786,1,5,random
2,22.424242424242426,0.1184866245160032,0.1117709893631955,0.0274746606585855,0.0943503563736449,0.1007781099623854,0.1475421992983079,0.1903102927207626,0.1101887428891402,0.1899456900324983,0.065278195060409,10_sp_aij_15,36656,0.01,10,3786,1,5,random
3,26.060606060606062,0.1222727122956782,0.1098097326902532,0.0293690538929205,0.091972863711103,0.1073883562549389,0.142184868128239,0.184259886161145,0.1080222741198936,0.1886238155631136,0.070872054807933,10_sp_aij_15,36656,0.01,10,3786,1,5,random
4,30.0,0.1178188208164012,0.1080658301391907,0.0319004486270227,0.0929285415542953,0.100023794789753,0.1424602137970732,0.1780509057604938,0.1117791415953364,0.1823512868746311,0.0702198946435221,10_sp_aij_15,36656,0.01,10,3786,1,5,random
