,time,species_0,species_1,species_2,species_3,species_4,species_5,species_6,species_7,species_8,species_9,ground_truth,timeseries_id,noise,n_species,did,n_timeseries,n_timepoints,sampling_scheme
0,0.0,0.04,0.05,0.01,0.02,0.02,0.07,0.01,0.09,0.07,0.03,10_sp_aij_23,36656,0.1,10,8911,1,10,even
1,3.333333333333333,0.2347263103842252,0.2580005217908537,0.0912685632965189,0.056242619502108,0.0238135975729168,0.0922563085353191,0.0151231837129036,0.082713614566949,0.1276384847874734,0.1256270167791787,10_sp_aij_23,36656,0.1,10,8911,1,10,even
2,6.666666666666667,0.3465534851435557,0.330008064435202,0.2820599846763735,0.090483822041305,0.0273894953076173,0.0393869477910139,0.016206686446375,0.0640222604920493,0.2144052829104781,0.3115264282717996,10_sp_aij_23,36656,0.1,10,8911,1,10,even
3,10.0,0.1434383728731165,0.2769763094053082,0.2860929897812005,0.1045494759701994,0.04053066156035,0.0408191478946905,0.0148040550595123,0.0264060268045162,0.2395893136230293,0.1210142511460346,10_sp_aij_23,36656,0.1,10,8911,1,10,even
4,13.333333333333334,0.1388147038025021,0.2021595373094142,0.3866381315206635,0.1092234723465738,0.0638477316155827,0.1179976636267469,0.0167719896115788,0.0121516883452086,0.3188033949253523,0.1844439625631836,10_sp_aij_23,36656,0.1,10,8911,1,10,even
5,16.666666666666668,0.2704785452825521,0.1307365130059918,0.2605444532031384,0.1208257530272327,0.0566642482124355,0.1443082523174408,0.0151083240565772,0.0063244042370139,0.305863562058788,0.2271317133421883,10_sp_aij_23,36656,0.1,10,8911,1,10,even
6,20.0,0.2905097704184307,0.2338737299519223,0.2402754005445099,0.135439706755563,0.0331893997483143,0.1410313901515362,0.0339620656704404,0.0058183084395112,0.2597053254641763,0.182720762226426,10_sp_aij_23,36656,0.1,10,8911,1,10,even
7,23.333333333333336,0.2332595707737136,0.2637858905606459,0.2995261929806849,0.1254767922369899,0.0331931337250389,0.0978829194399926,0.0410215978329752,0.0043169939879311,0.2734431061953701,0.2338438761804596,10_sp_aij_23,36656,0.1,10,8911,1,10,even
8,26.666666666666668,0.3079928053270271,0.2043132318115447,0.2310842587427433,0.117297330387949,0.053295501487621,0.116725287404104,0.0449992723080624,0.0,0.2721089868610051,0.2843799055439959,10_sp_aij_23,36656,0.1,10,8911,1,10,even
9,30.0,0.2350347075784794,0.2053502320043683,0.2757563298613564,0.1711580651347508,0.0253702294110807,0.1397239363623584,0.0349974780561477,0.0,0.2285856135092117,0.2229840982000415,10_sp_aij_23,36656,0.1,10,8911,1,10,even
