,time,species_0,species_1,species_2,species_3,species_4,species_5,species_6,species_7,species_8,species_9,ground_truth,timeseries_id,noise,n_species,did,n_timeseries,n_timepoints,sampling_scheme
0,13.636363636363637,0.2373981612166121,0.0670258881436367,0.2088558302143272,0.2007925640449427,0.0719340473972846,0.1508840026789747,0.2233003038366053,0.0503040860791762,0.1616361242590248,0.2578047390595092,10_sp_aij_0,36656,0.01,10,6,1,5,random
1,18.484848484848484,0.2474349496210493,0.0852024570928309,0.1914054210003115,0.2154841651298114,0.0795507385052248,0.1505756405177168,0.2275540986295464,0.0567101357984332,0.1413714511938706,0.2476780796443957,10_sp_aij_0,36656,0.01,10,6,1,5,random
2,22.424242424242426,0.2426576144960915,0.0897040828306011,0.1894408315251959,0.2253123031532897,0.08404259091049,0.1410309462135004,0.2173370227509999,0.0601820373005637,0.1368421486476817,0.2375850391561367,10_sp_aij_0,36656,0.01,10,6,1,5,random
3,26.060606060606062,0.2470625581235615,0.0920291343076443,0.1819233820092284,0.2286237839516827,0.092537657869312,0.1429368042296997,0.2159490589608195,0.0601274478274857,0.137274879966475,0.2468524479995392,10_sp_aij_0,36656,0.01,10,6,1,5,random
4,30.0,0.2419430819710711,0.0968641910671503,0.1830689931404809,0.2330514229221562,0.0901975760096725,0.1453862649431464,0.2127166282257526,0.0630361541127628,0.1305873872569088,0.2361746697290917,10_sp_aij_0,36656,0.01,10,6,1,5,random
