,time,species_0,species_1,species_2,species_3,species_4,species_5,species_6,species_7,species_8,species_9,ground_truth,timeseries_id,noise,n_species,did,n_timeseries,n_timepoints,sampling_scheme
0,13.636363636363637,0.1022396610890951,0.0624647266570743,0.216592646531618,0.1897383955895467,0.0492243957234784,0.2236920249541353,0.048688922195859,0.2539170246535784,0.0528221755249172,0.0422366144137435,10_sp_aij_40,36656,0.1,10,19176,1,5,random
1,18.484848484848484,0.1784971007496675,0.0844540001759907,0.1370332136032183,0.2463810361816882,0.0234639135766061,0.1872621730560912,0.0369089442444629,0.2831094197615332,0.0990596278180102,0.0370795226477801,10_sp_aij_40,36656,0.1,10,19176,1,5,random
2,22.424242424242426,0.197513129570478,0.0727936794004295,0.2074473081522034,0.2517073786885868,0.01302774287052,0.145994849420312,0.0302851067447764,0.2233254718928919,0.1021729060788495,0.013453387555846,10_sp_aij_40,36656,0.1,10,19176,1,5,random
3,26.060606060606062,0.2253692018956295,0.0694301178455723,0.1663515683237454,0.2465750701642979,0.0174825691234068,0.1632447636012085,0.0280778251981102,0.1857264657666164,0.1290166358717287,0.0245221327180652,10_sp_aij_40,36656,0.1,10,19176,1,5,random
4,30.0,0.15882489256007,0.0664551224479138,0.1692884788762879,0.282426895637179,0.0106858689277385,0.1737555068069897,0.0240681493766739,0.2197710294056863,0.1036397555219715,0.0301807197581823,10_sp_aij_40,36656,0.1,10,19176,1,5,random
