,time,species_0,species_1,species_2,species_3,species_4,species_5,species_6,species_7,species_8,species_9,ground_truth,timeseries_id,noise,n_species,did,n_timeseries,n_timepoints,sampling_scheme
0,0.0,0.04,0.05,0.01,0.02,0.02,0.07,0.01,0.09,0.07,0.03,10_sp_aij_2,36656,0.1,10,6751,1,10,even
1,3.333333333333333,0.0590422996276587,0.0475891824723758,0.0364359173791689,0.0313410736110713,0.0318404658571203,0.0876352540999109,0.0178212304337112,0.1780673253164638,0.0709986214164091,0.0371185115205121,10_sp_aij_2,36656,0.1,10,6751,1,10,even
2,6.666666666666667,0.0602467996557771,0.0604716051938156,0.1265803235033281,0.0317917927780624,0.0354873434887649,0.1182884520229393,0.031594815794716,0.2182563336622827,0.0538424962831274,0.0681986026312534,10_sp_aij_2,36656,0.1,10,6751,1,10,even
3,10.0,0.0186535133310165,0.0454467324335602,0.1850508363263479,0.0346552795090631,0.0462020664344218,0.1057778643309285,0.0628790857118923,0.2561043994719136,0.0339885695456836,0.0274994995870739,10_sp_aij_2,36656,0.1,10,6751,1,10,even
4,13.333333333333334,0.0087854135873381,0.0307431258600578,0.3115741830045123,0.0343696665697466,0.047720703422114,0.174133926892823,0.1545869440704765,0.2937982284718066,0.0352076443918933,0.0269132718558836,10_sp_aij_2,36656,0.1,10,6751,1,10,even
5,16.666666666666668,0.0107914630164896,0.0162294742784825,0.207515267373808,0.0300659912098728,0.0439273335530722,0.1375970308777288,0.133661276099441,0.2723010140013933,0.0922766493863273,0.0286043567485108,10_sp_aij_2,36656,0.1,10,6751,1,10,even
6,20.0,0.0121290164657838,0.0225967264931286,0.1855478899004677,0.0238599214597785,0.0295732666264625,0.1702979391499704,0.2220131602080896,0.268629379135212,0.1246965341213025,0.0174737897459936,10_sp_aij_2,36656,0.1,10,6751,1,10,even
7,23.333333333333336,0.0090507093047537,0.0209682343363074,0.2254984492594597,0.0190807896534637,0.037287938379575,0.1281538881678765,0.1977035794602065,0.2911144327277833,0.1282806558092666,0.0128751999027492,10_sp_aij_2,36656,0.1,10,6751,1,10,even
8,26.666666666666668,0.0113829060580934,0.0149704003202684,0.1799512154814911,0.0182143894628651,0.0770090017288767,0.179205081167556,0.1800975469333817,0.2374008066509325,0.1369579369834077,0.0136437192058137,10_sp_aij_2,36656,0.1,10,6751,1,10,even
9,30.0,0.0087732346330616,0.013523765352207,0.1982044911175123,0.0271351964855541,0.0375934543812155,0.1858184350161524,0.1406254543317711,0.2585243997818121,0.1204810365918819,0.0179013574335439,10_sp_aij_2,36656,0.1,10,6751,1,10,even
