,time,species_0,species_1,species_2,species_3,species_4,species_5,species_6,species_7,species_8,species_9,ground_truth,timeseries_id,noise,n_species,did,n_timeseries,n_timepoints,sampling_scheme
0,0.0,0.04,0.05,0.01,0.02,0.02,0.07,0.01,0.09,0.07,0.03,10_sp_aij_23,36656,0.1,10,8910,1,5,even
1,7.272727272727273,0.2813835701986434,0.2625927593852073,0.3368037733227366,0.1092199568389162,0.02200632998117,0.0368136163949425,0.0178823934584444,0.0487306617636365,0.1822046346417872,0.2595732615484676,10_sp_aij_23,36656,0.1,10,8910,1,5,even
2,14.84848484848485,0.1936765685144183,0.2089687918737303,0.2972065227374753,0.1192301985566253,0.0546695154426906,0.1329580074846051,0.0204526908423347,0.0073450747142492,0.3140332897526665,0.1766396158853786,10_sp_aij_23,36656,0.1,10,8910,1,5,even
3,22.424242424242426,0.2513432953308496,0.2212548357253285,0.3116774982329841,0.1396475271268373,0.03002231448915,0.11061494797804,0.0353093409788865,0.004965196013147,0.2988343067498757,0.1792610501552501,10_sp_aij_23,36656,0.1,10,8910,1,5,even
4,30.0,0.2350347075784794,0.2053502320043683,0.2757563298613564,0.1711580651347508,0.0253702294110807,0.1397239363623584,0.0349974780561477,0.0,0.2285856135092117,0.2229840982000415,10_sp_aij_23,36656,0.1,10,8910,1,5,even
