,time,species_0,species_1,species_2,species_3,species_4,species_5,species_6,species_7,species_8,species_9,ground_truth,timeseries_id,noise,n_species,did,n_timeseries,n_timepoints,sampling_scheme
0,0.0,0.04,0.05,0.01,0.02,0.02,0.07,0.01,0.09,0.07,0.03,10_sp_aij_36,36656,0.01,10,16201,1,10,even
1,3.333333333333333,0.1620595747076978,0.1718761665927762,0.0930006498495778,0.0438481184546204,0.1729890374474545,0.1288455983275379,0.0040061406909295,0.0756523745056687,0.1638708425842665,0.0336013617750713,10_sp_aij_36,36656,0.01,10,16201,1,10,even
2,6.666666666666667,0.20630592619278,0.181139249673653,0.2692640554148865,0.1063251886723386,0.3362391363326427,0.2002604246437242,0.0,0.0569577280701576,0.1768351100031757,0.0613418371211535,10_sp_aij_36,36656,0.01,10,16201,1,10,even
3,10.0,0.1587497897944087,0.1451206577549589,0.3830735276998883,0.1515990042155936,0.4256761752548847,0.2476115569380727,0.0,0.0351314637967149,0.1629585656621247,0.1057472385751841,10_sp_aij_36,36656,0.01,10,16201,1,10,even
4,13.333333333333334,0.1287070767971231,0.1142730357272152,0.4614792830052597,0.1703852174902572,0.4553734582752788,0.2922215086036093,0.0,0.0197264145303186,0.1574949235669772,0.1542369049792139,10_sp_aij_36,36656,0.01,10,16201,1,10,even
5,16.666666666666668,0.1133440769220645,0.0946568622185385,0.4755116971692359,0.1755379123597924,0.4830391267249012,0.3054575408861162,0.0,0.010539895854287,0.154267581862669,0.1794016098648222,10_sp_aij_36,36656,0.01,10,16201,1,10,even
6,20.0,0.1013908815756067,0.0899855232454732,0.4882832434298023,0.1781537778287315,0.4778164174249526,0.3161742655730047,0.0,0.0055889350586238,0.1473909377106605,0.178745732890388,10_sp_aij_36,36656,0.01,10,16201,1,10,even
7,23.333333333333336,0.0937941191481223,0.0858627411565186,0.495514666879138,0.1756676772584418,0.4916153592125334,0.3119267610370522,0.0,0.0029383682246697,0.1461594960568934,0.1865272880883248,10_sp_aij_36,36656,0.01,10,16201,1,10,even
8,26.666666666666668,0.0945070395229586,0.0797607360074476,0.4932609129512431,0.1789959273050774,0.5038935606288854,0.3253501139879471,0.0,0.0,0.1457997588085834,0.1935003056869962,10_sp_aij_36,36656,0.01,10,16201,1,10,even
9,30.0,0.0869181313317108,0.0769904759373111,0.5079382282539079,0.1831651937786956,0.4848426898525034,0.3253111936472632,0.0,0.0,0.1424053003919871,0.1898621844423548,10_sp_aij_36,36656,0.01,10,16201,1,10,even
