,time,species_0,species_1,species_2,species_3,species_4,species_5,species_6,species_7,species_8,species_9,ground_truth,timeseries_id,noise,n_species,did,n_timeseries,n_timepoints,sampling_scheme
0,0.0,0.04,0.05,0.01,0.02,0.02,0.07,0.01,0.09,0.07,0.03,10_sp_aij_17,36656,0.01,10,4860,1,5,even
1,7.272727272727273,0.0449194324400963,0.1416024800818094,0.0120186239492031,0.0463723116688634,0.1312884790337926,0.0887393438519976,0.2024259404433483,0.1817063410631438,0.0605342213281899,0.0595828893137289,10_sp_aij_17,36656,0.01,10,4860,1,5,even
2,14.84848484848485,0.0400662012456806,0.1152571651201544,0.0177531053159983,0.0262525218779173,0.1420377893816892,0.0826832599943496,0.2661242949071222,0.2572723625086435,0.0333679100824256,0.0547522056234807,10_sp_aij_17,36656,0.01,10,4860,1,5,even
3,22.424242424242426,0.0439921945236597,0.1103491817203915,0.0284124916796069,0.0165444473170454,0.1432005971997884,0.0891542854982162,0.2599165414209327,0.2487318533516694,0.0202554015971418,0.058734440503419,10_sp_aij_17,36656,0.01,10,4860,1,5,even
4,30.0,0.0454821900915367,0.1129200163214193,0.0405403340112504,0.0172580641597814,0.1391661429323381,0.0972240145809462,0.2512981732076174,0.2350871185552088,0.0170747067954153,0.0722562654722134,10_sp_aij_17,36656,0.01,10,4860,1,5,even
