,time,species_0,species_1,species_2,species_3,species_4,species_5,species_6,species_7,species_8,species_9,ground_truth,timeseries_id,noise,n_species,did,n_timeseries,n_timepoints,sampling_scheme
0,6.0606060606060606,0.0501043133956956,0.0447312668166224,0.1366961941863815,0.0312940463440275,0.0531086568082086,0.1259765913709014,0.0449780460436969,0.2425400496768933,0.0593930587517436,0.0693536704089508,10_sp_aij_2,36656,0.01,10,6483,1,5,seq
1,7.272727272727273,0.0470108119950588,0.0461478035898651,0.1721890252512468,0.0317529961902655,0.0536866317227912,0.1314443932343146,0.0638173964137176,0.2503844841657491,0.0571706423930587,0.0659421150881355,10_sp_aij_2,36656,0.01,10,6483,1,5,seq
2,8.484848484848484,0.0425538681560065,0.0486020293222167,0.1940561788523115,0.0317975662273883,0.055274697583349,0.136297833998849,0.0858705991697705,0.2644094073183562,0.0569387265718442,0.0610379693027428,10_sp_aij_2,36656,0.01,10,6483,1,5,seq
3,10.0,0.036281232126056,0.0512781448178399,0.2083749296635481,0.0316974940037381,0.0573328994654497,0.1394095180694597,0.114396352373215,0.2763656112279059,0.0588858669194241,0.0507060445502924,10_sp_aij_2,36656,0.01,10,6483,1,5,seq
4,11.212121212121213,0.0328167921940982,0.0518308549023902,0.2187995634557552,0.0300609122465572,0.0567847150440094,0.1446360491648231,0.1342112892782789,0.2783816886735528,0.060857466946349,0.0451980559864718,10_sp_aij_2,36656,0.01,10,6483,1,5,seq
