,time,species_0,species_1,species_2,species_3,species_4,species_5,species_6,species_7,species_8,species_9,ground_truth,timeseries_id,noise,n_species,did,n_timeseries,n_timepoints,sampling_scheme
0,0.0,0.04,0.05,0.01,0.02,0.02,0.07,0.01,0.09,0.07,0.03,10_sp_aij_17,36656,0.1,10,5130,1,5,even
1,7.272727272727273,0.0434732622677096,0.1334490294151996,0.0077544182792995,0.0537942884021344,0.0863042945932115,0.0831224138988757,0.1717367115017758,0.1295928385144957,0.0593163491923744,0.0484578555426077,10_sp_aij_17,36656,0.1,10,5130,1,5,even
2,14.84848484848485,0.0119675408961485,0.0822735991880043,0.018912340250782,0.0215226374578035,0.1166085571669332,0.0966297504278037,0.2968644507875453,0.2442659708693079,0.0204076907675645,0.0356112733773271,10_sp_aij_17,36656,0.1,10,5130,1,5,even
3,22.424242424242426,0.0377839472112925,0.0767933307936523,0.0248079717989067,0.0110081835858106,0.1130269147553171,0.086461497508275,0.2482477963807204,0.2317656411415042,0.0087932152512305,0.0306249862853517,10_sp_aij_17,36656,0.1,10,5130,1,5,even
4,30.0,0.0350787747460927,0.0888745107743599,0.0451534681771384,0.0233359795419543,0.1060440619248523,0.133083212147675,0.1914043259618741,0.1855064286145518,0.0067084667672451,0.0882109438201628,10_sp_aij_17,36656,0.1,10,5130,1,5,even
