,time,species_0,species_1,species_2,species_3,species_4,species_5,species_6,species_7,species_8,species_9,ground_truth,timeseries_id,noise,n_species,did,n_timeseries,n_timepoints,sampling_scheme
0,0.0,0.04,0.05,0.01,0.02,0.02,0.07,0.01,0.09,0.07,0.03,10_sp_aij_33,36656,0.01,10,14580,1,5,even
1,7.272727272727273,0.1905865740978084,0.1905502001816012,0.0494512727468215,0.0746585157219239,0.1519011048584202,0.0787226408546266,0.0125907852222396,0.171546851684327,0.2534662370840144,0.0750939715534496,10_sp_aij_33,36656,0.01,10,14580,1,5,even
2,14.84848484848485,0.24550404477264,0.2579982326705537,0.1101775879149514,0.1654743751212896,0.1148330035196713,0.0619467819524309,0.0201748149548617,0.1374971892372393,0.3363246123864786,0.1347212897081754,10_sp_aij_33,36656,0.01,10,14580,1,5,even
3,22.424242424242426,0.2695667489750865,0.2919656735782989,0.128701773751558,0.1988447781633935,0.0815192580625136,0.0527096029597249,0.0402128328463051,0.1132070869367219,0.360407091123312,0.1656305289130047,10_sp_aij_33,36656,0.01,10,14580,1,5,even
4,30.0,0.2725117435838642,0.2973167062273603,0.1241533371978517,0.2115765919769928,0.0693280981311761,0.0526118031824564,0.0575113227381302,0.1056011745340617,0.3628435855595774,0.1759351791468353,10_sp_aij_33,36656,0.01,10,14580,1,5,even
