,time,species_0,species_1,species_2,species_3,species_4,species_5,species_6,species_7,species_8,species_9,ground_truth,timeseries_id,noise,n_species,did,n_timeseries,n_timepoints,sampling_scheme
0,13.636363636363637,0.1081922673106134,0.3185675721629436,0.1376740804098715,0.1394459247603784,0.0482055189537619,0.0082650167432583,0.3597792877718334,0.0656565034711255,0.3206614845528576,0.2993460797901837,10_sp_aij_25,36656,0.1,10,9996,1,5,random
1,18.484848484848484,0.125023114035344,0.4693659554513739,0.0788600706997315,0.2005131206570414,0.0306104503773461,0.0087068059893457,0.3252780017607046,0.0501935420656136,0.3312460576529109,0.3107111095894149,10_sp_aij_25,36656,0.1,10,9996,1,5,random
2,22.424242424242426,0.1192186745219275,0.3616802914731192,0.136682071259614,0.2117817693261758,0.0224463975749493,0.0083430796941309,0.3051464331262337,0.0443170828053032,0.331533170094833,0.255905442936032,10_sp_aij_25,36656,0.1,10,9996,1,5,random
3,26.060606060606062,0.1429653336793309,0.3523401821876706,0.0916288162100395,0.2141592720288357,0.0325916906117508,0.0078388554232505,0.3088676147469268,0.0329592705833163,0.3962677453445862,0.4097990941579016,10_sp_aij_25,36656,0.1,10,9996,1,5,random
4,30.0,0.0872784485417623,0.3334437203015065,0.0771719423032624,0.2393558075943868,0.0237331397308568,0.0138420922180777,0.2270435979048443,0.0304772589089828,0.3174548570770951,0.2744191315052858,10_sp_aij_25,36656,0.1,10,9996,1,5,random
