,time,species_0,species_1,species_2,species_3,species_4,species_5,species_6,species_7,species_8,species_9,ground_truth,timeseries_id,noise,n_species,did,n_timeseries,n_timepoints,sampling_scheme
0,0.0,0.04,0.05,0.01,0.02,0.02,0.07,0.01,0.09,0.07,0.03,10_sp_aij_1,36656,0.1,10,819,2,5,even
1,7.272727272727273,0.2332239112714521,0.2520910435604805,0.0386691496948949,0.1973260859765991,0.0461654089480494,0.017642047759251,0.012471904127912,0.0641400644762565,0.107227239287301,0.0194770054965866,10_sp_aij_1,36656,0.1,10,819,2,5,even
2,14.84848484848485,0.1354549321612422,0.1793856050773363,0.1076967121483363,0.1439117671972287,0.0844740596154751,0.0146441130875553,0.0395237886201525,0.0467059316390431,0.117494289303136,0.0274457204668358,10_sp_aij_1,36656,0.1,10,819,2,5,even
3,22.424242424242426,0.1982690348364979,0.1978631922030874,0.1464294402295499,0.2183188481191849,0.1098275010332637,0.0244662364900348,0.0749765746575168,0.0467346554505978,0.0923288732816131,0.0219202720442965,10_sp_aij_1,36656,0.1,10,819,2,5,even
4,30.0,0.2267898998237404,0.2043691710537547,0.1028680541567675,0.2635550072108429,0.1259013584396515,0.0763429118180848,0.0602496718648199,0.0255173191107645,0.0769868590282298,0.0608776321245239,10_sp_aij_1,36656,0.1,10,819,2,5,even
5,0.0,0.02,0.02,0.02,0.02,0.04,0.09,0.05,0.04,0.02,0.04,10_sp_aij_1,2369231,0.1,10,819,2,5,even
6,7.272727272727273,0.2932725978288888,0.3614771166677746,0.0518802929016117,0.2026917263522121,0.1494030671883016,0.0441777147628899,0.0295373281928122,0.1122475415568157,0.1084816272170624,0.0242764441859522,10_sp_aij_1,2369231,0.1,10,819,2,5,even
7,14.84848484848485,0.2036144562796693,0.1669468510023737,0.1330954241760907,0.2004285881773028,0.1023441386286485,0.0587634361159039,0.0431946727240826,0.0614323290361405,0.1181537854842988,0.0220255171428845,10_sp_aij_1,2369231,0.1,10,819,2,5,even
8,22.424242424242426,0.208791671742226,0.2694166931303314,0.1169449256928459,0.2408768514937612,0.1842556657400391,0.0495932201956473,0.0529405089360649,0.0570927890691101,0.0919355449721165,0.029519015087929,10_sp_aij_1,2369231,0.1,10,819,2,5,even
9,30.0,0.3319211431105441,0.1577753366422288,0.0800262659520303,0.2129335109925394,0.1570294117710934,0.0279103901331278,0.0726677721991306,0.0420319890044241,0.0663918357990764,0.04601309592883,10_sp_aij_1,2369231,0.1,10,819,2,5,even
