,time,species_0,species_1,species_2,species_3,species_4,species_5,species_6,species_7,species_8,species_9,ground_truth,timeseries_id,noise,n_species,did,n_timeseries,n_timepoints,sampling_scheme
0,0.0,0.04,0.05,0.01,0.02,0.02,0.07,0.01,0.09,0.07,0.03,10_sp_aij_11,36656,0.01,10,1620,1,5,even
1,7.272727272727273,0.0139287677020322,0.0458235139941805,0.1670538187643865,0.3193192640441195,0.4367864198812615,0.083322998493271,0.0754888661431707,0.0479498160179747,0.2367856558411647,0.4392417779591294,10_sp_aij_11,36656,0.01,10,1620,1,5,even
2,14.84848484848485,0.0078859174538892,0.0857516989836039,0.1640317010857449,0.367137601076763,0.4727792225640038,0.0565602727073663,0.133377730352413,0.0690436484790787,0.2232953053238111,0.509443359467268,10_sp_aij_11,36656,0.01,10,1620,1,5,even
3,22.424242424242426,0.0076094602293815,0.0854826765582583,0.1725074571379425,0.3609933216201745,0.4593846495362845,0.0498901853815213,0.1360840402227101,0.0795103462526376,0.218441052418745,0.4980729851036528,10_sp_aij_11,36656,0.01,10,1620,1,5,even
4,30.0,0.0075588144929017,0.0838573022926625,0.1644705422695427,0.3660820986434496,0.4549368481478332,0.050813429079261,0.130825179976316,0.0820961956191782,0.212765574438647,0.4967376547444314,10_sp_aij_11,36656,0.01,10,1620,1,5,even
