,time,species_0,species_1,species_2,species_3,species_4,species_5,species_6,species_7,species_8,species_9,ground_truth,timeseries_id,noise,n_species,did,n_timeseries,n_timepoints,sampling_scheme
0,0.0,0.04,0.05,0.01,0.02,0.02,0.07,0.01,0.09,0.07,0.03,10_sp_aij_0,36656,0.01,10,9,2,5,even
1,7.272727272727273,0.1925141869203948,0.0580364982790451,0.1570879470814836,0.1951580644310943,0.0365337665273737,0.0898700740125076,0.1690199381550417,0.056088993743861,0.2011470192788466,0.186020197262281,10_sp_aij_0,36656,0.01,10,9,2,5,even
2,14.84848484848485,0.2436100361168842,0.0714929995733889,0.203787483610974,0.2060022898933663,0.073643362686818,0.1474373557910577,0.2249457043207199,0.0509461087083973,0.1558853500982527,0.2531960773108537,10_sp_aij_0,36656,0.01,10,9,2,5,even
3,22.424242424242426,0.2426576144960915,0.0897040828306011,0.1894408315251959,0.2253123031532897,0.08404259091049,0.1410309462135004,0.2173370227509999,0.0601820373005637,0.1368421486476817,0.2375850391561367,10_sp_aij_0,36656,0.01,10,9,2,5,even
4,30.0,0.2419430819710711,0.0968641910671503,0.1830689931404809,0.2330514229221562,0.0901975760096725,0.1453862649431464,0.2127166282257526,0.0630361541127628,0.1305873872569088,0.2361746697290917,10_sp_aij_0,36656,0.01,10,9,2,5,even
5,0.0,0.02,0.02,0.02,0.02,0.04,0.09,0.05,0.04,0.02,0.04,10_sp_aij_0,2369231,0.01,10,9,2,5,even
6,7.272727272727273,0.2005691123218009,0.0569930090632938,0.1932104723290558,0.1800774051690873,0.0741494881308171,0.1003232526582048,0.1584699118663699,0.0567793531252822,0.1997330124912548,0.1736623262035925,10_sp_aij_0,2369231,0.01,10,9,2,5,even
7,14.84848484848485,0.2521642566352987,0.0833624689984474,0.193071168754306,0.2160676372553145,0.0801843167259762,0.1518960441875465,0.2235479574387467,0.0558080654618329,0.1390476978272542,0.2485197493257572,10_sp_aij_0,2369231,0.01,10,9,2,5,even
8,22.424242424242426,0.237987174650908,0.0986372898505566,0.1839541060948171,0.2380265224456242,0.0894919799326986,0.1363602641689077,0.2194139005389466,0.0655717409313991,0.131689213869914,0.2313097856352564,10_sp_aij_0,2369231,0.01,10,9,2,5,even
9,30.0,0.2472244445865375,0.0904392828976865,0.176212289472921,0.232958221977687,0.0934736812694215,0.1361976141736215,0.2117103593144497,0.0654105015757527,0.1294314822734862,0.2406045232152296,10_sp_aij_0,2369231,0.01,10,9,2,5,even
