,time,species_0,species_1,species_2,species_3,species_4,species_5,species_6,species_7,species_8,species_9,ground_truth,timeseries_id,noise,n_species,did,n_timeseries,n_timepoints,sampling_scheme
0,0.0,0.04,0.05,0.01,0.02,0.02,0.07,0.01,0.09,0.07,0.03,10_sp_aij_35,36656,0.01,10,15660,1,5,even
1,7.272727272727273,0.0853397229048684,0.1285464235244387,0.1057926479008942,0.0774094584290013,0.3131936267942947,0.051427725776767,0.1136893646326395,0.2125560932757482,0.1732249370326685,0.1297746870954686,10_sp_aij_35,36656,0.01,10,15660,1,5,even
2,14.84848484848485,0.1048674884153422,0.2383949521359908,0.1362333667307659,0.0992665799924278,0.2507528470589124,0.1392639130653092,0.1703857950858107,0.2354354808389773,0.1463225576055255,0.1448839753547309,10_sp_aij_35,36656,0.01,10,15660,1,5,even
3,22.424242424242426,0.1046045628205458,0.2452430468133902,0.124752463951161,0.1090296628860106,0.2568972839061168,0.1438288261884121,0.1866229919273058,0.243999641212891,0.1305131763398638,0.1529847847222468,10_sp_aij_35,36656,0.01,10,15660,1,5,even
4,30.0,0.1012587859841659,0.2449843969743861,0.118613351394044,0.1167551873247998,0.2578185524965393,0.1443202071617156,0.1864214444073892,0.2476503189728829,0.1246596465677203,0.1571422772859356,10_sp_aij_35,36656,0.01,10,15660,1,5,even
