,time,species_0,species_1,species_2,species_3,species_4,species_5,species_6,species_7,species_8,species_9,ground_truth,timeseries_id,noise,n_species,did,n_timeseries,n_timepoints,sampling_scheme
0,0.0,0.04,0.05,0.01,0.02,0.02,0.07,0.01,0.09,0.07,0.03,10_sp_aij_7,36656,0.01,10,25380,1,5,even
1,7.272727272727273,0.0544915722859358,0.3033007911757389,0.0683054923932918,0.0867182858486134,0.2232645883134379,0.0752824111373885,0.0477502017950522,0.0676454484185902,0.0435178941704702,0.3063507388122947,10_sp_aij_7,36656,0.01,10,25380,1,5,even
2,14.84848484848485,0.0759210682447757,0.2988524643981851,0.0685949230863941,0.0983898987300054,0.2392270703278231,0.0639175743696796,0.0349410550938877,0.0634162773567756,0.0638172503861832,0.2970450543755568,10_sp_aij_7,36656,0.01,10,25380,1,5,even
3,22.424242424242426,0.084811887927789,0.2914195705721816,0.0619902259738422,0.0980902957953226,0.2464371018082732,0.0601296987934494,0.0289470185835299,0.0607214845093725,0.0732600834162463,0.2829393446393236,10_sp_aij_7,36656,0.01,10,25380,1,5,even
4,30.0,0.0822509317778425,0.2870044856912913,0.0549655771108376,0.100476391737894,0.248970055421778,0.0646096365371815,0.0246233357505091,0.0567418783073234,0.0745048477875794,0.2838307833313235,10_sp_aij_7,36656,0.01,10,25380,1,5,even
