,time,species_0,species_1,species_2,species_3,species_4,species_5,species_6,species_7,species_8,species_9,ground_truth,timeseries_id,noise,n_species,did,n_timeseries,n_timepoints,sampling_scheme
0,6.0606060606060606,0.1999640129378272,0.2181088781683156,0.0953813852666317,0.0449620045499116,0.1426126213745149,0.1785000730115799,0.0107186603528925,0.0577036487157595,0.0562597867631704,0.1492897971798079,10_sp_aij_45,36656,0.1,10,21873,1,5,seq
1,7.272727272727273,0.209594034942211,0.1708064824587829,0.1492419812685068,0.0557228072750352,0.117614906386277,0.1736270019385904,0.0140345683254009,0.0386717479997521,0.0425664289324925,0.1322328238622461,10_sp_aij_45,36656,0.1,10,21873,1,5,seq
2,8.484848484848484,0.1809282249779366,0.1969392375098435,0.1656210076829468,0.0567348355809913,0.153033708488422,0.1764118692901921,0.0167262477613333,0.0349052158428177,0.0369124957875899,0.1572216604190198,10_sp_aij_45,36656,0.1,10,21873,1,5,seq
3,10.0,0.1170569651884057,0.2432029840832846,0.1704483980182386,0.0650037689630742,0.2148878064009667,0.1435323755157506,0.0205096640698525,0.028958389951524,0.0350877376485106,0.0865838649014691,10_sp_aij_45,36656,0.1,10,21873,1,5,seq
4,11.212121212121213,0.1008067920778529,0.2214874831524882,0.2093433906809519,0.0410015725048301,0.214499022764498,0.1747825913353246,0.0259109539648391,0.0221014512185274,0.0306433250369336,0.1032007100377266,10_sp_aij_45,36656,0.1,10,21873,1,5,seq
