,time,species_0,species_1,species_2,species_3,species_4,species_5,species_6,species_7,species_8,species_9,ground_truth,timeseries_id,noise,n_species,did,n_timeseries,n_timepoints,sampling_scheme
0,6.0606060606060606,0.0237720349346638,0.0856624882264026,0.0724293465146885,0.0235879774950938,0.0159515178326541,0.0622947889614967,0.0557784845532733,0.0778510984415943,0.0395572531797232,0.0866260736051491,10_sp_aij_9,36656,0.01,10,26463,1,5,seq
1,7.272727272727273,0.0220287932667021,0.0807035264280177,0.0867586044867019,0.0237672205490866,0.0155297308725419,0.0626640669208182,0.0679397157651827,0.0811716005751312,0.0367115145092423,0.0891364696954478,10_sp_aij_9,36656,0.01,10,26463,1,5,seq
2,8.484848484848484,0.0200709099419064,0.0764863593756397,0.0954898768758287,0.0235484114551896,0.0159758227321109,0.0622897617559436,0.0774487230544013,0.087686676026609,0.0354615692703916,0.0927671080393711,10_sp_aij_9,36656,0.01,10,26463,1,5,seq
3,10.0,0.0175052414403907,0.0713390187993992,0.0989981231102916,0.0230441482116148,0.0168843733480951,0.0599079514293613,0.0868514885725706,0.0963366109490952,0.0348937389995272,0.0919594059564731,10_sp_aij_9,36656,0.01,10,26463,1,5,seq
4,11.212121212121213,0.0162245572026876,0.066407161433878,0.1008108526440488,0.0214280135672479,0.0170840977933261,0.0589268931513438,0.0929492563226114,0.1005320741780296,0.0343404817511004,0.0962833478801285,10_sp_aij_9,36656,0.01,10,26463,1,5,seq
