,time,species_0,species_1,species_2,species_3,species_4,species_5,species_6,species_7,species_8,species_9,ground_truth,timeseries_id,noise,n_species,did,n_timeseries,n_timepoints,sampling_scheme
0,13.636363636363637,0.3524671924651276,0.0188561580975132,0.4489651952152372,0.257727290588535,0.3363589575207463,0.1499112809471083,0.0575091975293819,0.1082785910569178,0.176244912741602,0.065054139805747,10_sp_aij_4,36656,0.01,10,18366,1,5,random
1,18.484848484848484,0.3548028197305672,0.0127629079660337,0.432038067052901,0.2570649337269681,0.3249561799976942,0.151109971406339,0.0474239516920749,0.1065776259156895,0.1763247245900751,0.0775815928618462,10_sp_aij_4,36656,0.01,10,18366,1,5,random
2,22.424242424242426,0.3526976154123979,0.0099364742866053,0.4388773900067074,0.2536468592032732,0.3187220350748738,0.1460874013120593,0.0427392848413531,0.1033324466895485,0.1753231267833019,0.0783768590854928,10_sp_aij_4,36656,0.01,10,18366,1,5,random
3,26.060606060606062,0.3571484188867191,0.0087001482745722,0.4215062019969023,0.2499134744141718,0.3277874290965667,0.1445286012416301,0.0390519542253221,0.0999758114839932,0.1760293371470364,0.0849433009295408,10_sp_aij_4,36656,0.01,10,18366,1,5,random
4,30.0,0.3493970720523863,0.0076946382482404,0.4216537617220409,0.2529778927773033,0.3111990855551159,0.1482076915692185,0.035779953024124,0.0966611063071629,0.1686064794448385,0.0873352943358029,10_sp_aij_4,36656,0.01,10,18366,1,5,random
