,time,species_0,species_1,species_2,species_3,species_4,species_5,species_6,species_7,species_8,species_9,ground_truth,timeseries_id,noise,n_species,did,n_timeseries,n_timepoints,sampling_scheme
0,0.0,0.04,0.05,0.01,0.02,0.02,0.07,0.01,0.09,0.07,0.03,10_sp_aij_19,36656,0.1,10,6210,1,5,even
1,7.272727272727273,0.2955111172075141,0.2831723675883998,0.1003201366930956,0.507872120086787,0.0428541749261683,0.0581042987061701,0.5505411050551469,0.3461406316086037,0.5087897119266973,0.0145915128445252,10_sp_aij_19,36656,0.1,10,6210,1,5,even
2,14.84848484848485,0.451474566647163,0.348617952367667,0.1334178134959972,0.7819509450994195,0.331719770126755,0.0382386350590543,0.6752217704294727,0.6895673871995918,0.7966621653765045,0.0,10_sp_aij_19,36656,0.1,10,6210,1,5,even
3,22.424242424242426,0.3121389348275882,0.2690861780176518,0.1096979383396817,0.6325841403742904,0.3035280419497428,0.0748071273120993,0.5685255161868552,0.6710203022120445,0.5829970577480555,0.0,10_sp_aij_19,36656,0.1,10,6210,1,5,even
4,30.0,0.3085552094056366,0.2671898840293187,0.064606533743896,0.7201559120872779,0.2538678597141628,0.0988151608438935,0.5235476317223973,0.6021059489172701,0.655134816449932,0.0,10_sp_aij_19,36656,0.1,10,6210,1,5,even
