,time,species_0,species_1,species_2,species_3,species_4,species_5,species_6,species_7,species_8,species_9,ground_truth,timeseries_id,noise,n_species,did,n_timeseries,n_timepoints,sampling_scheme
0,0.0,0.04,0.05,0.01,0.02,0.02,0.07,0.01,0.09,0.07,0.03,10_sp_aij_30,36656,0.1,10,13231,1,10,even
1,3.333333333333333,0.1783441367824486,0.1046328522054065,0.0335402143569894,0.1017753647661419,0.170291256569107,0.063467920362305,0.1635102741220351,0.0525962338157941,0.1129747805113043,0.0318882446245104,10_sp_aij_30,36656,0.1,10,13231,1,10,even
2,6.666666666666667,0.2505491182940877,0.1660464958116367,0.0757151336394669,0.1943038567010997,0.2266775073967736,0.0529983300756393,0.2653569109689328,0.0305826963389267,0.1442581718453651,0.0910860318167414,10_sp_aij_30,36656,0.1,10,13231,1,10,even
3,10.0,0.122805216317896,0.1955453989752209,0.0969777529953617,0.1906543299761392,0.3052276780298442,0.030943447639589,0.2773525686171653,0.0198512543695466,0.1370792133925541,0.0644974452032351,10_sp_aij_30,36656,0.1,10,13231,1,10,even
4,13.333333333333334,0.1359713831415377,0.1674908643393753,0.1626143034039753,0.1889107901256432,0.2326851002753943,0.0551983286362498,0.3577144224128854,0.0092261721694548,0.1826897154485633,0.1218004483133047,10_sp_aij_30,36656,0.1,10,13231,1,10,even
5,16.666666666666668,0.2526011535343365,0.1459229939943491,0.0899221844075916,0.2368940749657497,0.3243558063058406,0.0386447681882133,0.2907223229507962,0.0075687280571943,0.21243430806989,0.1615234061995643,10_sp_aij_30,36656,0.1,10,13231,1,10,even
6,20.0,0.215666387230709,0.2180194830770041,0.0704544881875228,0.2494510912194925,0.2406161428244588,0.0441890687845263,0.4095707480747724,0.0081614807310277,0.1763748031941977,0.108187379998526,10_sp_aij_30,36656,0.1,10,13231,1,10,even
7,23.333333333333336,0.1755850776629389,0.239969863247709,0.0991068039098916,0.2180010684650115,0.2973994386614376,0.0278809081757227,0.368337205631102,0.006414897629594,0.1762626065642986,0.1361998682640927,10_sp_aij_30,36656,0.1,10,13231,1,10,even
8,26.666666666666668,0.2527841788758506,0.1834798662832921,0.0793294705570949,0.2525843541895887,0.3846249830157058,0.0311703293831664,0.3003301983542164,0.0032912055695165,0.1729080554426361,0.179405103024145,10_sp_aij_30,36656,0.1,10,13231,1,10,even
9,30.0,0.1570944831872805,0.2091860881435001,0.0764930749537372,0.3302764663051792,0.2101910570941312,0.0334666537370516,0.2596402669966728,0.0,0.1552712955889011,0.1566992714744209,10_sp_aij_30,36656,0.1,10,13231,1,10,even
