,time,species_0,species_1,species_2,species_3,species_4,species_5,species_6,species_7,species_8,species_9,ground_truth,timeseries_id,noise,n_species,did,n_timeseries,n_timepoints,sampling_scheme
0,13.636363636363637,0.3985726965055491,0.1540384092002613,0.2062461802844294,0.3381585788950902,0.1444517277815922,0.0130998026624592,0.2667877755815002,0.213576324432559,0.3970136227156048,0.2731827421339101,10_sp_aij_37,36656,0.01,10,16746,1,5,random
1,18.484848484848484,0.4093109048394466,0.1979873942835388,0.1880393929318342,0.3543705333899161,0.1409431771990917,0.0143516306486385,0.2727839215662264,0.2113380973229667,0.3921988434091487,0.2650921568306245,10_sp_aij_37,36656,0.01,10,16746,1,5,random
2,22.424242424242426,0.4072044428353174,0.1976875244827672,0.1894399045036435,0.3527410897656176,0.1371044114635572,0.0173211663922601,0.2696353388812492,0.2097188897853424,0.3888331220426791,0.2592257337880966,10_sp_aij_37,36656,0.01,10,16746,1,5,random
3,26.060606060606062,0.4117799640449135,0.1965019443741541,0.1822649501137465,0.3549143219273822,0.1452450997856031,0.0200682754965433,0.2684366711519074,0.2094018984625774,0.3945997374427837,0.2693777900870608,10_sp_aij_37,36656,0.01,10,16746,1,5,random
4,30.0,0.4023902681388373,0.1925427462684543,0.1854170183294836,0.3570772726125839,0.145114852318203,0.0234275797633176,0.2663421970300468,0.2101962378429126,0.3868810180446588,0.261728005875163,10_sp_aij_37,36656,0.01,10,16746,1,5,random
