,time,species_0,species_1,species_2,species_3,species_4,species_5,species_6,species_7,species_8,species_9,ground_truth,timeseries_id,noise,n_species,did,n_timeseries,n_timepoints,sampling_scheme
0,6.0606060606060606,0.020189206556111,0.0923735746822336,0.3022882822509278,0.0628795365994102,0.041082560858568,0.0408819514364073,0.0595098479549594,0.3369430776090203,0.0914724993922077,0.1517476252372106,10_sp_aij_21,36656,0.1,10,7833,1,5,seq
1,7.272727272727273,0.0190938466494927,0.0656094732791808,0.3672774431079146,0.1121589602816107,0.0362008478922434,0.0306369637141741,0.0887701243409494,0.301656203704042,0.0633972136564148,0.1301847129985049,10_sp_aij_21,36656,0.1,10,7833,1,5,seq
2,8.484848484848484,0.0150293688304908,0.0624520989567342,0.3265768950955489,0.1763715644339398,0.0512114852179526,0.0269661772031161,0.1044171535661207,0.3721432821403561,0.0483459418473768,0.132674699959875,10_sp_aij_21,36656,0.1,10,7833,1,5,seq
3,10.0,0.0063521926423546,0.0674217021115972,0.3172008248190486,0.2540123875302973,0.0767445961635043,0.0276097504807674,0.1298014972402129,0.4164162949560829,0.0413871628394611,0.0617111085479282,10_sp_aij_21,36656,0.1,10,7833,1,5,seq
4,11.212121212121213,0.0037603646080689,0.0619446642298333,0.3874224758558806,0.1940432478895933,0.0803042322344724,0.0418493985298577,0.1493125821973968,0.3798980762464005,0.0295893369136516,0.0632436511319345,10_sp_aij_21,36656,0.1,10,7833,1,5,seq
