,time,species_0,species_1,species_2,species_3,species_4,species_5,species_6,species_7,species_8,species_9,ground_truth,timeseries_id,noise,n_species,did,n_timeseries,n_timepoints,sampling_scheme
0,0.0,0.04,0.05,0.01,0.02,0.02,0.07,0.01,0.09,0.07,0.03,10_sp_aij_9,36656,0.1,10,26730,1,5,even
1,7.272727272727273,0.0207614263036945,0.0832673698000992,0.1149112273476122,0.0271941398081574,0.0070329554146648,0.0582189718967038,0.0465124624841729,0.0591969590512695,0.0307383558642103,0.0668587200190979,10_sp_aij_9,36656,0.1,10,26730,1,5,even
2,14.84848484848485,0.0,0.0367424227011634,0.1320204580990606,0.0147209506534485,0.0156459271998,0.0423221184203843,0.1100533028932253,0.1026296078172178,0.0311224247012541,0.0666826093476777,10_sp_aij_9,36656,0.1,10,26730,1,5,even
3,22.424242424242426,0.0,0.020145449845864,0.1005892193825806,0.0117051558827785,0.0098680092952942,0.0504675811367719,0.1062487902753957,0.0965881201301655,0.04829657920713,0.0908425789223844,10_sp_aij_9,36656,0.1,10,26730,1,5,even
4,30.0,0.0,0.0172423615760744,0.0573513886953889,0.0147156645450804,0.0108021236511449,0.0987760378644533,0.0935850668911661,0.081772257897164,0.0280842922807577,0.144891213215927,10_sp_aij_9,36656,0.1,10,26730,1,5,even
