,time,species_0,species_1,species_2,species_3,species_4,species_5,species_6,species_7,species_8,species_9,ground_truth,timeseries_id,noise,n_species,did,n_timeseries,n_timepoints,sampling_scheme
0,13.636363636363637,0.0170982914801473,0.3263033447266848,0.1460429062735218,0.1391353381353727,0.028816574811858,0.2051348756618412,0.4315017412044186,0.0236536211685506,0.11071366693079,0.2884189603166403,10_sp_aij_12,36656,0.1,10,2436,1,5,random
1,18.484848484848484,0.0419618982266339,0.4865813945220563,0.0879231451806985,0.1598733076579278,0.0612023574210945,0.206358808383902,0.3838013460888979,0.0450108030459738,0.1061548957461275,0.3044254079699727,10_sp_aij_12,36656,0.1,10,2436,1,5,random
2,22.424242424242426,0.0539225803280922,0.3427410432357729,0.1319667397113217,0.1673309928399511,0.0559345606042254,0.1592359739505094,0.3045002127355325,0.0506731763286526,0.1067895908459285,0.2159059740644797,10_sp_aij_12,36656,0.1,10,2436,1,5,random
3,26.060606060606062,0.0603275562148702,0.3711678056757548,0.0973645717080831,0.1857808286308181,0.0919140063864278,0.1603088617994549,0.3392464841201751,0.0376053481518093,0.12391935157257,0.3756454857261999,10_sp_aij_12,36656,0.1,10,2436,1,5,random
4,30.0,0.0433712861780493,0.3954751134376187,0.0869915316521095,0.2118762207569381,0.0836101898907712,0.2055620304944077,0.3127694532201354,0.0460584710960111,0.0621421761590458,0.2938601652613745,10_sp_aij_12,36656,0.1,10,2436,1,5,random
