,time,species_0,species_1,species_2,species_3,species_4,species_5,species_6,species_7,species_8,species_9,ground_truth,timeseries_id,noise,n_species,did,n_timeseries,n_timepoints,sampling_scheme
0,6.0606060606060606,0.1909194137311859,0.1801987736821171,0.0968875632411101,0.0434871875293982,0.1585382759618162,0.1682452240268976,0.0177927695444994,0.0512672556834557,0.0537108601478465,0.1305509524027851,10_sp_aij_45,36656,0.01,10,21603,1,5,seq
1,7.272727272727273,0.1914518788520373,0.1955319963040658,0.1315580992069719,0.0536340960574603,0.1722368059529606,0.1782459837153807,0.0225772951285623,0.0438152805550115,0.0531372541240744,0.1333311040696932,10_sp_aij_45,36656,0.01,10,21603,1,5,seq
2,8.484848484848484,0.1882081914151331,0.2172039163685826,0.1595762397662551,0.0637803407488572,0.1895648844268768,0.1864841559184477,0.0287997454792742,0.0384405308718893,0.0525133734616286,0.1406384111262122,10_sp_aij_45,36656,0.01,10,21603,1,5,seq
3,10.0,0.1815997519634672,0.2432529017296411,0.1842942531139667,0.0772308024404083,0.2076337982333517,0.1903814213276465,0.0388596089750695,0.0326684939626494,0.0509828492865672,0.1402717536279239,10_sp_aij_45,36656,0.01,10,21603,1,5,seq
4,11.212121212121213,0.1805419929274274,0.2537031510326956,0.202078311393301,0.0830408507049349,0.2140901432440551,0.2002031421190415,0.0485966539348638,0.0286469385140833,0.0483515446121857,0.1474454473438464,10_sp_aij_45,36656,0.01,10,21603,1,5,seq
