,time,species_0,species_1,species_2,species_3,species_4,species_5,species_6,species_7,species_8,species_9,ground_truth,timeseries_id,noise,n_species,did,n_timeseries,n_timepoints,sampling_scheme
0,6.0606060606060606,0.3819142989519052,0.2002977705852756,0.0067312616005813,0.1538608125075678,0.0498667688371309,0.1716444718917638,0.014703255662725,0.4353751140046818,0.3083512716058582,0.1855443751549102,10_sp_aij_28,36656,0.1,10,11613,1,5,seq
1,7.272727272727273,0.3550568822209359,0.1353106736541803,0.0076526589772826,0.1559266739828918,0.0302343060178801,0.1648633271648167,0.0241722851303634,0.3933637454547835,0.2697639931478558,0.1518623760401765,10_sp_aij_28,36656,0.1,10,11613,1,5,seq
2,8.484848484848484,0.2873098137868931,0.1419892919115594,0.0091963810324017,0.1384324666812724,0.0321065355647834,0.1605717326513945,0.0301266945458327,0.4290484500130427,0.2641309375615143,0.163739191912756,10_sp_aij_28,36656,0.1,10,11613,1,5,seq
3,10.0,0.2247390623647842,0.1812801685496473,0.0095146245530043,0.1537530615906103,0.0560874632427282,0.1372331661384591,0.025440520387843,0.4124711076584924,0.2471370204147103,0.091496987288686,10_sp_aij_28,36656,0.1,10,11613,1,5,seq
4,11.212121212121213,0.2216746253162134,0.153006599086386,0.0111134252189539,0.0949635499841643,0.0628888110135244,0.1490773412898856,0.0247947180292653,0.3504346301354963,0.2186525873518266,0.1116237513982601,10_sp_aij_28,36656,0.1,10,11613,1,5,seq
