,time,species_0,species_1,species_2,species_3,species_4,species_5,species_6,species_7,species_8,species_9,ground_truth,timeseries_id,noise,n_species,did,n_timeseries,n_timepoints,sampling_scheme
0,13.636363636363637,0.0206545770876671,0.3153731765575053,0.411557545864888,0.1277251644725716,0.2405261946294074,0.2006091325119145,0.0302104145058298,0.3120003915020495,0.042167972030794,0.3453654617955141,10_sp_aij_22,36656,0.1,10,8376,1,5,random
1,18.484848484848484,0.0254153460045646,0.4668134124556214,0.3537020289058445,0.1812955451187186,0.2776126338888198,0.1947805966818473,0.0315882821241519,0.3154304174427998,0.1228221514754509,0.3362493088525753,10_sp_aij_22,36656,0.1,10,8376,1,5,random
2,22.424242424242426,0.0329849279459945,0.3470649601851067,0.4237667714872392,0.1887703123802168,0.2268725128503455,0.1653203154861248,0.0403647062782234,0.2777353745183362,0.1040482281102393,0.3101990449221207,10_sp_aij_22,36656,0.1,10,8376,1,5,random
3,26.060606060606062,0.040629699606854,0.304949210856491,0.3129926356838347,0.1617087515705431,0.3178152107592327,0.1535369907684709,0.028164347501871,0.2875197851968023,0.0866201892031785,0.4793590594585642,10_sp_aij_22,36656,0.1,10,8376,1,5,random
4,30.0,0.0317370886042743,0.3216116069883261,0.381320001318739,0.2005984620705893,0.2082278980257819,0.1714898975114953,0.0226944699724429,0.2872261108844068,0.0695334259337211,0.3351726465241505,10_sp_aij_22,36656,0.1,10,8376,1,5,random
