,time,species_0,species_1,species_2,species_3,species_4,species_5,species_6,species_7,species_8,species_9,ground_truth,timeseries_id,noise,n_species,did,n_timeseries,n_timepoints,sampling_scheme
0,6.0606060606060606,0.0221973975872226,0.1165857162643184,0.0817975427300274,0.026678988641803,0.0105395128922684,0.0624546899306704,0.0359123312433978,0.074460002924659,0.0426596676822418,0.0766542000309891,10_sp_aij_9,36656,0.1,10,26733,1,5,seq
1,7.272727272727273,0.0207614263036945,0.0832673698000992,0.1149112273476122,0.0271941398081574,0.0070329554146648,0.0582189718967038,0.0465124624841729,0.0591969590512695,0.0307383558642103,0.0668587200190979,10_sp_aij_9,36656,0.1,10,26733,1,5,seq
2,8.484848484848484,0.0145313801973048,0.0781715532874775,0.1264191708077756,0.0244542876693344,0.0078985611927151,0.0541030886958756,0.0496967701253747,0.0674101151904368,0.026841569199596,0.0715584504657045,10_sp_aij_9,36656,0.1,10,26733,1,5,seq
3,10.0,0.0057360810505133,0.0744684062016168,0.1214019509752926,0.0217479019741136,0.0114186023064641,0.0415387159794628,0.0543409220875225,0.0848529043877792,0.0249702124890912,0.0393522099558008,10_sp_aij_9,36656,0.1,10,26733,1,5,seq
4,11.212121212121213,0.003212553478074,0.0610197447986707,0.1439513219326765,0.0112755329549448,0.0118669286095611,0.0398086073980425,0.0618398944326295,0.0825469869562474,0.0202425742202774,0.0436752138726719,10_sp_aij_9,36656,0.1,10,26733,1,5,seq
