,time,species_0,species_1,species_2,species_3,species_4,species_5,species_6,species_7,species_8,species_9,ground_truth,timeseries_id,noise,n_species,did,n_timeseries,n_timepoints,sampling_scheme
0,0.0,0.04,0.05,0.01,0.02,0.02,0.07,0.01,0.09,0.07,0.03,10_sp_aij_39,36656,0.01,10,17829,2,5,even
1,7.272727272727273,0.1215745963555423,0.2252064553961736,0.0467662747427831,0.0265824035791794,0.1837633712731567,0.2289308621455099,0.0826460351618701,0.4613003098838914,0.1129348026408264,0.3528118145489,10_sp_aij_39,36656,0.01,10,17829,2,5,even
2,14.84848484848485,0.125549692346756,0.218945457384196,0.042385226966637,0.0504456053898319,0.2041554352127487,0.2501318821234283,0.0858149483405568,0.4881728501134805,0.1213313717011495,0.3638563774630161,10_sp_aij_39,36656,0.01,10,17829,2,5,even
3,22.424242424242426,0.1310732413922092,0.2200427262201059,0.0379298328235822,0.0590130406133354,0.2064021472994206,0.2479904109910625,0.0862730634640824,0.4855183296779083,0.1243493754259562,0.3629934908039802,10_sp_aij_39,36656,0.01,10,17829,2,5,even
4,30.0,0.1298082432370012,0.2229050674349435,0.0340430290860506,0.0626734426904107,0.2049124685801471,0.2550896757474253,0.0836348708315947,0.4865736403980258,0.1225988035183094,0.3638546367667754,10_sp_aij_39,36656,0.01,10,17829,2,5,even
5,0.0,0.02,0.02,0.02,0.02,0.04,0.09,0.05,0.04,0.02,0.04,10_sp_aij_39,2369231,0.01,10,17829,2,5,even
6,7.272727272727273,0.1308607859255148,0.2409715843156947,0.0482255582021059,0.0433899076415444,0.2134703069926902,0.2319242143741665,0.0817846962849716,0.4979600494080572,0.1109600850164258,0.3561014371575162,10_sp_aij_39,2369231,0.01,10,17829,2,5,even
7,14.84848484848485,0.1308541421083591,0.216850746208019,0.0388525705655691,0.0595463670508911,0.2048832012024284,0.2550505437487328,0.0840294354835233,0.5038073978324705,0.1239864205041042,0.370004956083108,10_sp_aij_39,2369231,0.01,10,17829,2,5,even
8,22.424242424242426,0.1288061100070003,0.2261833561073347,0.0349457268713331,0.0597117933829273,0.2130198165718512,0.247523522447091,0.08495818932621,0.4884478743959288,0.1221233912990337,0.3616888169875211,10_sp_aij_39,2369231,0.01,10,17829,2,5,even
9,30.0,0.1395809697371037,0.2190501861668424,0.031457401466164,0.0572378550228017,0.2125493744835694,0.248361107105109,0.0822828664442864,0.48244770746001,0.1172404093064273,0.3731052706380176,10_sp_aij_39,2369231,0.01,10,17829,2,5,even
