,time,species_0,species_1,species_2,species_3,species_4,species_5,species_6,species_7,species_8,species_9,ground_truth,timeseries_id,noise,n_species,did,n_timeseries,n_timepoints,sampling_scheme
0,0.0,0.04,0.05,0.01,0.02,0.02,0.07,0.01,0.09,0.07,0.03,10_sp_aij_40,36656,0.01,10,18909,2,5,even
1,7.272727272727273,0.1221893140311053,0.067818292780222,0.1045305145546179,0.1998571313086187,0.0865823397919028,0.1224994813386617,0.0405893721749088,0.2525434333968922,0.100906551376224,0.0738577011129492,10_sp_aij_40,36656,0.01,10,18909,2,5,even
2,14.84848484848485,0.2255607372130245,0.1061971235781916,0.1416165755374134,0.2708461858607154,0.0249075793600449,0.1490875196372016,0.0200159194403256,0.3051892593257378,0.0691416333082432,0.0190714950983002,10_sp_aij_40,36656,0.01,10,18909,2,5,even
3,22.424242424242426,0.2419829147694957,0.0907925450541813,0.1724583722677213,0.2630386122442632,0.0091009114866219,0.1447689287706112,0.011001314812139,0.2686548098616442,0.1021455971196734,0.0070836570955984,10_sp_aij_40,36656,0.01,10,18909,2,5,even
4,30.0,0.2312708620749045,0.0755048174352195,0.183264538887786,0.2507349759629837,0.0072730515588487,0.1452288477892497,0.0108927877981298,0.2369361226257728,0.1265984286997151,0.0060530244107121,10_sp_aij_40,36656,0.01,10,18909,2,5,even
5,0.0,0.02,0.02,0.02,0.02,0.04,0.09,0.05,0.04,0.02,0.04,10_sp_aij_40,2369231,0.01,10,18909,2,5,even
6,7.272727272727273,0.1020050929962624,0.1027591026459927,0.0969363017419456,0.2063350103180332,0.0742181187617759,0.145705840639026,0.0711090572024435,0.3033878520965758,0.0622430253192516,0.0774148690987536,10_sp_aij_40,2369231,0.01,10,18909,2,5,even
7,14.84848484848485,0.246077552240963,0.1152787463434663,0.1341052248068189,0.2872739307962402,0.0151166358601675,0.1494414001513669,0.0188859476387953,0.3352929072125684,0.0525034081902221,0.0129567500553397,10_sp_aij_40,2369231,0.01,10,18909,2,5,even
8,22.424242424242426,0.2444125968145115,0.0951017439375144,0.1721994564546611,0.2724412259993548,0.0050871968707258,0.1434296610595111,0.0091418583123708,0.2764353586412975,0.0956688010343107,0.0046178399050743,10_sp_aij_40,2369231,0.01,10,18909,2,5,even
9,30.0,0.2444432195154534,0.0708767207195691,0.1828549213349903,0.2438986856018077,0.0046264508068843,0.1371800833298163,0.0092091460552223,0.2306135658456816,0.130171700265898,0.0038747328278035,10_sp_aij_40,2369231,0.01,10,18909,2,5,even
