,time,species_0,species_1,species_2,species_3,species_4,species_5,species_6,species_7,species_8,species_9,ground_truth,timeseries_id,noise,n_species,did,n_timeseries,n_timepoints,sampling_scheme
0,0.0,0.04,0.05,0.01,0.02,0.02,0.07,0.01,0.09,0.07,0.03,10_sp_aij_21,36656,0.1,10,7830,1,5,even
1,7.272727272727273,0.0190938466494927,0.0656094732791808,0.3672774431079146,0.1121589602816107,0.0362008478922434,0.0306369637141741,0.0887701243409494,0.301656203704042,0.0633972136564148,0.1301847129985049,10_sp_aij_21,36656,0.1,10,7830,1,5,even
2,14.84848484848485,0.0,0.0704933732944066,0.3558193080542316,0.3438776159045505,0.0943936391108281,0.1466605324606945,0.1978849140325976,0.4020773952524045,0.0447270746416529,0.0427189099552149,10_sp_aij_21,36656,0.1,10,7830,1,5,even
3,22.424242424242426,0.0,0.079445576062762,0.3883913470679882,0.2530677115491813,0.1288992553217139,0.1665736322343249,0.1332457834737913,0.4096751019304709,0.1286162836904553,0.0171365994959074,10_sp_aij_21,36656,0.1,10,7830,1,5,even
4,30.0,0.0,0.0938210859299452,0.3205927137541309,0.2419480064728095,0.1234330346467582,0.1843774645334083,0.1080191726282874,0.3826386475874025,0.1351505601113529,0.0398526842203857,10_sp_aij_21,36656,0.1,10,7830,1,5,even
