,time,species_0,species_1,species_2,species_3,species_4,species_5,species_6,species_7,species_8,species_9,ground_truth,timeseries_id,noise,n_species,did,n_timeseries,n_timepoints,sampling_scheme
0,6.0606060606060606,0.3002238091574352,0.3426999031157938,0.2885062108322899,0.0989879044047161,0.0307216541712918,0.0504870423581624,0.0155441310465169,0.0822207913154022,0.1916695700086573,0.3520005270479058,10_sp_aij_23,36656,0.1,10,8913,1,5,seq
1,7.272727272727273,0.2813835701986434,0.2625927593852073,0.3368037733227366,0.1092199568389162,0.02200632998117,0.0368136163949425,0.0178823934584444,0.0487306617636365,0.1822046346417872,0.2595732615484676,10_sp_aij_23,36656,0.1,10,8913,1,5,seq
2,8.484848484848484,0.2211814383184507,0.2774736911648106,0.2973602979311157,0.1027550212622489,0.0260548199739234,0.0361459057294828,0.0165702043917099,0.0341459021322709,0.2201825293683861,0.2469715117110019,10_sp_aij_23,36656,0.1,10,8913,1,5,seq
3,10.0,0.1434383728731165,0.2769763094053082,0.2860929897812005,0.1045494759701994,0.04053066156035,0.0408191478946905,0.0148040550595123,0.0264060268045162,0.2395893136230293,0.1210142511460346,10_sp_aij_23,36656,0.1,10,8913,1,5,seq
4,11.212121212121213,0.1323669200860696,0.2383988043741702,0.3388722566851702,0.0644672788668048,0.0466853667707432,0.0537900409784533,0.0152352947342905,0.0192373506034236,0.2169286932505686,0.1603632403033378,10_sp_aij_23,36656,0.1,10,8913,1,5,seq
