,time,species_0,species_1,species_2,species_3,species_4,species_5,species_6,species_7,species_8,species_9,ground_truth,timeseries_id,noise,n_species,did,n_timeseries,n_timepoints,sampling_scheme
0,0.0,0.04,0.05,0.01,0.02,0.02,0.07,0.01,0.09,0.07,0.03,10_sp_aij_37,36656,0.01,10,16740,1,5,even
1,7.272727272727273,0.4074391930601718,0.0719208718935781,0.0779594901973197,0.1972312331570888,0.1024721739920859,0.037350554900088,0.109931949137766,0.3220095290092113,0.3769229848777067,0.3088180348881421,10_sp_aij_37,36656,0.01,10,16740,1,5,even
2,14.84848484848485,0.4041286166913817,0.1707361496961679,0.1993807202221746,0.3506817960542358,0.1417453005691747,0.0128699230076499,0.2685646824785234,0.2067758270500481,0.3954312858078562,0.2661776789796957,10_sp_aij_37,36656,0.01,10,16740,1,5,even
3,22.424242424242426,0.4072044428353174,0.1976875244827672,0.1894399045036435,0.3527410897656176,0.1371044114635572,0.0173211663922601,0.2696353388812492,0.2097188897853424,0.3888331220426791,0.2592257337880966,10_sp_aij_37,36656,0.01,10,16740,1,5,even
4,30.0,0.4023902681388373,0.1925427462684543,0.1854170183294836,0.3570772726125839,0.145114852318203,0.0234275797633176,0.2663421970300468,0.2101962378429126,0.3868810180446588,0.261728005875163,10_sp_aij_37,36656,0.01,10,16740,1,5,even
