,time,species_0,species_1,species_2,species_3,species_4,species_5,species_6,species_7,species_8,species_9,ground_truth,timeseries_id,noise,n_species,did,n_timeseries,n_timepoints,sampling_scheme
0,0.0,0.04,0.05,0.01,0.02,0.02,0.07,0.01,0.09,0.07,0.03,10_sp_aij_30,36656,0.01,10,12969,2,5,even
1,7.272727272727273,0.2157102667550267,0.1412939540413829,0.0897080984381726,0.2207454804333133,0.2559717918102194,0.0511152126194256,0.2633248158374566,0.0281709772063382,0.1305454432866243,0.1142514705682088,10_sp_aij_30,36656,0.01,10,12969,2,5,even
2,14.84848484848485,0.2169475170412556,0.2171995541641003,0.0827385906689025,0.2576665380297891,0.2736907600482299,0.033308431204598,0.329543868250316,0.0221993800848393,0.1663630170445605,0.1374172361229987,10_sp_aij_30,36656,0.01,10,12969,2,5,even
3,22.424242424242426,0.2198159911405183,0.2170694600739161,0.0758453493915291,0.2632006879259964,0.2771800751798475,0.0295720305317619,0.3210689399099678,0.0226483904633945,0.1621764610422061,0.137876517275521,10_sp_aij_30,36656,0.01,10,12969,2,5,even
4,30.0,0.2153812050654527,0.2184323178980515,0.0728082523829271,0.2709083769807359,0.2728609591614079,0.0283913785530419,0.3162124286485491,0.022946685296055,0.1585584851358234,0.1433339911531679,10_sp_aij_30,36656,0.01,10,12969,2,5,even
5,0.0,0.02,0.02,0.02,0.02,0.04,0.09,0.05,0.04,0.02,0.04,10_sp_aij_30,2369231,0.01,10,12969,2,5,even
6,7.272727272727273,0.2137634540504111,0.1418401474282108,0.1039030818067347,0.2132448220420151,0.2496076960799076,0.053319629198175,0.2650956241969086,0.0154970028456015,0.1421163446643069,0.1343552007358944,10_sp_aij_30,2369231,0.01,10,12969,2,5,even
7,14.84848484848485,0.222299507888537,0.2210893586986748,0.080692252491224,0.2681210984808155,0.2790180484372749,0.0329617701934835,0.3346670399504409,0.0179390137347989,0.1699264879112549,0.1419251350379122,10_sp_aij_30,2369231,0.01,10,12969,2,5,even
8,22.424242424242426,0.2161450606846513,0.2238530639346804,0.0749877050495628,0.2725829398858186,0.2848336589236974,0.0294167605044456,0.3271608430572244,0.0203590599997873,0.1605565444405276,0.1400347756654942,10_sp_aij_30,2369231,0.01,10,12969,2,5,even
9,30.0,0.227748582432148,0.2081672157371067,0.0710704361061617,0.2659553315647908,0.2790853062536406,0.026716785626929,0.3152457116580865,0.0216415720741296,0.1539652596791063,0.1466110265255658,10_sp_aij_30,2369231,0.01,10,12969,2,5,even
