,time,species_0,species_1,species_2,species_3,species_4,species_5,species_6,species_7,species_8,species_9,ground_truth,timeseries_id,noise,n_species,did,n_timeseries,n_timepoints,sampling_scheme
0,0.0,0.04,0.05,0.01,0.02,0.02,0.07,0.01,0.09,0.07,0.03,10_sp_aij_48,36656,0.1,10,23499,2,5,even
1,7.272727272727273,0.1483975905782036,0.0834303092173933,0.00305660854592,0.0998942888059108,0.194571600905989,0.1537742925282319,0.2797110409978773,0.2311959248012175,0.0771507102001302,0.1622945726542133,10_sp_aij_48,36656,0.1,10,23499,2,5,even
2,14.84848484848485,0.0785879140428381,0.013807608104002,0.0,0.1212473087324418,0.2659925439281448,0.1062359620848155,0.3418191379520559,0.320523789221331,0.0852888855442322,0.1118739160918006,10_sp_aij_48,36656,0.1,10,23499,2,5,even
3,22.424242424242426,0.1448337963831621,0.0051381598089853,0.0,0.1102500048254193,0.2599313456376472,0.0879846787073278,0.2511192302406471,0.249166352816868,0.1481156001871845,0.0915208323491136,10_sp_aij_48,36656,0.1,10,23499,2,5,even
4,30.0,0.1894770357209242,0.0083103070943213,0.0,0.1802972297952207,0.2755537485466705,0.1201860095632523,0.2170931311524898,0.2078172645181367,0.1764861816952861,0.1522478389083644,10_sp_aij_48,36656,0.1,10,23499,2,5,even
5,0.0,0.02,0.02,0.02,0.02,0.04,0.09,0.05,0.04,0.02,0.04,10_sp_aij_48,2369231,0.1,10,23499,2,5,even
6,7.272727272727273,0.1209072496142151,0.0543973516153228,0.009311721726939,0.0944261711989538,0.34003877374691,0.0997344306207566,0.2497268906722662,0.4224053258705942,0.0770746537499994,0.0824558705481298,10_sp_aij_48,2369231,0.1,10,23499,2,5,even
7,14.84848484848485,0.1633912096720923,0.0163718468059025,0.0059517062961195,0.1195634485740986,0.2623560976941655,0.1202416427086462,0.290569335176075,0.3400859884030214,0.1322898551328941,0.1507468954381708,10_sp_aij_48,2369231,0.1,10,23499,2,5,even
8,22.424242424242426,0.1469936859855432,0.0142398928420386,0.0,0.1472071906972744,0.3850626563475163,0.0903062497745008,0.2858782272989514,0.2911102987034756,0.1295765244754143,0.1090109951384998,10_sp_aij_48,2369231,0.1,10,23499,2,5,even
9,30.0,0.2576584911636896,0.0108694231647898,0.0,0.0923381266006566,0.3243825884911206,0.0706611341343287,0.2279216539872041,0.2112426472407469,0.1314722873866217,0.1552577825609943,10_sp_aij_48,2369231,0.1,10,23499,2,5,even
