,time,species_0,species_1,species_2,species_3,species_4,species_5,species_6,species_7,species_8,species_9,ground_truth,timeseries_id,noise,n_species,did,n_timeseries,n_timepoints,sampling_scheme
0,6.0606060606060606,0.1046424732855779,0.1807882543798311,0.2279560748935079,0.2956535609256212,0.0633262156736348,0.2615261936183588,0.0844423782289485,0.2331782135982276,0.0845771334093647,0.1813064336677318,10_sp_aij_26,36656,0.1,10,10533,1,5,seq
1,7.272727272727273,0.1036169973016107,0.1382171490782178,0.3048379131196979,0.304288039951392,0.0529680520469459,0.2727711659077241,0.1141008771112939,0.2091076969875968,0.0671039007645729,0.173838154904158,10_sp_aij_26,36656,0.1,10,10533,1,5,seq
2,8.484848484848484,0.0775192750825074,0.1368560717371621,0.2972389870499028,0.2511473109759213,0.080920103149997,0.2677559928786105,0.1163699862978977,0.2610131024379973,0.0735225464173938,0.1967961958748532,10_sp_aij_26,36656,0.1,10,10533,1,5,seq
3,10.0,0.0419305768622689,0.1454278084347506,0.3046714611804139,0.2746800838127204,0.1385707028341608,0.2227439555560245,0.127090355189673,0.2934115058222445,0.0819216246863766,0.1103822564622147,10_sp_aij_26,36656,0.1,10,10533,1,5,seq
4,11.212121212121213,0.0315810009467283,0.1110650596794485,0.3705328564987805,0.1787464091892702,0.1564704221417648,0.2312016774146306,0.1436187951976162,0.2542030841509656,0.0724628798410684,0.1359122459984097,10_sp_aij_26,36656,0.1,10,10533,1,5,seq
