,time,species_0,species_1,species_2,species_3,species_4,species_5,species_6,species_7,species_8,species_9,ground_truth,timeseries_id,noise,n_species,did,n_timeseries,n_timepoints,sampling_scheme
0,13.636363636363637,0.2968566928093247,0.1242866287006788,0.0164349745811494,0.1521565956597144,0.0849142647329591,0.2372402602644439,0.0400603265134111,0.4357572576132067,0.3432864600467571,0.1737269574901808,10_sp_aij_28,36656,0.1,10,11616,1,5,random
1,18.484848484848484,0.3440417292189572,0.1655888048830238,0.012066017762894,0.1759076671993369,0.0536731371720257,0.2203572651177903,0.0554607367825372,0.5137896551969835,0.3280899897537089,0.1701912527938187,10_sp_aij_28,36656,0.1,10,11616,1,5,random
2,22.424242424242426,0.3077472562351482,0.1110987642020796,0.0238257027040695,0.141378543235907,0.0387411403371942,0.1551162020213862,0.0756977521467022,0.4613582151145641,0.3224442757984312,0.1191280175038368,10_sp_aij_28,36656,0.1,10,11616,1,5,random
3,26.060606060606062,0.3512655866111505,0.1048681489179599,0.0230175062352142,0.140495452395515,0.0655031920066375,0.1861179384263224,0.082477682596559,0.4451773662706519,0.4038618799438386,0.2355695858219094,10_sp_aij_28,36656,0.1,10,11616,1,5,random
4,30.0,0.314392087107972,0.1281528358540224,0.0143646579042743,0.2104384918014951,0.0533554077073931,0.230150591939247,0.0563915443812414,0.4333542340439447,0.323007917469812,0.178950882333736,10_sp_aij_28,36656,0.1,10,11616,1,5,random
