,time,species_0,species_1,species_2,species_3,species_4,species_5,species_6,species_7,species_8,species_9,ground_truth,timeseries_id,noise,n_species,did,n_timeseries,n_timepoints,sampling_scheme
0,0.0,0.04,0.05,0.01,0.02,0.02,0.07,0.01,0.09,0.07,0.03,10_sp_aij_46,36656,0.1,10,22411,1,10,even
1,3.333333333333333,0.0889141729475639,0.1656088569169277,0.0349137416371676,0.1092855050510087,0.0371363510993663,0.1777576417479708,0.0045448882207164,0.2436765760586367,0.2613726433767873,0.0869476235919805,10_sp_aij_46,36656,0.1,10,22411,1,10,even
2,6.666666666666667,0.1484001412310058,0.2042770310773304,0.1744337599666669,0.1762303586019486,0.0320566847090337,0.2080345554232596,0.0,0.378994718519707,0.4532052840525502,0.2606975779106913,10_sp_aij_46,36656,0.1,10,22411,1,10,even
3,10.0,0.1273639164197753,0.1188400514311678,0.3239375592997081,0.192020758451715,0.0261914139351315,0.2468498624346797,0.0,0.4491950004308654,0.4961499815047112,0.2204405505967505,10_sp_aij_46,36656,0.1,10,22411,1,10,even
4,13.333333333333334,0.1809779006626903,0.0548823688561732,0.5729901333260193,0.2313775117747463,0.0230915677520873,0.3869205741725477,0.0,0.5959670717570162,0.7753935195610895,0.4829975889911492,10_sp_aij_46,36656,0.1,10,22411,1,10,even
5,16.666666666666668,0.3756332111211165,0.0223411778683269,0.5303735700683291,0.2163042577782985,0.0123756397612286,0.3476154792344254,0.0,0.5914921394223388,0.7690181489756526,0.6252324678908554,10_sp_aij_46,36656,0.1,10,22411,1,10,even
6,20.0,0.3167576470846742,0.0181333439927733,0.4901849467989917,0.2132664399805943,0.007056410037009,0.4262733431895807,0.0,0.5255132911414464,0.6639087450516791,0.5117350938559799,10_sp_aij_46,36656,0.1,10,22411,1,10,even
7,23.333333333333336,0.3038543906274017,0.0117216224171853,0.5717563876908272,0.2151877390903781,0.0067628283295441,0.3447359471076912,0.0,0.5986608097060641,0.7514046724936759,0.6456591740278707,10_sp_aij_46,36656,0.1,10,22411,1,10,even
8,26.666666666666668,0.3980235113486815,0.0067032860573526,0.552403761225323,0.2244569496008864,0.0116086350793067,0.4624175196782564,0.0,0.5888215408460872,0.7648724851120333,0.6908131684416078,10_sp_aij_46,36656,0.1,10,22411,1,10,even
9,30.0,0.3509493073376247,0.0044847711484071,0.5620003619395005,0.3239721881209065,0.0055554533556671,0.4531503791868874,0.0,0.5857259414081051,0.901399562268968,0.545752757578629,10_sp_aij_46,36656,0.1,10,22411,1,10,even
