,time,species_0,species_1,species_2,species_3,species_4,species_5,species_6,species_7,species_8,species_9,ground_truth,timeseries_id,noise,n_species,did,n_timeseries,n_timepoints,sampling_scheme
0,13.636363636363637,0.2500404625926982,0.1143625549241028,0.2829724491578806,0.0162904744236905,0.0181395127319212,0.109730209220852,0.1776488633797588,0.1996825310982894,0.2666101470036428,0.1836811741200669,10_sp_aij_49,36656,0.01,10,23766,1,5,random
1,18.484848484848484,0.2532757796145554,0.1190306406248605,0.2725333157421944,0.0112850058074887,0.0140375096412884,0.1069152669884728,0.1744438782100921,0.2024618085515148,0.2695190561379155,0.1864251248300595,10_sp_aij_49,36656,0.01,10,23766,1,5,random
2,22.424242424242426,0.2507508512532721,0.1170421533528715,0.2812108302209733,0.0088803162845826,0.0120298942692249,0.1058463723286416,0.1737138290761775,0.1983509219373349,0.2644897679448139,0.1788418472168269,10_sp_aij_49,36656,0.01,10,23766,1,5,random
3,26.060606060606062,0.2519279044453614,0.1154802970409754,0.2717809542761398,0.0075974476306029,0.0116508730199831,0.10686332685658,0.1729127043465108,0.1974380677082954,0.268841686258141,0.1887985190481146,10_sp_aij_49,36656,0.01,10,23766,1,5,random
4,30.0,0.2423129114279956,0.1183586082593675,0.2731212420068928,0.0069956991764419,0.0104506689107904,0.1089772360271016,0.1651039317147207,0.2047880335739165,0.2623832064028893,0.1851816723780482,10_sp_aij_49,36656,0.01,10,23766,1,5,random
