,time,species_0,species_1,species_2,species_3,species_4,species_5,species_6,species_7,species_8,species_9,ground_truth,timeseries_id,noise,n_species,did,n_timeseries,n_timepoints,sampling_scheme
0,0.0,0.04,0.05,0.01,0.02,0.02,0.07,0.01,0.09,0.07,0.03,10_sp_aij_3,36656,0.1,10,12690,1,5,even
1,7.272727272727273,0.7208873366840766,0.6990572939196203,0.0172052518664011,1.3265719691533058,0.1418391347881593,0.3688057969229388,0.5286995647388719,0.0488567693496085,0.0126653119830404,0.5303870206886327,10_sp_aij_3,36656,0.1,10,12690,1,5,even
2,14.84848484848485,0.7470144957725462,0.810142389270883,0.0427650191409036,1.5026051674131051,0.140094433763162,0.3998291068594952,0.551797908043688,0.0427003108525534,0.0506018725587828,0.6302398603904859,10_sp_aij_3,36656,0.1,10,12690,1,5,even
3,22.424242424242426,0.6349330032250564,0.8115476729740854,0.0537600353883013,1.3606022585486115,0.1756223067467849,0.4209369361520134,0.4950671473106973,0.0454341130317116,0.1350178480080082,0.5224191495949317,10_sp_aij_3,36656,0.1,10,12690,1,5,even
4,30.0,0.7416436509442625,0.7353149517952248,0.0468105257466676,1.677165648810784,0.1776293024104722,0.4775920592711697,0.4782173229979184,0.034518134777442,0.1232607260487891,0.5442330713260207,10_sp_aij_3,36656,0.1,10,12690,1,5,even
