,time,species_0,species_1,species_2,species_3,species_4,species_5,species_6,species_7,species_8,species_9,ground_truth,timeseries_id,noise,n_species,did,n_timeseries,n_timepoints,sampling_scheme
0,0.0,0.04,0.05,0.01,0.02,0.02,0.07,0.01,0.09,0.07,0.03,10_sp_aij_31,36656,0.1,10,13770,1,5,even
1,7.272727272727273,0.049241782413662,0.0969702450854079,0.3650640790150266,0.3831387287557248,0.0035625832177895,0.0717015026032919,0.071999224180957,0.0367260188937629,0.0943043797851641,0.1356571306697298,10_sp_aij_31,36656,0.1,10,13770,1,5,even
2,14.84848484848485,0.1164152619111551,0.0413834660864261,0.3069273483537696,0.3511572291366113,0.0028243292245844,0.0686046754554285,0.1240974916553397,0.0167069071102477,0.1462770203241583,0.0849472265540262,10_sp_aij_31,36656,0.1,10,13770,1,5,even
3,22.424242424242426,0.167726305236167,0.0321110198337881,0.3673604313327995,0.3361959303677474,0.0,0.0828248085364798,0.0907935594678397,0.0130166630718957,0.1425136521051236,0.0526135031315826,10_sp_aij_31,36656,0.1,10,13770,1,5,even
4,30.0,0.1230088397873664,0.0405647934053102,0.3072574127141015,0.4199350758691008,0.0,0.0949332143881702,0.0897337415604523,0.0057511595203587,0.1127480900132891,0.0992812725612761,10_sp_aij_31,36656,0.1,10,13770,1,5,even
