,time,species_0,species_1,species_2,species_3,species_4,species_5,species_6,species_7,species_8,species_9,ground_truth,timeseries_id,noise,n_species,did,n_timeseries,n_timepoints,sampling_scheme
0,0.0,0.04,0.05,0.01,0.02,0.02,0.07,0.01,0.09,0.07,0.03,10_sp_aij_29,36656,0.01,10,11880,1,5,even
1,7.272727272727273,0.5437852095543506,0.2929184354228761,0.1684159245594548,0.4302436425406345,0.019926381611579,0.2163948266828126,0.0684473554025198,0.2280220529610678,0.1811015736586951,0.091648635153648,10_sp_aij_29,36656,0.01,10,11880,1,5,even
2,14.84848484848485,0.5474392379271965,0.3090044620055554,0.1822905713289277,0.3813196297771818,0.0584983348689102,0.2044995904790581,0.1415065189476315,0.324351184276906,0.1281076520398387,0.1478304497172079,10_sp_aij_29,36656,0.01,10,11880,1,5,even
3,22.424242424242426,0.5545621710520853,0.3222534914510123,0.1917992150591163,0.3839380923455572,0.0762949555467608,0.2083421984500488,0.1438807081102485,0.3319163179987023,0.1363079610895618,0.1258489713797771,10_sp_aij_29,36656,0.01,10,11880,1,5,even
4,30.0,0.5597030921453602,0.3225085266319496,0.1850186940609139,0.3896776761901997,0.0798919346907657,0.2119522115582406,0.1423601040112987,0.3362226726647809,0.1308792114920619,0.1239837280682952,10_sp_aij_29,36656,0.01,10,11880,1,5,even
