,time,species_0,species_1,species_2,species_3,species_4,species_5,species_6,species_7,species_8,species_9,ground_truth,timeseries_id,noise,n_species,did,n_timeseries,n_timepoints,sampling_scheme
0,13.636363636363637,0.5448318540957824,0.4689681921453279,0.2530459400264057,0.7505432508173319,0.0773925463782865,0.1877034717792007,0.0851555282093552,0.0,0.1010048351120255,0.7091692945899614,10_sp_aij_34,36656,0.01,10,15126,1,5,random
1,18.484848484848484,0.5970431772779662,0.5222565220202289,0.2746334195883539,0.8358179205532239,0.1419009033205955,0.1446222079214812,0.1461991533382351,0.0,0.093824767055915,0.780069555329508,10_sp_aij_34,36656,0.01,10,15126,1,5,random
2,22.424242424242426,0.6010508545851981,0.5177383793937417,0.2875115407630745,0.8488234151077072,0.159328167643949,0.1250140584739221,0.1615595737407891,0.0,0.0895532476406535,0.7939155520174674,10_sp_aij_34,36656,0.01,10,15126,1,5,random
3,26.060606060606062,0.6136621294999981,0.5230023703462162,0.2811168570746632,0.8708656317110183,0.1744764830536365,0.1173895370277992,0.1683345047321152,0.0,0.0882616106567965,0.8306387692100947,10_sp_aij_34,36656,0.01,10,15126,1,5,random
4,30.0,0.6130691317211289,0.5190983849865795,0.288840604241468,0.8777749971060962,0.165515846291964,0.1191982855311704,0.1672753287687019,0.0,0.0858810052692948,0.8015662638099612,10_sp_aij_34,36656,0.01,10,15126,1,5,random
