,time,species_0,species_1,species_2,species_3,species_4,species_5,species_6,species_7,species_8,species_9,ground_truth,timeseries_id,noise,n_species,did,n_timeseries,n_timepoints,sampling_scheme
0,0.0,0.04,0.05,0.01,0.02,0.02,0.07,0.01,0.09,0.07,0.03,10_sp_aij_45,36656,0.1,10,21870,1,5,even
1,7.272727272727273,0.209594034942211,0.1708064824587829,0.1492419812685068,0.0557228072750352,0.117614906386277,0.1736270019385904,0.0140345683254009,0.0386717479997521,0.0425664289324925,0.1322328238622461,10_sp_aij_45,36656,0.1,10,21870,1,5,even
2,14.84848484848485,0.1472878144737073,0.2703331336792294,0.2426490627794464,0.0893177290345887,0.1794748456841585,0.1925790527601477,0.0756382178931794,0.00961589958701,0.0344392217922141,0.1531672778822541,10_sp_aij_45,36656,0.1,10,21870,1,5,even
3,22.424242424242426,0.184360501312864,0.2459440567804973,0.2629362992152335,0.099766161255137,0.1761261562341267,0.2262254174850541,0.0826799726124367,0.0080370599417184,0.0267186829768028,0.1297425210040249,10_sp_aij_45,36656,0.1,10,21870,1,5,even
4,30.0,0.1709404230782895,0.2483844928988473,0.2311918024254155,0.1471247581944792,0.148686621302905,0.2234140627853766,0.0691270213771698,0.0,0.0123498337055821,0.1818291108866398,10_sp_aij_45,36656,0.1,10,21870,1,5,even
