,time,species_0,species_1,species_2,species_3,species_4,species_5,species_6,species_7,species_8,species_9,ground_truth,timeseries_id,noise,n_species,did,n_timeseries,n_timepoints,sampling_scheme
0,0.0,0.04,0.05,0.01,0.02,0.02,0.07,0.01,0.09,0.07,0.03,10_sp_aij_16,36656,0.1,10,4597,1,10,random
1,7.272727272727273,0.2811734542301703,0.0411408167864368,0.0321284303418863,0.0657417360181195,0.0453169058639503,0.108546242168091,0.3927297204228936,0.0689157819360402,0.1749797196336257,0.1995550984912359,10_sp_aij_16,36656,0.1,10,4597,1,10,random
2,10.0,0.1817131195350777,0.0241312277728929,0.0400871805439194,0.0718553771547457,0.0811884078899465,0.0812535387653689,0.3728201039508393,0.0856868471425424,0.21075533595078,0.1264041620071131,10_sp_aij_16,36656,0.1,10,4597,1,10,random
3,13.636363636363637,0.2152887267218602,0.0091050451602596,0.0674946556304652,0.0680536367715181,0.0797683586931384,0.1263877937732633,0.5414076935490924,0.082844415498416,0.2542626668437194,0.2336458902479197,10_sp_aij_16,36656,0.1,10,4597,1,10,random
4,14.84848484848485,0.2750800234519886,0.006763881714848,0.0570656895555551,0.0872972549411778,0.0683808284160389,0.1004254300598726,0.448244874021937,0.0823251873722835,0.3132245379611692,0.2083560116755102,10_sp_aij_16,36656,0.1,10,4597,1,10,random
5,17.272727272727273,0.4092526063794001,0.0030431629443542,0.0654265022039781,0.1140988895356275,0.075444998014872,0.1058107570550288,0.5752657159111213,0.1116272053885358,0.3904115346929308,0.2680881744768376,10_sp_aij_16,36656,0.1,10,4597,1,10,random
6,20.0,0.3497371607323336,0.0,0.064054709245188,0.139972871778381,0.1013837875913125,0.1219205171297699,0.5365155291692878,0.1208976419385385,0.3305074665933036,0.1773501311775044,10_sp_aij_16,36656,0.1,10,4597,1,10,random
7,23.63636363636364,0.342693623247282,0.0,0.0896192279109894,0.1624528399900747,0.1099556565444613,0.0722128622883687,0.5638899616939278,0.1130768912315002,0.3205753148790914,0.2455843868635104,10_sp_aij_16,36656,0.1,10,4597,1,10,random
8,26.060606060606062,0.3904021612308245,0.0,0.0698190018929065,0.1342761893054742,0.1548016696792885,0.0932869066995053,0.4888957264032678,0.1003305135386516,0.4396915452362152,0.3059134922300062,10_sp_aij_16,36656,0.1,10,4597,1,10,random
9,28.484848484848484,0.3555857947277056,0.0,0.0599813590539314,0.2039454223748272,0.1380746442531505,0.1159827650427749,0.544541211372145,0.1058595032323761,0.3421517265570827,0.2447371460308909,10_sp_aij_16,36656,0.1,10,4597,1,10,random
