,time,species_0,species_1,species_2,species_3,species_4,species_5,species_6,species_7,species_8,species_9,ground_truth,timeseries_id,noise,n_species,did,n_timeseries,n_timepoints,sampling_scheme
0,13.636363636363637,0.0086573616879351,0.0315495947353867,0.2969335158303579,0.0304483916826768,0.0477954688950075,0.1891790673043177,0.1806050000655348,0.2622587464956895,0.0358841070971534,0.027055712266395,10_sp_aij_2,36656,0.1,10,6756,1,5,random
1,18.484848484848484,0.0103612495389105,0.0254685368110535,0.1818025802124351,0.0282504307826327,0.0357132227601893,0.1914506751744632,0.1746605757248353,0.284006823999557,0.1157214456401624,0.0267231461364582,10_sp_aij_2,36656,0.1,10,6756,1,5,random
2,22.424242424242426,0.0111878371855046,0.017741730170251,0.2510177054159616,0.0214042371774965,0.031454387347993,0.1491411338816911,0.1702795145051895,0.269922266368335,0.14337865972717,0.0109797076637771,10_sp_aij_2,36656,0.1,10,6756,1,5,random
3,26.060606060606062,0.0107289053369653,0.016676552285702,0.189946420373507,0.0209009047571848,0.0644438931385613,0.1556630164350988,0.1753009547990518,0.2563691377024471,0.1518737207949466,0.0129854859263518,10_sp_aij_2,36656,0.1,10,6756,1,5,random
4,30.0,0.0087732346330616,0.013523765352207,0.1982044911175123,0.0271351964855541,0.0375934543812155,0.1858184350161524,0.1406254543317711,0.2585243997818121,0.1204810365918819,0.0179013574335439,10_sp_aij_2,36656,0.1,10,6756,1,5,random
