,time,species_0,species_1,species_2,species_3,species_4,species_5,species_6,species_7,species_8,species_9,ground_truth,timeseries_id,noise,n_species,did,n_timeseries,n_timepoints,sampling_scheme
0,13.636363636363637,0.0134843144891531,0.0304954785497418,0.2320631939772763,0.3452847601706921,0.3309831617828102,0.2293658796933041,0.2445779848821072,0.0276798446816536,0.1520079898825435,0.2149997983717637,10_sp_aij_13,36656,0.01,10,2706,1,5,random
1,18.484848484848484,0.0115711535507567,0.040002037212709,0.2236045180748999,0.348055058022111,0.3298808344564626,0.2191862598218697,0.2381107108161776,0.0219591708021374,0.1514565461571294,0.217646571122018,10_sp_aij_13,36656,0.01,10,2706,1,5,random
2,22.424242424242426,0.0101781171003708,0.0441246326744681,0.2250517831828792,0.347705173442082,0.3256549131889228,0.2114255909878094,0.2320351570894336,0.0188573707879586,0.1517521252737493,0.2140073807674565,10_sp_aij_13,36656,0.01,10,2706,1,5,random
3,26.060606060606062,0.009955448640439,0.0479211372761609,0.2168125182936968,0.3515806568740324,0.3389549524364061,0.2105425783982697,0.2322153189869424,0.0162478139581856,0.1519974171848141,0.2276391154248759,10_sp_aij_13,36656,0.01,10,2706,1,5,random
4,30.0,0.0096793468516909,0.048792042654796,0.2204042211743243,0.3507254064510614,0.319928895621084,0.2091894288814223,0.2227112890594101,0.0148138529049336,0.150264579920383,0.2225985199657133,10_sp_aij_13,36656,0.01,10,2706,1,5,random
