,time,species_0,species_1,species_2,species_3,species_4,species_5,species_6,species_7,species_8,species_9,ground_truth,timeseries_id,noise,n_species,did,n_timeseries,n_timepoints,sampling_scheme
0,0.0,0.04,0.05,0.01,0.02,0.02,0.07,0.01,0.09,0.07,0.03,10_sp_aij_7,36656,0.1,10,25659,2,5,even
1,7.272727272727273,0.049186136296412,0.2560809681087695,0.0796147800625919,0.0948712564543486,0.1405086183505514,0.0743300172422466,0.0391326466350526,0.0636407500773156,0.0299802957200399,0.2881464173760484,10_sp_aij_7,36656,0.1,10,25659,2,5,even
2,14.84848484848485,0.0311357004281351,0.2829753993562058,0.0910417298698859,0.0946393612912878,0.1929774421601687,0.0762384389343412,0.0345759127622925,0.0487266939669111,0.0631818362862641,0.2843370566474991,10_sp_aij_7,36656,0.1,10,25659,2,5,even
3,22.424242424242426,0.0604989682922747,0.2727981414777803,0.0986096185049962,0.0924673192304195,0.192772594541607,0.0674885461022037,0.0346459276253274,0.0623224503246108,0.0708414621765598,0.2455605592377054,10_sp_aij_7,36656,0.1,10,25659,2,5,even
4,30.0,0.0501934385157285,0.2513083626377504,0.0449475830410001,0.1216144331059225,0.2023345979991062,0.1051623916963137,0.0177734252821033,0.0405142082772202,0.0680735244651797,0.2813086441295219,10_sp_aij_7,36656,0.1,10,25659,2,5,even
5,0.0,0.02,0.02,0.02,0.02,0.04,0.09,0.05,0.04,0.02,0.04,10_sp_aij_7,2369231,0.1,10,25659,2,5,even
6,7.272727272727273,0.060151033341947,0.3640585677419178,0.0847006310114466,0.0473107620578845,0.2610743125263241,0.0830637342842515,0.0448637961301149,0.0593563869132651,0.0517806604557039,0.2622700726798929,10_sp_aij_7,2369231,0.1,10,25659,2,5,even
7,14.84848484848485,0.0608833044542776,0.2187538501031141,0.086842827418704,0.1026473303969018,0.1742066118621257,0.1002947741851333,0.0369062997946003,0.0975632455744311,0.0597819643967491,0.3534662432441291,10_sp_aij_7,2369231,0.1,10,25659,2,5,even
8,22.424242424242426,0.0539335947971074,0.3180663887714089,0.0780443172407295,0.1130652248833001,0.2756110117966484,0.0656491435788793,0.0381561099627947,0.0614497834580928,0.033118407727831,0.2903478845988563,10_sp_aij_7,2369231,0.1,10,25659,2,5,even
9,30.0,0.1086863023587169,0.1737060914559954,0.0387257367075537,0.0936481117547064,0.2742872614221402,0.0469472469506404,0.0221392466901053,0.0323648513784918,0.0476487765245768,0.3417954420873681,10_sp_aij_7,2369231,0.1,10,25659,2,5,even
