,time,species_0,species_1,species_2,species_3,species_4,species_5,species_6,species_7,species_8,species_9,ground_truth,timeseries_id,noise,n_species,did,n_timeseries,n_timepoints,sampling_scheme
0,13.636363636363637,0.0029580898318869,0.028078607363485,0.2743895470802817,0.2977993543385592,0.2907346016219567,0.2860232435607301,0.2555203845583345,0.0220329486963045,0.1441332370654872,0.2109687984944904,10_sp_aij_13,36656,0.1,10,2976,1,5,random
1,18.484848484848484,0.0,0.0307121315948956,0.2232197513931244,0.3370515748869235,0.2963864412683918,0.2484062273585702,0.2362500056092625,0.018798112600549,0.1588362749514998,0.2126620373464589,10_sp_aij_13,36656,0.1,10,2976,1,5,random
2,22.424242424242426,0.0,0.0279738420220084,0.2641967006303143,0.3373801267173107,0.2642969530155402,0.2032445912379701,0.1954971080888995,0.0145606169038892,0.1682168692516541,0.1603461572460464,10_sp_aij_13,36656,0.1,10,2976,1,5,random
3,26.060606060606062,0.0,0.0379092651988408,0.1914684477329225,0.377195046728019,0.3979098551644254,0.2154048801476001,0.2137604883348746,0.0083309400128799,0.1689070670388283,0.3034071409411576,10_sp_aij_13,36656,0.1,10,2976,1,5,random
4,30.0,0.0,0.0333736904610353,0.2329388795397838,0.3729500521515367,0.2267748144641173,0.2125539200834828,0.1455536356694412,0.0067698770897529,0.1447146998177486,0.2382007908362829,10_sp_aij_13,36656,0.1,10,2976,1,5,random
