,time,species_0,species_1,species_2,species_3,species_4,species_5,species_6,species_7,species_8,species_9,ground_truth,timeseries_id,noise,n_species,did,n_timeseries,n_timepoints,sampling_scheme
0,13.636363636363637,0.1158912609903201,0.2559097186602574,0.2799347579919031,0.073583473725828,0.202887818800142,0.2463413640089646,0.0629036294620169,0.0118281539382683,0.033749530007899,0.1556366475013637,10_sp_aij_45,36656,0.1,10,21876,1,5,random
1,18.484848484848484,0.1907177837153254,0.2875716284596186,0.1966571868353377,0.1038865125974031,0.1779659790429706,0.2324199023951668,0.0801751177374161,0.0092128362609259,0.0317100878159542,0.1734760317824802,10_sp_aij_45,36656,0.1,10,21876,1,5,random
2,22.424242424242426,0.184360501312864,0.2459440567804973,0.2629362992152335,0.099766161255137,0.1761261562341267,0.2262254174850541,0.0826799726124367,0.0080370599417184,0.0267186829768028,0.1297425210040249,10_sp_aij_45,36656,0.1,10,21876,1,5,random
3,26.060606060606062,0.2132744645630573,0.2419127773408811,0.1952986008995929,0.1089566368622364,0.2807733108632322,0.2438052933048602,0.0896900635619255,0.0049123872810408,0.0270289591891754,0.2228882184170616,10_sp_aij_45,36656,0.1,10,21876,1,5,random
4,30.0,0.1709404230782895,0.2483844928988473,0.2311918024254155,0.1471247581944792,0.148686621302905,0.2234140627853766,0.0691270213771698,0.0,0.0123498337055821,0.1818291108866398,10_sp_aij_45,36656,0.1,10,21876,1,5,random
