,time,species_0,species_1,species_2,species_3,species_4,species_5,species_6,species_7,species_8,species_9,ground_truth,timeseries_id,noise,n_species,did,n_timeseries,n_timepoints,sampling_scheme
0,13.636363636363637,0.1358562704390633,0.3777937013015784,0.1496972766848496,0.1370606789103371,0.1004768258819084,0.962057494637466,0.3520767826789862,0.2098851397650092,0.2222936779774662,0.58949100254208,10_sp_aij_27,36656,0.1,10,11076,1,5,random
1,18.484848484848484,0.1975036806480226,0.5676708331393948,0.0660265721449747,0.1561525133799691,0.0947834208612268,0.8923709488078577,0.3301796348088981,0.2590196317829954,0.1974908308399149,0.5430092120386086,10_sp_aij_27,36656,0.1,10,11076,1,5,random
2,22.424242424242426,0.179633752631154,0.3463349204615296,0.1254606932484085,0.162746180968681,0.0782880126287286,0.7562124231148133,0.2791049394556191,0.1853593074914347,0.2167138813228693,0.4497264031379498,10_sp_aij_27,36656,0.1,10,11076,1,5,random
3,26.060606060606062,0.2167740411113615,0.3952751751609975,0.091597523560637,0.1479373512587156,0.1270244334880469,0.8797493416767025,0.2986426677262974,0.1871285730610591,0.2293462139622182,0.6920689600159757,10_sp_aij_27,36656,0.1,10,11076,1,5,random
4,30.0,0.1838885033098531,0.3899935092769951,0.0800092287789778,0.2135088567139076,0.0861302185469238,0.9058036712014926,0.2430885945009716,0.2399924267869802,0.1907293575809727,0.4839366864937399,10_sp_aij_27,36656,0.1,10,11076,1,5,random
