,time,species_0,species_1,species_2,species_3,species_4,species_5,species_6,species_7,species_8,species_9,ground_truth,timeseries_id,noise,n_species,did,n_timeseries,n_timepoints,sampling_scheme
0,0.0,0.04,0.05,0.01,0.02,0.02,0.07,0.01,0.09,0.07,0.03,10_sp_aij_22,36656,0.1,10,8379,2,5,even
1,7.272727272727273,0.1114569833415521,0.1817048120527475,0.2994205342982111,0.1763623816832731,0.0761246836931312,0.1081463165512623,0.0359206057734237,0.1693135745618395,0.0179369437092208,0.3111918445467034,10_sp_aij_22,36656,0.1,10,8379,2,5,even
2,14.84848484848485,0.0217890358208555,0.347570790440496,0.352376989787613,0.1567785294179573,0.2302585013199449,0.1579497826834964,0.0369094828524238,0.2666809455343326,0.0703372591647368,0.3293617468706403,10_sp_aij_22,36656,0.1,10,8379,2,5,even
3,22.424242424242426,0.0329849279459945,0.3470649601851067,0.4237667714872392,0.1887703123802168,0.2268725128503455,0.1653203154861248,0.0403647062782234,0.2777353745183362,0.1040482281102393,0.3101990449221207,10_sp_aij_22,36656,0.1,10,8379,2,5,even
4,30.0,0.0317370886042743,0.3216116069883261,0.381320001318739,0.2005984620705893,0.2082278980257819,0.1714898975114953,0.0226944699724429,0.2872261108844068,0.0695334259337211,0.3351726465241505,10_sp_aij_22,36656,0.1,10,8379,2,5,even
5,0.0,0.02,0.02,0.02,0.02,0.04,0.09,0.05,0.04,0.02,0.04,10_sp_aij_22,2369231,0.1,10,8379,2,5,even
6,7.272727272727273,0.1096108500392044,0.312657473534576,0.2543157376221052,0.1613490507006916,0.2117176154394162,0.1377010589510468,0.0560111313862688,0.3157613551737838,0.0387302379870373,0.3122196573337725,10_sp_aij_22,2369231,0.1,10,8379,2,5,even
7,14.84848484848485,0.0975003117474,0.223496850210755,0.410800878972431,0.166399215819945,0.180968216335504,0.1680931774015095,0.0385614331511067,0.3745128872886533,0.0461580216995983,0.4082535777342892,10_sp_aij_22,2369231,0.1,10,8379,2,5,even
8,22.424242424242426,0.0463577934453633,0.4031024641251834,0.3936788759940313,0.1726469212151572,0.3389619997432011,0.134157776344606,0.0315861062724105,0.3335295975464625,0.0593845084612128,0.3210568900396101,10_sp_aij_22,2369231,0.1,10,8379,2,5,even
9,30.0,0.0402139931952407,0.231631437250081,0.2959974520992653,0.1413895206114759,0.2819435772831872,0.119821346494888,0.030979046972318,0.2969733217006229,0.069541420261544,0.429698875005529,10_sp_aij_22,2369231,0.1,10,8379,2,5,even
