,time,species_0,species_1,species_2,species_3,species_4,species_5,species_6,species_7,species_8,species_9,ground_truth,timeseries_id,noise,n_species,did,n_timeseries,n_timepoints,sampling_scheme
0,13.636363636363637,0.0569701454885653,0.0650325102042966,0.0232391505790577,0.1006968338288257,0.068499639419046,0.2381553324871773,0.2116074988556132,0.1262983525469392,0.1658227547332892,0.0504341394333443,10_sp_aij_15,36656,0.1,10,4056,1,5,random
1,18.484848484848484,0.0977964166586477,0.0973960398017645,0.0301470870742332,0.1081005832039662,0.052980139946969,0.2084203710012628,0.2177293374722011,0.1353104710503796,0.1983673119218241,0.0540406403779928,10_sp_aij_15,36656,0.1,10,4056,1,5,random
2,22.424242424242426,0.1152299297900303,0.1081534656253507,0.039136203973114,0.1205097958732248,0.0564365979360692,0.1636197456224392,0.2024238423986798,0.1002696685313709,0.1906569837896245,0.0302768830194276,10_sp_aij_15,36656,0.1,10,4056,1,5,random
3,26.060606060606062,0.1414765353561413,0.0971303585481171,0.0262196918846336,0.1072131310852387,0.1229914584176921,0.1494187116502488,0.181450808108898,0.0768681086095792,0.2080569887789354,0.0763740475388225,10_sp_aij_15,36656,0.1,10,4056,1,5,random
4,30.0,0.0892390333100218,0.0704192519442363,0.0340159979747402,0.1181622348187956,0.068031732068523,0.1660164694833284,0.1480391069913051,0.09731736869152,0.1732822144395102,0.083043471796306,10_sp_aij_15,36656,0.1,10,4056,1,5,random
