,time,species_0,species_1,species_2,species_3,species_4,species_5,species_6,species_7,species_8,species_9,ground_truth,timeseries_id,noise,n_species,did,n_timeseries,n_timepoints,sampling_scheme
0,6.0606060606060606,0.1338753850720022,0.1727934722678928,0.182971284710143,0.1887477317223916,0.0496009568196426,0.2386985181475371,0.0025540592474519,0.4267994790326602,0.4192877474357392,0.2627417712666169,10_sp_aij_46,36656,0.01,10,22143,1,5,seq
1,7.272727272727273,0.1622364869567416,0.160072356293097,0.2644330240156339,0.201011834000769,0.0436264240936581,0.2507456931672608,0.0,0.4523841449603276,0.4648546325066927,0.3073848824456704,10_sp_aij_46,36656,0.01,10,22143,1,5,seq
2,8.484848484848484,0.1922296717502131,0.1430774184391009,0.3258207656200295,0.2054881281149807,0.039488123723559,0.2727474913924421,0.0,0.4800700073510117,0.5154135056849305,0.3577609097336914,10_sp_aij_46,36656,0.01,10,22143,1,5,seq
3,10.0,0.2232195547667568,0.1225378442954165,0.3772961921054393,0.2117664066222916,0.0350698732949953,0.2970044725698661,0.0,0.5069320671460367,0.562763513396376,0.3879222902108306,10_sp_aij_46,36656,0.01,10,22143,1,5,seq
4,11.212121212121213,0.2446619694252188,0.1053944011292154,0.4119216430654939,0.207849219381408,0.0314966762555674,0.3227068371441587,0.0,0.5125150790411139,0.5825031658229172,0.4263586984000009,10_sp_aij_46,36656,0.01,10,22143,1,5,seq
