,time,species_0,species_1,species_2,species_3,species_4,species_5,species_6,species_7,species_8,species_9,ground_truth,timeseries_id,noise,n_species,did,n_timeseries,n_timepoints,sampling_scheme
0,6.0606060606060606,0.0347468246037754,0.0218491544231608,0.1944563961163819,0.3887944210998297,0.3733958111871739,0.2488132870074385,0.2724671602404319,0.0548495677411387,0.140642314270652,0.1778861281446091,10_sp_aij_13,36656,0.01,10,2703,1,5,seq
1,7.272727272727273,0.0282950254127964,0.0210207202719734,0.2111451700819466,0.371847517592019,0.3466047777585919,0.2444968996607062,0.2582221533775043,0.0467323222560034,0.1478339171727469,0.1904610848911637,10_sp_aij_13,36656,0.01,10,2703,1,5,seq
2,8.484848484848484,0.0235226875176617,0.0221297548146212,0.2207212924656424,0.3559546735282362,0.3459232527373365,0.2370051725815775,0.2502185041966046,0.0412461766998177,0.151624418377764,0.2023269546041174,10_sp_aij_13,36656,0.01,10,2703,1,5,seq
3,10.0,0.018956569092124,0.0243561276324252,0.2239539265028279,0.3563813751033386,0.3474833821612154,0.228229431606516,0.248256327091779,0.0360913196064575,0.1512901465410871,0.1987844439389054,10_sp_aij_13,36656,0.01,10,2703,1,5,seq
4,11.212121212121213,0.0164439383629455,0.0259983170991977,0.2265366199949897,0.3448624940058049,0.3395576544832983,0.2294675081732076,0.2460875451278824,0.0324404775554514,0.1478393451953841,0.205142560583261,10_sp_aij_13,36656,0.01,10,2703,1,5,seq
