,time,species_0,species_1,species_2,species_3,species_4,species_5,species_6,species_7,species_8,species_9,ground_truth,timeseries_id,noise,n_species,did,n_timeseries,n_timepoints,sampling_scheme
0,0.0,0.04,0.05,0.01,0.02,0.02,0.07,0.01,0.09,0.07,0.03,10_sp_aij_47,36656,0.1,10,22950,1,5,even
1,7.272727272727273,0.0951121634566943,0.4496994580913225,0.0575585852736254,0.0669127119857069,0.1102174376557797,0.0766437397264224,0.0517193734628856,0.0277873442108613,0.2402177824935773,0.0696479527457837,10_sp_aij_47,36656,0.1,10,22950,1,5,even
2,14.84848484848485,0.029573186581971,0.4633444960262673,0.0861031652649531,0.1397561432731163,0.1596824797102007,0.0776774109233099,0.0919023791975992,0.032628695381007,0.2660109695458475,0.1187482573716677,10_sp_aij_47,36656,0.1,10,22950,1,5,even
3,22.424242424242426,0.0620850005730276,0.4801687030264496,0.105528784582119,0.13214880061967,0.1558675611557977,0.059991316895349,0.0743672959493254,0.0463564955915159,0.2679818522730937,0.0973171733645121,10_sp_aij_47,36656,0.1,10,22950,1,5,even
4,30.0,0.0574263610084536,0.4140158044285093,0.0821914022980587,0.2073226157048987,0.1175879014030703,0.0714429462404235,0.0424453505575669,0.0493516766966434,0.2448007957233562,0.1338086446362736,10_sp_aij_47,36656,0.1,10,22950,1,5,even
