,time,species_0,species_1,species_2,species_3,species_4,species_5,species_6,species_7,species_8,species_9,ground_truth,timeseries_id,noise,n_species,did,n_timeseries,n_timepoints,sampling_scheme
0,0.0,0.04,0.05,0.01,0.02,0.02,0.07,0.01,0.09,0.07,0.03,10_sp_aij_30,36656,0.01,10,12960,1,5,even
1,7.272727272727273,0.2157102667550267,0.1412939540413829,0.0897080984381726,0.2207454804333133,0.2559717918102194,0.0511152126194256,0.2633248158374566,0.0281709772063382,0.1305454432866243,0.1142514705682088,10_sp_aij_30,36656,0.01,10,12960,1,5,even
2,14.84848484848485,0.2169475170412556,0.2171995541641003,0.0827385906689025,0.2576665380297891,0.2736907600482299,0.033308431204598,0.329543868250316,0.0221993800848393,0.1663630170445605,0.1374172361229987,10_sp_aij_30,36656,0.01,10,12960,1,5,even
3,22.424242424242426,0.2198159911405183,0.2170694600739161,0.0758453493915291,0.2632006879259964,0.2771800751798475,0.0295720305317619,0.3210689399099678,0.0226483904633945,0.1621764610422061,0.137876517275521,10_sp_aij_30,36656,0.01,10,12960,1,5,even
4,30.0,0.2153812050654527,0.2184323178980515,0.0728082523829271,0.2709083769807359,0.2728609591614079,0.0283913785530419,0.3162124286485491,0.022946685296055,0.1585584851358234,0.1433339911531679,10_sp_aij_30,36656,0.01,10,12960,1,5,even
