,time,species_0,species_1,species_2,species_3,species_4,species_5,species_6,species_7,species_8,species_9,ground_truth,timeseries_id,noise,n_species,did,n_timeseries,n_timepoints,sampling_scheme
0,0.0,0.04,0.05,0.01,0.02,0.02,0.07,0.01,0.09,0.07,0.03,10_sp_aij_12,36656,0.1,10,2430,1,5,even
1,7.272727272727273,0.0444377431765336,0.2470109432047335,0.1313786577734271,0.2091717058056784,0.0101372553674918,0.1618179079316958,0.2962407780380982,0.0283665438955495,0.1145259642754534,0.1292100759638094,10_sp_aij_12,36656,0.1,10,2430,1,5,even
2,14.84848484848485,0.023265013566537,0.3622435153833402,0.1106132902518378,0.1483674780354089,0.0309879609850769,0.155727766982563,0.367786605701384,0.0253936751863179,0.1163270203242086,0.3077097201747285,10_sp_aij_12,36656,0.1,10,2430,1,5,even
3,22.424242424242426,0.0539225803280922,0.3427410432357729,0.1319667397113217,0.1673309928399511,0.0559345606042254,0.1592359739505094,0.3045002127355325,0.0506731763286526,0.1067895908459285,0.2159059740644797,10_sp_aij_12,36656,0.1,10,2430,1,5,even
4,30.0,0.0433712861780493,0.3954751134376187,0.0869915316521095,0.2118762207569381,0.0836101898907712,0.2055620304944077,0.3127694532201354,0.0460584710960111,0.0621421761590458,0.2938601652613745,10_sp_aij_12,36656,0.1,10,2430,1,5,even
