,time,species_0,species_1,species_2,species_3,species_4,species_5,species_6,species_7,species_8,species_9,ground_truth,timeseries_id,noise,n_species,did,n_timeseries,n_timepoints,sampling_scheme
0,0.0,0.04,0.05,0.01,0.02,0.02,0.07,0.01,0.09,0.07,0.03,10_sp_aij_46,36656,0.01,10,22141,1,10,even
1,3.333333333333333,0.0954666369212854,0.1385612879023316,0.0475696338738012,0.1140953095975089,0.046521766368499,0.2165155092244827,0.0054047970995428,0.2760929202967755,0.2719127653878156,0.1257287940159826,10_sp_aij_46,36656,0.01,10,22141,1,10,even
2,6.666666666666667,0.1495121697478908,0.1699670809558904,0.221574781939507,0.1930877039086535,0.0468565169114504,0.2406450513402832,0.0,0.4414758358670389,0.4497235871764108,0.2863684718869398,10_sp_aij_46,36656,0.01,10,22141,1,10,even
3,10.0,0.2232195547667568,0.1225378442954165,0.3772961921054393,0.2117664066222916,0.0350698732949953,0.2970044725698661,0.0,0.5069320671460367,0.562763513396376,0.3879222902108306,10_sp_aij_46,36656,0.01,10,22141,1,10,even
4,13.333333333333334,0.2824981905242115,0.081059035564077,0.4717465030028721,0.225207109511139,0.0271788349195615,0.3578344615409252,0.0,0.5593748022072389,0.6559489807056967,0.4840162116442437,10_sp_aij_46,36656,0.01,10,22141,1,10,even
5,16.666666666666668,0.3298994266501978,0.054477525527423,0.5042789105934475,0.2276311294321468,0.0205021414972457,0.3801709651556119,0.0,0.5769696008071711,0.691239971123084,0.5342838710263351,10_sp_aij_46,36656,0.01,10,22141,1,10,even
6,20.0,0.3372697840905224,0.0410136194802976,0.5210724823891982,0.2293485891517824,0.0158411157063989,0.4035251097445967,0.0,0.5798439080675007,0.701378773289943,0.5448606774499274,10_sp_aij_46,36656,0.01,10,22141,1,10,even
7,23.333333333333336,0.3462324839504386,0.0310685150673025,0.5414130569965263,0.230541508020473,0.0130026580960805,0.4037094728293403,0.0,0.5947378364064048,0.7236610860271296,0.5704186067430339,10_sp_aij_46,36656,0.01,10,22141,1,10,even
8,26.666666666666668,0.361063293575857,0.0237170039766007,0.5477167889138457,0.2321268418019232,0.0114561484840654,0.4218917187742081,0.0,0.5963354231706249,0.735353665689403,0.5837566229250332,10_sp_aij_46,36656,0.01,10,22141,1,10,even
9,30.0,0.360614792904022,0.018800980225975,0.5552886616531361,0.2415835445843632,0.0089559259318133,0.4253015766876392,0.0,0.5989140541514442,0.7526439290094917,0.5756709446259678,10_sp_aij_46,36656,0.01,10,22141,1,10,even
