,time,species_0,species_1,species_2,species_3,species_4,species_5,species_6,species_7,species_8,species_9,ground_truth,timeseries_id,noise,n_species,did,n_timeseries,n_timepoints,sampling_scheme
0,13.636363636363637,0.0933873251341273,0.0684190070521259,0.1573396150123636,0.1997569217037687,0.0612894283503749,0.3343737668284365,0.0951934694147524,0.1972525710714736,0.1588539430156087,0.1740221669267087,10_sp_aij_20,36656,0.01,10,7026,1,5,random
1,18.484848484848484,0.0876759833753208,0.059369820559477,0.1522586034179022,0.2016182008578995,0.0697789715014432,0.3243197887662173,0.0876487420137498,0.190375868251949,0.1588116590999887,0.1724773601797476,10_sp_aij_20,36656,0.01,10,7026,1,5,random
2,22.424242424242426,0.0852602062978564,0.0548671278411133,0.1595685437611271,0.2028191209332472,0.0719082006746472,0.3148144779312691,0.0875114813568909,0.1865849883699983,0.1581497646364217,0.169512477858945,10_sp_aij_20,36656,0.01,10,7026,1,5,random
3,26.060606060606062,0.0857027696828775,0.0529121197215459,0.1554795453728753,0.2022366169922544,0.0765342251669108,0.3159811721796652,0.0862325216615472,0.1825714785594882,0.1607808274105183,0.1787271298533592,10_sp_aij_20,36656,0.01,10,7026,1,5,random
4,30.0,0.0819354838455237,0.0516315798724846,0.1544445062982901,0.2034965520453498,0.0712668713919374,0.317588105728142,0.08071672157635,0.1825898602345487,0.1554476539927489,0.1729186043259154,10_sp_aij_20,36656,0.01,10,7026,1,5,random
