,time,species_0,species_1,species_2,species_3,species_4,species_5,species_6,species_7,species_8,species_9,ground_truth,timeseries_id,noise,n_species,did,n_timeseries,n_timepoints,sampling_scheme
0,0.0,0.04,0.05,0.01,0.02,0.02,0.07,0.01,0.09,0.07,0.03,10_sp_aij_1,36656,0.1,10,810,1,5,even
1,7.272727272727273,0.2332239112714521,0.2520910435604805,0.0386691496948949,0.1973260859765991,0.0461654089480494,0.017642047759251,0.012471904127912,0.0641400644762565,0.107227239287301,0.0194770054965866,10_sp_aij_1,36656,0.1,10,810,1,5,even
2,14.84848484848485,0.1354549321612422,0.1793856050773363,0.1076967121483363,0.1439117671972287,0.0844740596154751,0.0146441130875553,0.0395237886201525,0.0467059316390431,0.117494289303136,0.0274457204668358,10_sp_aij_1,36656,0.1,10,810,1,5,even
3,22.424242424242426,0.1982690348364979,0.1978631922030874,0.1464294402295499,0.2183188481191849,0.1098275010332637,0.0244662364900348,0.0749765746575168,0.0467346554505978,0.0923288732816131,0.0219202720442965,10_sp_aij_1,36656,0.1,10,810,1,5,even
4,30.0,0.2267898998237404,0.2043691710537547,0.1028680541567675,0.2635550072108429,0.1259013584396515,0.0763429118180848,0.0602496718648199,0.0255173191107645,0.0769868590282298,0.0608776321245239,10_sp_aij_1,36656,0.1,10,810,1,5,even
