,time,species_0,species_1,species_2,species_3,species_4,species_5,species_6,species_7,species_8,species_9,ground_truth,timeseries_id,noise,n_species,did,n_timeseries,n_timepoints,sampling_scheme
0,6.0606060606060606,0.1019476924440846,0.1513064306587178,0.2675612945226882,0.2864674517002716,0.1000898227554067,0.2614298450677813,0.1066617665888872,0.2548043401807379,0.0907584377215328,0.1813822024105109,10_sp_aij_26,36656,0.01,10,10263,1,5,seq
1,7.272727272727273,0.1014432972123207,0.150744718678027,0.3128831454631101,0.3017066727901458,0.1108721887199291,0.2883434255905993,0.1366159567999166,0.2839832933556344,0.0872731099804553,0.2090361576857951,10_sp_aij_26,36656,0.01,10,10263,1,5,seq
2,8.484848484848484,0.096192456926352,0.1507043994817993,0.3365211770131897,0.3059700228927109,0.1275622760330195,0.3027274294954677,0.1577291369115744,0.3128023969564272,0.087380176257699,0.2305333116925196,10_sp_aij_26,36656,0.01,10,10263,1,5,seq
3,10.0,0.0882069398482763,0.1511320826622094,0.3569671486829462,0.3178075796180158,0.1465047019497477,0.3071330959471473,0.1750047113972687,0.3331111293276702,0.0874278227855978,0.2330380299386383,10_sp_aij_26,36656,0.01,10,10263,1,5,seq
4,11.212121212121213,0.0841792401782745,0.1464461202522975,0.3736478436104781,0.3110911874176934,0.1549960769613418,0.3137783489847838,0.1833939104508124,0.3359517931454407,0.0859784951747861,0.2436688926494899,10_sp_aij_26,36656,0.01,10,10263,1,5,seq
