,time,species_0,species_1,species_2,species_3,species_4,species_5,species_6,species_7,species_8,species_9,ground_truth,timeseries_id,noise,n_species,did,n_timeseries,n_timepoints,sampling_scheme
0,13.636363636363637,0.0538337079324067,0.1740006057950622,0.3325384291883353,0.0082161696098664,0.1221078753556632,0.2354989718824366,0.1850521657950691,0.2251095365084307,0.1679728740474476,0.4117836207690052,10_sp_aij_41,36656,0.1,10,19716,1,5,random
1,18.484848484848484,0.1241331734753557,0.253176781431393,0.1603501766062863,0.012080629991227,0.1070990122956874,0.1652893018525883,0.2446925339090359,0.2004223870644322,0.1216561389564108,0.3953416099188352,10_sp_aij_41,36656,0.1,10,19716,1,5,random
2,22.424242424242426,0.1264068704885083,0.1788906791939153,0.1281609038845245,0.0235891397863086,0.1090023229839837,0.0941758080047984,0.2243033968700285,0.1280662317227981,0.0879290148658776,0.313399620408462,10_sp_aij_41,36656,0.1,10,19716,1,5,random
3,26.060606060606062,0.1446253567731483,0.1716191276443665,0.0789880836782027,0.0276793356911462,0.1732153789925821,0.0862110784383666,0.2294624680952486,0.1149999874355252,0.0927341167097422,0.4559418359983615,10_sp_aij_41,36656,0.1,10,19716,1,5,random
4,30.0,0.1089305856040651,0.1811142461786243,0.0626134287539894,0.0454017356326308,0.0882675888829955,0.0862406038881065,0.2034671737758948,0.1436991476209682,0.0587814433099576,0.3314161529605023,10_sp_aij_41,36656,0.1,10,19716,1,5,random
