,time,species_0,species_1,species_2,species_3,species_4,species_5,species_6,species_7,species_8,species_9,ground_truth,timeseries_id,noise,n_species,did,n_timeseries,n_timepoints,sampling_scheme
0,13.636363636363637,0.1822248370744096,0.0473505771989617,0.3188388710792814,0.1183854875760764,0.0722478279064385,0.2046573506454828,0.2067019779448196,0.0243335487923882,0.2273979431626816,0.2350198675740135,10_sp_aij_0,36656,0.1,10,276,1,5,random
1,18.484848484848484,0.2544187701203685,0.0518953157488875,0.2111406578976382,0.1566432473302205,0.0547317006884975,0.2062148069902502,0.2559714854928604,0.025403892161684,0.1598988367234137,0.2661975475113849,10_sp_aij_0,36656,0.1,10,276,1,5,random
2,22.424242424242426,0.2264838363464184,0.0558049367345056,0.2379126491394691,0.1890663621667054,0.0539541713466799,0.1447589916961302,0.1874400201789017,0.030799841455464,0.1477311843070918,0.2081210468845519,10_sp_aij_0,36656,0.1,10,276,1,5,random
3,26.060606060606062,0.2743798733293746,0.0655679634327096,0.1706183275900682,0.1966050979571582,0.1060628644697785,0.1766103037038474,0.2051828161509903,0.0252690279167903,0.1619735064105993,0.3379886535376187,10_sp_aij_0,36656,0.1,10,276,1,5,random
4,30.0,0.226980552525901,0.1026520293735304,0.1993794208455181,0.2365791380693469,0.0720455738065997,0.2073057084145486,0.1882990406797316,0.0377141007596396,0.1024411331518633,0.2382043498853728,10_sp_aij_0,36656,0.1,10,276,1,5,random
