,time,species_0,species_1,species_2,species_3,species_4,species_5,species_6,species_7,species_8,species_9,ground_truth,timeseries_id,noise,n_species,did,n_timeseries,n_timepoints,sampling_scheme
0,0.0,0.04,0.05,0.01,0.02,0.02,0.07,0.01,0.09,0.07,0.03,10_sp_aij_13,36656,0.01,10,2700,1,5,even
1,7.272727272727273,0.0282950254127964,0.0210207202719734,0.2111451700819466,0.371847517592019,0.3466047777585919,0.2444968996607062,0.2582221533775043,0.0467323222560034,0.1478339171727469,0.1904610848911637,10_sp_aij_13,36656,0.01,10,2700,1,5,even
2,14.84848484848485,0.0125742421772462,0.0329400983845382,0.2273897593177679,0.349617924945333,0.3270074237399384,0.2205816781343767,0.2414296448524062,0.025605881500422,0.1522222744183977,0.2127658338359225,10_sp_aij_13,36656,0.01,10,2700,1,5,even
3,22.424242424242426,0.0101781171003708,0.0441246326744681,0.2250517831828792,0.347705173442082,0.3256549131889228,0.2114255909878094,0.2320351570894336,0.0188573707879586,0.1517521252737493,0.2140073807674565,10_sp_aij_13,36656,0.01,10,2700,1,5,even
4,30.0,0.0096793468516909,0.048792042654796,0.2204042211743243,0.3507254064510614,0.319928895621084,0.2091894288814223,0.2227112890594101,0.0148138529049336,0.150264579920383,0.2225985199657133,10_sp_aij_13,36656,0.01,10,2700,1,5,even
