,time,species_0,species_1,species_2,species_3,species_4,species_5,species_6,species_7,species_8,species_9,ground_truth,timeseries_id,noise,n_species,did,n_timeseries,n_timepoints,sampling_scheme
0,0.0,0.04,0.05,0.01,0.02,0.02,0.07,0.01,0.09,0.07,0.03,10_sp_aij_34,36656,0.01,10,15127,1,10,random
1,7.272727272727273,0.2810664173818812,0.3549154376798259,0.076306966885883,0.5002399679718974,0.0219984372169353,0.2756414975206692,0.0202314708923475,0.008211406075421,0.0977636581422,0.3798894926854816,10_sp_aij_34,36656,0.01,10,15127,1,10,random
2,10.0,0.4318133590232268,0.4270914237723386,0.170606043419142,0.6489347068329254,0.0356840032006522,0.228062995922152,0.0334732605066048,0.0034667172871789,0.1014826950036726,0.5446577642008187,10_sp_aij_34,36656,0.01,10,15127,1,10,random
3,13.636363636363637,0.5448318540957824,0.4689681921453279,0.2530459400264057,0.7505432508173319,0.0773925463782865,0.1877034717792007,0.0851555282093552,0.0,0.1010048351120255,0.7091692945899614,10_sp_aij_34,36656,0.01,10,15127,1,10,random
4,14.84848484848485,0.5642401468238788,0.4821748875650538,0.2595714475244803,0.7858604401125945,0.0947340865194314,0.1695194864689819,0.1055092515330471,0.0,0.099710314234294,0.7316441738802231,10_sp_aij_34,36656,0.01,10,15127,1,10,random
5,17.272727272727273,0.5931235620091817,0.5122955632981238,0.2709109472102133,0.8249791265352374,0.1275974457411457,0.1495044730769477,0.1369100446840068,0.0,0.0962513371604065,0.7803606966682273,10_sp_aij_34,36656,0.01,10,15127,1,10,random
6,20.0,0.6007613342092475,0.5090455559116711,0.2765917061129915,0.838364189367117,0.1512994134020591,0.1365426686556642,0.1563395790260836,0.0,0.0909080254277966,0.7951325645129672,10_sp_aij_34,36656,0.01,10,15127,1,10,random
7,23.63636363636364,0.6117849492389432,0.5350374205700257,0.2886984625713424,0.8723000608854607,0.1637047335057806,0.1197219366121824,0.1680169308302394,0.0,0.0881929352217575,0.8058041019611126,10_sp_aij_34,36656,0.01,10,15127,1,10,random
8,26.060606060606062,0.6136621294999981,0.5230023703462162,0.2811168570746632,0.8708656317110183,0.1744764830536365,0.1173895370277992,0.1683345047321152,0.0,0.0882616106567965,0.8306387692100947,10_sp_aij_34,36656,0.01,10,15127,1,10,random
9,28.484848484848484,0.6097188950510658,0.5215012117649304,0.2835963133589936,0.8810779534456092,0.1698248593690037,0.1193451713593589,0.1714020204151173,0.0,0.0862193404764141,0.8178083618967358,10_sp_aij_34,36656,0.01,10,15127,1,10,random
