,time,species_0,species_1,species_2,species_3,species_4,species_5,species_6,species_7,species_8,species_9,ground_truth,timeseries_id,noise,n_species,did,n_timeseries,n_timepoints,sampling_scheme
0,0.0,0.04,0.05,0.01,0.02,0.02,0.07,0.01,0.09,0.07,0.03,10_sp_aij_34,36656,0.01,10,15120,1,5,even
1,7.272727272727273,0.2810664173818812,0.3549154376798259,0.076306966885883,0.5002399679718974,0.0219984372169353,0.2756414975206692,0.0202314708923475,0.008211406075421,0.0977636581422,0.3798894926854816,10_sp_aij_34,36656,0.01,10,15120,1,5,even
2,14.84848484848485,0.5642401468238788,0.4821748875650538,0.2595714475244803,0.7858604401125945,0.0947340865194314,0.1695194864689819,0.1055092515330471,0.0,0.099710314234294,0.7316441738802231,10_sp_aij_34,36656,0.01,10,15120,1,5,even
3,22.424242424242426,0.6010508545851981,0.5177383793937417,0.2875115407630745,0.8488234151077072,0.159328167643949,0.1250140584739221,0.1615595737407891,0.0,0.0895532476406535,0.7939155520174674,10_sp_aij_34,36656,0.01,10,15120,1,5,even
4,30.0,0.6130691317211289,0.5190983849865795,0.288840604241468,0.8777749971060962,0.165515846291964,0.1191982855311704,0.1672753287687019,0.0,0.0858810052692948,0.8015662638099612,10_sp_aij_34,36656,0.01,10,15120,1,5,even
