,time,species_0,species_1,species_2,species_3,species_4,species_5,species_6,species_7,species_8,species_9,ground_truth,timeseries_id,noise,n_species,did,n_timeseries,n_timepoints,sampling_scheme
0,6.0606060606060606,0.1125896669711973,0.222616133903656,0.0487577204543034,0.0235359115047461,0.1682982991028566,0.2127634962069174,0.0785404807551965,0.4443867143285267,0.1180593454321548,0.3545866473707819,10_sp_aij_39,36656,0.01,10,17823,1,5,seq
1,7.272727272727273,0.1215745963555423,0.2252064553961736,0.0467662747427831,0.0265824035791794,0.1837633712731567,0.2289308621455099,0.0826460351618701,0.4613003098838914,0.1129348026408264,0.3528118145489,10_sp_aij_39,36656,0.01,10,17823,1,5,seq
2,8.484848484848484,0.1242092027647473,0.2284483647934752,0.0447598240661534,0.0298456784170288,0.1983301065733037,0.2387452353162705,0.0827328827862107,0.4775613910495548,0.111648862842302,0.3593490782374681,10_sp_aij_39,36656,0.01,10,17823,1,5,seq
3,10.0,0.1217405468898164,0.2276973277713893,0.0426420871812926,0.0345615787715597,0.2093566020964093,0.2432938004201948,0.0811708593786902,0.4877641065639087,0.1125282049502681,0.3462184626676002,10_sp_aij_39,36656,0.01,10,17823,1,5,seq
4,11.212121212121213,0.1207963398361716,0.2212775666553092,0.0424439369405391,0.0363985106627217,0.207953136873829,0.2500971800311929,0.0805803614405474,0.4838714513459332,0.112386564388674,0.3579223029933458,10_sp_aij_39,36656,0.01,10,17823,1,5,seq
