,time,species_0,species_1,species_2,species_3,species_4,species_5,species_6,species_7,species_8,species_9,ground_truth,timeseries_id,noise,n_species,did,n_timeseries,n_timepoints,sampling_scheme
0,0.0,0.04,0.05,0.01,0.02,0.02,0.07,0.01,0.09,0.07,0.03,10_sp_aij_12,36656,0.1,10,2439,2,5,even
1,7.272727272727273,0.0444377431765336,0.2470109432047335,0.1313786577734271,0.2091717058056784,0.0101372553674918,0.1618179079316958,0.2962407780380982,0.0283665438955495,0.1145259642754534,0.1292100759638094,10_sp_aij_12,36656,0.1,10,2439,2,5,even
2,14.84848484848485,0.023265013566537,0.3622435153833402,0.1106132902518378,0.1483674780354089,0.0309879609850769,0.155727766982563,0.367786605701384,0.0253936751863179,0.1163270203242086,0.3077097201747285,10_sp_aij_12,36656,0.1,10,2439,2,5,even
3,22.424242424242426,0.0539225803280922,0.3427410432357729,0.1319667397113217,0.1673309928399511,0.0559345606042254,0.1592359739505094,0.3045002127355325,0.0506731763286526,0.1067895908459285,0.2159059740644797,10_sp_aij_12,36656,0.1,10,2439,2,5,even
4,30.0,0.0433712861780493,0.3954751134376187,0.0869915316521095,0.2118762207569381,0.0836101898907712,0.2055620304944077,0.3127694532201354,0.0460584710960111,0.0621421761590458,0.2938601652613745,10_sp_aij_12,36656,0.1,10,2439,2,5,even
5,0.0,0.02,0.02,0.02,0.02,0.04,0.09,0.05,0.04,0.02,0.04,10_sp_aij_12,2369231,0.1,10,2439,2,5,even
6,7.272727272727273,0.0786529568991722,0.356532171908987,0.1390558873769317,0.1905922551366587,0.0517914559438067,0.1412940737180222,0.2332518296214247,0.0328264286513315,0.1411936641755159,0.1439174371724443,10_sp_aij_12,2369231,0.1,10,2439,2,5,even
7,14.84848484848485,0.0598855644957778,0.2986840579346397,0.1262796674417679,0.1996518217618522,0.0332932159791497,0.1712609775823019,0.3709598635299308,0.04972374242728,0.1052751676329009,0.3278583185914568,10_sp_aij_12,2369231,0.1,10,2439,2,5,even
8,22.424242424242426,0.0507186382615374,0.3728027738525126,0.1067928697530722,0.1788336767329695,0.0769223959984941,0.1650527371429746,0.3326871541630173,0.0854908221437628,0.0559760569160642,0.2172562116217288,10_sp_aij_12,2369231,0.1,10,2439,2,5,even
9,30.0,0.0837106771514223,0.2483773459128121,0.0636375608976129,0.1548444955065973,0.0822823873453042,0.1594086506988634,0.3146259468724844,0.0784019644683722,0.0588006493023356,0.3229344478595252,10_sp_aij_12,2369231,0.1,10,2439,2,5,even
