,time,species_0,species_1,species_2,species_3,species_4,species_5,species_6,species_7,species_8,species_9,ground_truth,timeseries_id,noise,n_species,did,n_timeseries,n_timepoints,sampling_scheme
0,13.636363636363637,0.1531183585034886,0.1567446118296815,0.143983664579013,0.1035197729491444,0.1877322690772801,0.0722311107481398,0.0098276909588533,0.1670490561378917,0.2890669062086498,0.079408803579076,10_sp_aij_33,36656,0.1,10,14856,1,5,random
1,18.484848484848484,0.2124708817752965,0.2694324272140554,0.0813165456918875,0.1526640284753666,0.1277654305032398,0.0738403448124923,0.0167599585035502,0.1721021680348601,0.3344147979250544,0.1180390950734917,10_sp_aij_33,36656,0.1,10,14856,1,5,random
2,22.424242424242426,0.2100683467261187,0.2231089590799147,0.1438836458692199,0.1472094521741927,0.0913038800352426,0.0494635397895297,0.022280262005802,0.1234891654044009,0.3197939084366528,0.1001541756163104,10_sp_aij_33,36656,0.1,10,14856,1,5,random
3,26.060606060606062,0.2600284308425586,0.2265450129824789,0.1206976203970948,0.1883385899835794,0.1277517302215756,0.0373208471240352,0.0292610196149953,0.1069496325194413,0.4153679708928543,0.2124413382903604,10_sp_aij_33,36656,0.1,10,14856,1,5,random
4,30.0,0.220705231414497,0.2438581072127338,0.1082637354454988,0.261308949254396,0.0818710949741644,0.0708032123022414,0.0445545950586149,0.1145681247780653,0.3721903952735926,0.1700610560900015,10_sp_aij_33,36656,0.1,10,14856,1,5,random
