,time,species_0,species_1,species_2,species_3,species_4,species_5,species_6,species_7,species_8,species_9,ground_truth,timeseries_id,noise,n_species,did,n_timeseries,n_timepoints,sampling_scheme
0,6.0606060606060606,0.1138948380514984,0.1171372013982335,0.1261284695848355,0.215216039452163,0.0261163743360321,0.3474130176904762,0.0964617123318287,0.2323087729889677,0.1455515679628366,0.1355846557237104,10_sp_aij_20,36656,0.01,10,7023,1,5,seq
1,7.272727272727273,0.1147844150242471,0.1031074944665688,0.1381555648208381,0.21152617279514,0.0302006535430915,0.3471501897587684,0.1025649354472227,0.2209499799641016,0.147145632386567,0.1536411436225637,10_sp_aij_20,36656,0.01,10,7023,1,5,seq
2,8.484848484848484,0.1109539894105518,0.0939933630777842,0.144039131772722,0.2053287180437545,0.0364607802388957,0.3430355166159252,0.1009214523758397,0.215083201235422,0.151317734201584,0.1658358279776986,10_sp_aij_20,36656,0.01,10,7023,1,5,seq
3,10.0,0.1025034012542297,0.0856856140235737,0.146765579285256,0.2034700703564941,0.0453415909434951,0.3312548356534417,0.0977583529055982,0.2090908405427022,0.1550216050629284,0.1626604485582906,10_sp_aij_20,36656,0.01,10,7023,1,5,seq
4,11.212121212121213,0.0982145846615772,0.0793196532893013,0.1513726206835776,0.1956843483698634,0.0510110413910225,0.3321397088885719,0.0970541160575762,0.2026820297458804,0.154305303728052,0.1675763513989865,10_sp_aij_20,36656,0.01,10,7023,1,5,seq
