,time,species_0,species_1,species_2,species_3,species_4,species_5,species_6,species_7,species_8,species_9,ground_truth,timeseries_id,noise,n_species,did,n_timeseries,n_timepoints,sampling_scheme
0,13.636363636363637,0.058921911255799,0.1551659566034214,0.1212572528995673,0.0381235958261282,0.1833020371789466,0.3226634246758393,0.1005851625171486,0.5337968176112895,0.1251760167714443,0.3785499419408351,10_sp_aij_39,36656,0.1,10,18096,1,5,random
1,18.484848484848484,0.1050064976548016,0.2200963723711043,0.0575025668103727,0.085245061765161,0.1937801721749853,0.2805764765330243,0.1032830321422178,0.5206793252538647,0.1456351939865089,0.3627694409519916,10_sp_aij_39,36656,0.1,10,18096,1,5,random
2,22.424242424242426,0.118063569251643,0.1781740886988654,0.0745605146184249,0.0745296802298034,0.1723835105166828,0.2121445339028813,0.0961278395389224,0.4464113015920223,0.1420490847282134,0.3233082332702651,10_sp_aij_39,36656,0.1,10,18096,1,5,random
3,26.060606060606062,0.1621667679391626,0.2063129401359655,0.0487555285602282,0.0767370357770632,0.2784049469222408,0.2544407901872512,0.0769363501802056,0.4814949368076017,0.1396502956301821,0.4882962770471578,10_sp_aij_39,36656,0.1,10,18096,1,5,random
4,30.0,0.1003467266270586,0.2067717468576226,0.0398530714425609,0.1158979749622639,0.1628361753932655,0.2831286981677481,0.0648307331976283,0.4682055161735131,0.1177409946200141,0.3366975655617712,10_sp_aij_39,36656,0.1,10,18096,1,5,random
