,time,species_0,species_1,species_2,species_3,species_4,species_5,species_6,species_7,species_8,species_9,ground_truth,timeseries_id,noise,n_species,did,n_timeseries,n_timepoints,sampling_scheme
0,0.0,0.04,0.05,0.01,0.02,0.02,0.07,0.01,0.09,0.07,0.03,10_sp_aij_38,36656,0.1,10,17559,2,5,even
1,7.272727272727273,0.1401695124811041,0.2909917691776864,0.0530584032549944,0.0930663380260153,0.1313886122874795,0.1743009687218954,0.0187100803497168,0.1609584435942044,0.1759597679459577,0.0451988441136947,10_sp_aij_38,36656,0.1,10,17559,2,5,even
2,14.84848484848485,0.0961778972141743,0.2898934759500799,0.1031947461565016,0.0971550386872672,0.1580360360672641,0.1402324098842816,0.0423842266567734,0.1501000473899839,0.2301157618836484,0.0359188171014244,10_sp_aij_38,36656,0.1,10,17559,2,5,even
3,22.424242424242426,0.1289721471022235,0.3088815869189995,0.0760844755964003,0.0811907470304526,0.1746648658768965,0.1679499341329229,0.0365340299804848,0.1747549954107133,0.2364512264061765,0.0245030003666972,10_sp_aij_38,36656,0.1,10,17559,2,5,even
4,30.0,0.1125433150467527,0.285086032275919,0.0569811179283053,0.112017949079865,0.1690549320997219,0.1841414457382323,0.0307065208351563,0.1770271882536206,0.2023940288296384,0.0475334762866968,10_sp_aij_38,36656,0.1,10,17559,2,5,even
5,0.0,0.02,0.02,0.02,0.02,0.04,0.09,0.05,0.04,0.02,0.04,10_sp_aij_38,2369231,0.1,10,17559,2,5,even
6,7.272727272727273,0.2100353468661277,0.3504392167951786,0.0953156022053891,0.1003334589988718,0.2605278810772988,0.1051300245136191,0.0220448216213018,0.2353769595861604,0.1654344799367057,0.032153563119317,10_sp_aij_38,2369231,0.1,10,17559,2,5,even
7,14.84848484848485,0.1445781533010702,0.2525273548156221,0.0560780001823209,0.0842724544148402,0.1686719980408258,0.2160585245219618,0.023971407847975,0.2510038293433221,0.2429464872561248,0.0479116681373003,10_sp_aij_38,2369231,0.1,10,17559,2,5,even
8,22.424242424242426,0.1098472632448438,0.3527411580215393,0.0615670690675697,0.0853583870920311,0.2328256050192289,0.1575468361582956,0.0398626497409671,0.2197337340052853,0.2015050265181795,0.0409026233443997,10_sp_aij_38,2369231,0.1,10,17559,2,5,even
9,30.0,0.1863019530817607,0.2050519172703782,0.0371830059606567,0.059141558920103,0.2126216343446098,0.1581164636453108,0.040333425943176,0.2025365064638091,0.164049579519706,0.0514862759620341,10_sp_aij_38,2369231,0.1,10,17559,2,5,even
