,time,species_0,species_1,species_2,species_3,species_4,species_5,species_6,species_7,species_8,species_9,ground_truth,timeseries_id,noise,n_species,did,n_timeseries,n_timepoints,sampling_scheme
0,13.636363636363637,0.113487831618854,0.1641802862890518,0.1307965329167396,0.1196925656386986,0.1072728653340613,0.0193541095501134,0.0302499113357365,0.0479601144680309,0.105643377476953,0.0253831325477234,10_sp_aij_1,36656,0.1,10,816,1,5,random
1,18.484848484848484,0.187922871145083,0.255765749239722,0.0919743173855844,0.1956060363472725,0.0908753264796394,0.0176111431631378,0.055717326563422,0.058509141297143,0.1139357075265847,0.0450347630337153,10_sp_aij_1,36656,0.1,10,816,1,5,random
2,22.424242424242426,0.1982690348364979,0.1978631922030874,0.1464294402295499,0.2183188481191849,0.1098275010332637,0.0244662364900348,0.0749765746575168,0.0467346554505978,0.0923288732816131,0.0219202720442965,10_sp_aij_1,36656,0.1,10,816,1,5,random
3,26.060606060606062,0.2397256686043949,0.181795762096534,0.1056716829355178,0.2138547534040998,0.1866759406713915,0.0295497017708045,0.0839289426470399,0.0325053961369595,0.0927878133200499,0.0431511766067636,10_sp_aij_1,36656,0.1,10,816,1,5,random
4,30.0,0.2267898998237404,0.2043691710537547,0.1028680541567675,0.2635550072108429,0.1259013584396515,0.0763429118180848,0.0602496718648199,0.0255173191107645,0.0769868590282298,0.0608776321245239,10_sp_aij_1,36656,0.1,10,816,1,5,random
