,time,species_0,species_1,species_2,species_3,species_4,species_5,species_6,species_7,species_8,species_9,ground_truth,timeseries_id,noise,n_species,did,n_timeseries,n_timepoints,sampling_scheme
0,0.0,0.04,0.05,0.01,0.02,0.02,0.07,0.01,0.09,0.07,0.03,10_sp_aij_4,36656,0.1,10,18639,2,5,even
1,7.272727272727273,0.3345722597099842,0.043563464082708,0.5171816538740238,0.2529159250609312,0.2257623336773254,0.1045262933687619,0.0539371320544728,0.06684015401462,0.1256762971679884,0.0525811417490528,10_sp_aij_4,36656,0.1,10,18639,2,5,even
2,14.84848484848485,0.2938683727486227,0.0163317457369483,0.4703412868550191,0.3087289826572504,0.3004717270712762,0.1457197638496535,0.1244159301284411,0.0924681817382475,0.1957332649667061,0.036925348881513,10_sp_aij_4,36656,0.1,10,18639,2,5,even
3,22.424242424242426,0.3024520751325575,0.0042275090475979,0.5280751446539552,0.2858624737392449,0.2911874284835318,0.1408535487909501,0.069830968407726,0.1039326483723878,0.1938550394378773,0.0437930853836545,10_sp_aij_4,36656,0.1,10,18639,2,5,even
4,30.0,0.2803863241722565,0.0,0.3948949580068582,0.3231892558471635,0.2657964502659366,0.1794551603146114,0.0476432376119511,0.06958406769018,0.1406323333533146,0.094273710699528,10_sp_aij_4,36656,0.1,10,18639,2,5,even
5,0.0,0.02,0.02,0.02,0.02,0.04,0.09,0.05,0.04,0.02,0.04,10_sp_aij_4,2369231,0.1,10,18639,2,5,even
6,7.272727272727273,0.3834931450662572,0.024389658100277,0.4536344120500656,0.2410562719216706,0.3947465374037686,0.1185411685037105,0.0651338113323836,0.131117633238097,0.1196474278771145,0.0225452650967344,10_sp_aij_4,2369231,0.1,10,18639,2,5,even
7,14.84848484848485,0.3595929102440321,0.0059329998469141,0.4993175293336245,0.3029476440200743,0.2852361349859278,0.1678327405676887,0.0588827249160942,0.1262733916405614,0.1874463622429436,0.0588125435911776,10_sp_aij_4,2369231,0.1,10,18639,2,5,even
8,22.424242424242426,0.2799775408653567,0.0,0.446397994431692,0.3249423553972796,0.3939064904962732,0.1187788956750817,0.0470412450488214,0.0862197025648929,0.1412920615622107,0.0620077362195791,10_sp_aij_4,2369231,0.1,10,18639,2,5,even
9,30.0,0.4302118790367554,0.0,0.3621773471463101,0.2111846603828181,0.2988037267926908,0.0841009680204829,0.0274596596574552,0.0796691523100533,0.1064720997284904,0.0917949085269861,10_sp_aij_4,2369231,0.1,10,18639,2,5,even
