,time,species_0,species_1,species_2,species_3,species_4,species_5,species_6,species_7,species_8,species_9,ground_truth,timeseries_id,noise,n_species,did,n_timeseries,n_timepoints,sampling_scheme
0,6.0606060606060606,0.3741591686540029,0.1589676518740828,0.0072441208227985,0.147925151794516,0.06624465371321,0.1735508994001625,0.0229582671310246,0.4691749266412595,0.3169748741807067,0.1753680474971022,10_sp_aij_28,36656,0.01,10,11343,1,5,seq
1,7.272727272727273,0.3754708270165922,0.1551244890147967,0.0073792411417492,0.1575120383459597,0.0581265971498557,0.1731457772882244,0.0312936889210592,0.4753776602092216,0.3162603144986473,0.1656143092023131,10_sp_aij_28,36656,0.01,10,11343,1,5,seq
2,8.484848484848484,0.3671409113937823,0.1562528655571055,0.0077775907023701,0.157936495904626,0.0547558472137811,0.1717474839668455,0.040214909145009,0.4823862461319158,0.314818955609921,0.1615729571360383,10_sp_aij_28,36656,0.01,10,11343,1,5,seq
3,10.0,0.3594050674583446,0.1597000358335198,0.008252127848899,0.1575529992419676,0.0542113580542527,0.1680074032871815,0.0497666897296723,0.4811094657458229,0.3097758035970847,0.1504106935480069,10_sp_aij_28,36656,0.01,10,11343,1,5,seq
4,11.212121212121213,0.3563315404685366,0.1559251073485472,0.0087981431229023,0.1480601880693533,0.0524478372684623,0.1694012666479946,0.0573350170692813,0.4742638698316833,0.3043880243891942,0.1517638837791927,10_sp_aij_28,36656,0.01,10,11343,1,5,seq
