,time,species_0,species_1,species_2,species_3,species_4,species_5,species_6,species_7,species_8,species_9,ground_truth,timeseries_id,noise,n_species,did,n_timeseries,n_timepoints,sampling_scheme
0,0.0,0.04,0.05,0.01,0.02,0.02,0.07,0.01,0.09,0.07,0.03,10_sp_aij_8,36656,0.01,10,25929,2,5,even
1,7.272727272727273,0.6707295931862839,1.0112649263282942,0.3867343203712773,0.2490638348322918,0.7802534586980953,0.6416617129521629,0.330776707120776,0.8818918955220738,0.4914384030700007,0.4283621366034158,10_sp_aij_8,36656,0.01,10,25929,2,5,even
2,14.84848484848485,0.9947175436481608,1.874765248903107,0.9542873343042528,0.8172495063583519,1.2916867332332376,1.4366305357491445,0.7983602155252715,1.6437565085729156,1.0660129361520665,0.8726411292584828,10_sp_aij_8,36656,0.01,10,25929,2,5,even
3,22.424242424242426,1.0189530246284972,1.973245241374633,0.9818643754020469,0.8577778448653466,1.3431209011618148,1.504165773516631,0.8212515849490324,1.7117545701842751,1.086898195378334,0.8941898721806878,10_sp_aij_8,36656,0.01,10,25929,2,5,even
4,30.0,1.0276675162750226,1.941950672666244,0.9807935062431506,0.8732759690121683,1.3399868634060494,1.5298411392849256,0.8250167824514745,1.7005156741914438,1.114946870048747,0.8967834844248844,10_sp_aij_8,36656,0.01,10,25929,2,5,even
5,0.0,0.02,0.02,0.02,0.02,0.04,0.09,0.05,0.04,0.02,0.04,10_sp_aij_8,2369231,0.01,10,25929,2,5,even
6,7.272727272727273,0.6075160141535754,0.8144651260983922,0.4355214760718391,0.2275221451277341,0.6494425713839486,0.477118322455526,0.3204487931920449,0.8374300534141281,0.4233385951425006,0.4078845943781771,10_sp_aij_8,2369231,0.01,10,25929,2,5,even
7,14.84848484848485,1.013404678845031,1.8495339935426605,0.9538929261426432,0.834977198475435,1.2952520578144806,1.4610694629666356,0.8038738946854164,1.6940747076544551,1.0647551030143254,0.8801807662709626,10_sp_aij_8,2369231,0.01,10,25929,2,5,even
8,22.424242424242426,1.0197314990768411,1.9599541566168024,0.9837297984507278,0.8665966072545792,1.3810423721514753,1.4912270629800113,0.835622558267447,1.7114014325781577,1.0954294110788765,0.8989164795790346,10_sp_aij_8,2369231,0.01,10,25929,2,5,even
9,30.0,1.0408238318127376,1.8946846091537808,0.957878239872035,0.8468399174588207,1.3678388206868477,1.506169240262594,0.8312084311297556,1.7021506070876422,1.0799727442517435,0.928187123072354,10_sp_aij_8,2369231,0.01,10,25929,2,5,even
