,time,species_0,species_1,species_2,species_3,species_4,species_5,species_6,species_7,species_8,species_9,ground_truth,timeseries_id,noise,n_species,did,n_timeseries,n_timepoints,sampling_scheme
0,0.0,0.04,0.05,0.01,0.02,0.02,0.07,0.01,0.09,0.07,0.03,10_sp_aij_21,36656,0.01,10,7569,2,5,even
1,7.272727272727273,0.0160150003108294,0.0739606117147793,0.3328290069532506,0.1294545442290985,0.0719622322667868,0.0396696923183315,0.1259710165140085,0.3878288496969742,0.071522785926602,0.1235578558028009,10_sp_aij_21,36656,0.01,10,7569,2,5,even
2,14.84848484848485,0.0097497428669608,0.1137367666307357,0.3572942996295327,0.2936858411961865,0.1256830570380439,0.1705995572248887,0.1717621869430284,0.4423450564022048,0.0929333952996865,0.0524572816640981,10_sp_aij_21,36656,0.01,10,7569,2,5,even
3,22.424242424242426,0.0116752802370609,0.1201643999809174,0.3598534166984538,0.2449692725562635,0.1577782358417308,0.1793187936258928,0.1531862210969725,0.4421138221306268,0.1389489394890142,0.0384644425006055,10_sp_aij_21,36656,0.01,10,7569,2,5,even
4,30.0,0.012566319333914,0.1232020295520265,0.3544554796223985,0.2416038034304002,0.1606886859417101,0.1819610249280223,0.1491383536552703,0.4388219657914766,0.1427540471817709,0.0397736401580746,10_sp_aij_21,36656,0.01,10,7569,2,5,even
5,0.0,0.02,0.02,0.02,0.02,0.04,0.09,0.05,0.04,0.02,0.04,10_sp_aij_21,2369231,0.01,10,7569,2,5,even
6,7.272727272727273,0.0094512288483817,0.0756987174092492,0.3300754342758265,0.1720515781583033,0.1084907778691325,0.0569402497455092,0.1583691362287548,0.427098350452577,0.0538023670354221,0.094866399840592,10_sp_aij_21,2369231,0.01,10,7569,2,5,even
7,14.84848484848485,0.008986342241397,0.1134164934771843,0.3574303162933914,0.2711532951992903,0.1340189926980374,0.1781516131530599,0.1594065360024499,0.4503549567543111,0.1127409763364599,0.0488202961497553,10_sp_aij_21,2369231,0.01,10,7569,2,5,even
8,22.424242424242426,0.0104636744046749,0.123815472173387,0.3613236871734462,0.2503587774941213,0.1633256851033104,0.1740344018562183,0.1545611805524103,0.4456822153581791,0.136187067365426,0.0410495878509065,10_sp_aij_21,2369231,0.01,10,7569,2,5,even
9,30.0,0.0122798483020291,0.1201712324979446,0.3508422607901079,0.2415066317066966,0.1638748152269511,0.1758861108798135,0.1535394789045827,0.4416222554730651,0.1359390408406405,0.0415101560882046,10_sp_aij_21,2369231,0.01,10,7569,2,5,even
