,time,species_0,species_1,species_2,species_3,species_4,species_5,species_6,species_7,species_8,species_9,ground_truth,timeseries_id,noise,n_species,did,n_timeseries,n_timepoints,sampling_scheme
0,0.0,0.04,0.05,0.01,0.02,0.02,0.07,0.01,0.09,0.07,0.03,10_sp_aij_43,36656,0.1,10,20790,1,5,even
1,7.272727272727273,0.1264076157553143,0.1081955245449533,0.0236799038644523,0.0873215445495521,0.0397540251839921,0.1645244911300662,0.0554743410942971,0.0471947744959484,0.0392716474287736,0.075920910964594,10_sp_aij_43,36656,0.1,10,20790,1,5,even
2,14.84848484848485,0.0442339668741715,0.0513055335960836,0.0425739862182096,0.0693361973737927,0.0934005311297558,0.1843515589448554,0.1060600861858179,0.0587288156859356,0.0313030801970986,0.090239152648065,10_sp_aij_43,36656,0.1,10,20790,1,5,even
3,22.424242424242426,0.0682739887220762,0.0348109978382107,0.0367997323371643,0.0907926582904999,0.0818580389407278,0.1891768238548704,0.0877112719546498,0.0749279175142367,0.0396222121966812,0.063136058549624,10_sp_aij_43,36656,0.1,10,20790,1,5,even
4,30.0,0.0576861714615643,0.0345203203395377,0.0277491976766512,0.111069219906806,0.0856282083259351,0.2499681935194619,0.0648894859102131,0.0632565871599656,0.0219345983851037,0.1086284178167225,10_sp_aij_43,36656,0.1,10,20790,1,5,even
