,time,species_0,species_1,species_2,species_3,species_4,species_5,species_6,species_7,species_8,species_9,ground_truth,timeseries_id,noise,n_species,did,n_timeseries,n_timepoints,sampling_scheme
0,6.0606060606060606,0.1727990007498941,0.2192859810897133,0.0369217621470004,0.0671488995157518,0.1391871903032346,0.0827127411267852,0.0060538187783673,0.1560848548442639,0.2742896026251317,0.0699448613154462,10_sp_aij_33,36656,0.1,10,14853,1,5,seq
1,7.272727272727273,0.192168681616865,0.1794285949400966,0.0581258270200199,0.0872236764632849,0.0892248267312869,0.0699054968153366,0.0061200432123342,0.1184085042421338,0.2185817989823523,0.0751312703404735,10_sp_aij_33,36656,0.1,10,14853,1,5,seq
2,8.484848484848484,0.1651681212379178,0.1990650108126134,0.0786329916145602,0.0932256919827932,0.1015672942717607,0.0617126372009408,0.0056294009108148,0.1264704557664367,0.2367487047654062,0.0990191456860335,10_sp_aij_33,36656,0.1,10,14853,1,5,seq
3,10.0,0.1213618762573143,0.2141204900094155,0.082389658575443,0.1060522371674312,0.1744847503406648,0.0494537573487501,0.0056232933609318,0.1446198973610882,0.2590053482636952,0.0530061275842629,10_sp_aij_33,36656,0.1,10,14853,1,5,seq
4,11.212121212121213,0.1102755930672854,0.1727115506005924,0.0992318973041976,0.0685123801201525,0.1740327812723711,0.0508385403908719,0.0054249087432249,0.131028262286526,0.2247370055779412,0.0565295900271389,10_sp_aij_33,36656,0.1,10,14853,1,5,seq
