,time,species_0,species_1,species_2,species_3,species_4,species_5,species_6,species_7,species_8,species_9,ground_truth,timeseries_id,noise,n_species,did,n_timeseries,n_timepoints,sampling_scheme
0,6.0606060606060606,0.0457633797800253,0.1469102901572319,0.0112295198607627,0.0431893525168237,0.1296313337147205,0.0918630467399868,0.1679514643659539,0.1622791304823114,0.0621843039679591,0.0603498558468064,10_sp_aij_17,36656,0.01,10,4863,1,5,seq
1,7.272727272727273,0.0449194324400963,0.1416024800818094,0.0120186239492031,0.0463723116688634,0.1312884790337926,0.0887393438519976,0.2024259404433483,0.1817063410631438,0.0605342213281899,0.0595828893137289,10_sp_aij_17,36656,0.01,10,4863,1,5,seq
2,8.484848484848484,0.0440825728245635,0.1382907225936244,0.0126884600366612,0.0459381233424305,0.1355072675289142,0.0851346547846627,0.2238719388242496,0.2052382281801403,0.0577211526381381,0.0592043149417337,10_sp_aij_17,36656,0.01,10,4863,1,5,seq
3,10.0,0.0413673197451983,0.1333535338821882,0.0133261223759521,0.0420126434069124,0.1415907004762425,0.0804700558820625,0.2405479967751791,0.2303315319219075,0.0521547674840531,0.0550165172794381,10_sp_aij_17,36656,0.01,10,4863,1,5,seq
4,11.212121212121213,0.0397844880409129,0.1264494782672187,0.0141351266214535,0.0356848604543341,0.1421411251219996,0.0798927066018629,0.2493998339069939,0.2410464051209092,0.0460400509930008,0.054424343269881,10_sp_aij_17,36656,0.01,10,4863,1,5,seq
