,time,species_0,species_1,species_2,species_3,species_4,species_5,species_6,species_7,species_8,species_9,ground_truth,timeseries_id,noise,n_species,did,n_timeseries,n_timepoints,sampling_scheme
0,6.0606060606060606,0.1258090440686601,0.1114288063411187,0.3183535261285902,0.0236190137361833,0.0317130809182616,0.2428253728790401,0.1321613357562453,0.2017038374091284,0.2073682944002274,0.4465856930168517,10_sp_aij_41,36656,0.01,10,19443,1,5,seq
1,7.272727272727273,0.1345986891498611,0.1376102666679098,0.2985526742607298,0.0214232951631257,0.0439585931319997,0.2387900606782209,0.1694562703616076,0.1918749135942203,0.1843503157683506,0.4540262055664449,10_sp_aij_41,36656,0.01,10,19443,1,5,seq
2,8.484848484848484,0.137446822548878,0.1644556494318645,0.2576719310924277,0.0202699918102339,0.0632583861313349,0.2191545552947738,0.1975089017400814,0.184847224388526,0.1625802570477597,0.4562157073926066,10_sp_aij_41,36656,0.01,10,19443,1,5,seq
3,10.0,0.137580071703259,0.1942011546550276,0.2075833725080483,0.0206251859487918,0.0915425405110608,0.1801241717952417,0.2249072976831297,0.1795200052477475,0.13527036696843,0.4189278828221023,10_sp_aij_41,36656,0.01,10,19443,1,5,seq
4,11.212121212121213,0.1394343661321182,0.207104785869134,0.1745482961952,0.0212287741674151,0.1093177739873144,0.155771386102972,0.2418484491110721,0.1707055719422079,0.1142572310752827,0.4147170661094315,10_sp_aij_41,36656,0.01,10,19443,1,5,seq
