,time,species_0,species_1,species_2,species_3,species_4,species_5,species_6,species_7,species_8,species_9,ground_truth,timeseries_id,noise,n_species,did,n_timeseries,n_timepoints,sampling_scheme
0,0.0,0.04,0.05,0.01,0.02,0.02,0.07,0.01,0.09,0.07,0.03,10_sp_aij_24,36656,0.01,10,9180,1,5,even
1,7.272727272727273,0.1128006194078413,0.2065702486518902,0.1253861647602183,0.0577053917909174,0.143675071471252,0.2500666079581775,0.1389266570892421,0.1750555193337692,0.1375261900919775,0.0487714406860119,10_sp_aij_24,36656,0.01,10,9180,1,5,even
2,14.84848484848485,0.0422611074233519,0.2579653798821157,0.0946792290238678,0.0860843712888869,0.175525716704894,0.2472428539129203,0.1403090569039871,0.1954087683827628,0.1153256402083385,0.0267293743515722,10_sp_aij_24,36656,0.01,10,9180,1,5,even
3,22.424242424242426,0.0266232512780764,0.262383659589135,0.0878496805082964,0.0829292981026381,0.1664848632374989,0.2425337759011007,0.1334560650768387,0.1910331110217136,0.1007422226520207,0.0167350621096042,10_sp_aij_24,36656,0.01,10,9180,1,5,even
4,30.0,0.0196971364739233,0.2636977427103399,0.0827881211315354,0.0803985419398929,0.1598409405524364,0.2462105641465372,0.1269774599486092,0.1890266975275917,0.0915738844274211,0.0145062796675759,10_sp_aij_24,36656,0.01,10,9180,1,5,even
