,time,species_0,species_1,species_2,species_3,species_4,species_5,species_6,species_7,species_8,species_9,ground_truth,timeseries_id,noise,n_species,did,n_timeseries,n_timepoints,sampling_scheme
0,13.636363636363637,0.0560590434323238,0.3970317258378849,0.1053183632785091,0.1782750217176654,0.0519482344717737,0.1604474705487298,0.363419688472648,0.0600930719066448,0.0944917562992899,0.2952468475543613,10_sp_aij_12,36656,0.01,10,2166,1,5,random
1,18.484848484848484,0.0580029703760156,0.4007811239733803,0.0946772967984312,0.1726602186012865,0.063184025416895,0.1783361268462625,0.3496212723510307,0.0835409013844987,0.0891526457932121,0.2768607966286311,10_sp_aij_12,36656,0.01,10,2166,1,5,random
2,22.424242424242426,0.0565571134092698,0.3800082508026067,0.0992082365976782,0.1707624456446304,0.0610529377759112,0.1790411403377374,0.3401173834914087,0.0860285154401719,0.0913306523264647,0.2610876399898588,10_sp_aij_12,36656,0.01,10,2166,1,5,random
3,26.060606060606062,0.056362097203294,0.3807589500115931,0.0971709360485778,0.1726040543573551,0.0634414855398919,0.1799482142154281,0.3439954818955861,0.0832379261948508,0.0938071385516329,0.2752345760867048,10_sp_aij_12,36656,0.01,10,2166,1,5,random
4,30.0,0.0544769403254243,0.3836384373343718,0.0960782052568264,0.1748521964250804,0.0630824631785313,0.1839817126251832,0.3409766669442543,0.0848854039887394,0.0883535144379711,0.2692117420404774,10_sp_aij_12,36656,0.01,10,2166,1,5,random
