,time,species_0,species_1,species_2,species_3,species_4,species_5,species_6,species_7,species_8,species_9,ground_truth,timeseries_id,noise,n_species,did,n_timeseries,n_timepoints,sampling_scheme
0,0.0,0.04,0.05,0.01,0.02,0.02,0.07,0.01,0.09,0.07,0.03,10_sp_aij_16,36656,0.01,10,4320,1,5,even
1,7.272727272727273,0.2837315313068345,0.0306572369135269,0.0286537962899433,0.0595855458538544,0.0764453710510284,0.1052322296160652,0.4099500107277142,0.0951180084342576,0.2181937452430382,0.2147239076547137,10_sp_aij_16,36656,0.01,10,4320,1,5,even
2,14.84848484848485,0.3736206261352591,0.0107855337622783,0.0517290242027037,0.1486222233324852,0.1319400607349274,0.1057828659497407,0.4950851524520194,0.1320353478685504,0.3516582899721761,0.2154562494466911,10_sp_aij_16,36656,0.01,10,4320,1,5,even
3,22.424242424242426,0.3922655209778726,0.0106772591383531,0.0565242384673942,0.1783647550448211,0.153725380810734,0.1021990541140446,0.5072711195605085,0.1332732461573029,0.3759871575823764,0.2108989991033884,10_sp_aij_16,36656,0.01,10,4320,1,5,even
4,30.0,0.3945190566168705,0.0118863900783523,0.0522449005090774,0.1865858342044667,0.1557978361495074,0.103711429653438,0.5056882773204328,0.133072014623296,0.3797010853164532,0.2133221232188891,10_sp_aij_16,36656,0.01,10,4320,1,5,even
