,time,species_0,species_1,species_2,species_3,species_4,species_5,species_6,species_7,species_8,species_9,ground_truth,timeseries_id,noise,n_species,did,n_timeseries,n_timepoints,sampling_scheme
0,13.636363636363637,0.0802667747063074,0.0068460924135213,0.1266027806764711,0.0630475664317929,0.2405551357320622,0.2113625091915706,0.1412930727840193,0.2206687536779692,0.0158208167117683,0.3090823084411357,10_sp_aij_44,36656,0.1,10,21336,1,5,random
1,18.484848484848484,0.1550497638286966,0.0042846694410004,0.0535344839548431,0.1066373127713103,0.2698012980610261,0.1664147002117406,0.1263635248891027,0.2155264341800503,0.0493428246778374,0.2643049573728646,10_sp_aij_44,36656,0.1,10,21336,1,5,random
2,22.424242424242426,0.1434352401871122,0.0,0.1163931955274088,0.1035320568114078,0.2529885110938457,0.167210331892328,0.1110022287758323,0.1601069321234415,0.0382711017698385,0.2452002979275934,10_sp_aij_44,36656,0.1,10,21336,1,5,random
3,26.060606060606062,0.1606599808152249,0.0,0.0695040765573739,0.1169899674902436,0.387175612377672,0.1710771232095117,0.0937408514230254,0.1828786272732661,0.0371849256428632,0.4012097023851771,10_sp_aij_44,36656,0.1,10,21336,1,5,random
4,30.0,0.1282202452172787,0.0,0.0523890941567281,0.1536751682470687,0.2296964431909753,0.1644058294225315,0.082923934088595,0.207842735604894,0.034737414833884,0.2619677853655311,10_sp_aij_44,36656,0.1,10,21336,1,5,random
