,time,species_0,species_1,species_2,species_3,species_4,species_5,species_6,species_7,species_8,species_9,ground_truth,timeseries_id,noise,n_species,did,n_timeseries,n_timepoints,sampling_scheme
0,0.0,0.04,0.05,0.01,0.02,0.02,0.07,0.01,0.09,0.07,0.03,10_sp_aij_39,36656,0.1,10,18099,2,5,even
1,7.272727272727273,0.1188438503051953,0.201217092815393,0.0488769195425903,0.0186498908738045,0.1097636869894878,0.2142936378024692,0.0760151058338487,0.3595263275590761,0.0950282203581755,0.3179826890860303,10_sp_aij_39,36656,0.1,10,18099,2,5,even
2,14.84848484848485,0.0676678969126715,0.1618638688598956,0.0958629669172606,0.0550373909321398,0.16103391693698,0.2278587801501977,0.1077885043339089,0.4522834868975661,0.1507292553314136,0.3602131501839727,10_sp_aij_39,36656,0.1,10,18099,2,5,even
3,22.424242424242426,0.118063569251643,0.1781740886988654,0.0745605146184249,0.0745296802298034,0.1723835105166828,0.2121445339028813,0.0961278395389224,0.4464113015920223,0.1420490847282134,0.3233082332702651,10_sp_aij_39,36656,0.1,10,18099,2,5,even
4,30.0,0.1003467266270586,0.2067717468576226,0.0398530714425609,0.1158979749622639,0.1628361753932655,0.2831286981677481,0.0648307331976283,0.4682055161735131,0.1177409946200141,0.3366975655617712,10_sp_aij_39,36656,0.1,10,18099,2,5,even
5,0.0,0.02,0.02,0.02,0.02,0.04,0.09,0.05,0.04,0.02,0.04,10_sp_aij_39,2369231,0.1,10,18099,2,5,even
6,7.272727272727273,0.1356789247842543,0.2683278553982088,0.0481703687703789,0.0414038212460435,0.2538832320180975,0.2092127119299109,0.0476156785178592,0.5827440460892116,0.0954753370196784,0.3058048651414847,10_sp_aij_39,2369231,0.1,10,18099,2,5,even
7,14.84848484848485,0.1239803466630841,0.1626980476883417,0.0584664457286848,0.0715057928253653,0.1496185921181126,0.267012485521446,0.0894950696220178,0.5998109223918638,0.1362031593035634,0.4017897226395077,10_sp_aij_39,2369231,0.1,10,18099,2,5,even
8,22.424242424242426,0.0954613050622774,0.2468852515685946,0.0423395768368624,0.0602199449849796,0.2353655705145856,0.2069459280123788,0.0793537708384576,0.4832263866993366,0.1043243906351669,0.3183466125935579,10_sp_aij_39,2369231,0.1,10,18099,2,5,even
9,30.0,0.2052735322992641,0.1654210304397543,0.0201423729567309,0.0475487081800516,0.2384987229923523,0.2127407481964921,0.0551429024522278,0.4265590908449997,0.068078292209581,0.4331731046733094,10_sp_aij_39,2369231,0.1,10,18099,2,5,even
