,time,species_0,species_1,species_2,species_3,species_4,species_5,species_6,species_7,species_8,species_9,ground_truth,timeseries_id,noise,n_species,did,n_timeseries,n_timepoints,sampling_scheme
0,13.636363636363637,0.0985847484096182,0.1637914749140824,0.2667422261430014,0.2036736279345318,0.0709896235951109,0.1946147174700287,0.046099479852396,0.4502908513280265,0.2372058615194363,0.2475642505417983,10_sp_aij_32,36656,0.1,10,14316,1,5,random
1,18.484848484848484,0.1735580586729998,0.297174878184871,0.2009504552693889,0.2707194609177297,0.0748324486731421,0.1583511711079552,0.0517120710356348,0.5046724109537106,0.2774956053570981,0.2223736874194374,10_sp_aij_32,36656,0.1,10,14316,1,5,random
2,22.424242424242426,0.1780811784988084,0.2127781802316495,0.302713719333085,0.2351946379203295,0.0544119713099499,0.125133310344403,0.0652926016655558,0.4640099058354585,0.2432293031295463,0.1901103001947441,10_sp_aij_32,36656,0.1,10,14316,1,5,random
3,26.060606060606062,0.2056290064098279,0.199924088885634,0.1979071638537535,0.2349027477547227,0.1016337363268901,0.1405298814448644,0.0546121589684676,0.442701528521716,0.2542875421431531,0.3075442709662483,10_sp_aij_32,36656,0.1,10,14316,1,5,random
4,30.0,0.1431470079240455,0.2286872631402955,0.203012735103942,0.3207424573680238,0.0733617793057593,0.1449442377553483,0.0394054391469081,0.4359833942260285,0.2467648710908609,0.2123526650034004,10_sp_aij_32,36656,0.1,10,14316,1,5,random
