,time,species_0,species_1,species_2,species_3,species_4,species_5,species_6,species_7,species_8,species_9,ground_truth,timeseries_id,noise,n_species,did,n_timeseries,n_timepoints,sampling_scheme
0,0.0,0.04,0.05,0.01,0.02,0.02,0.07,0.01,0.09,0.07,0.03,10_sp_aij_43,36656,0.01,10,20520,1,5,even
1,7.272727272727273,0.1024072072713011,0.1033074438663938,0.0182981340345383,0.0815215071641972,0.0780331535600172,0.1804394797204061,0.0747026111380543,0.0730923269030601,0.0451496090269405,0.0921913214514534,10_sp_aij_43,36656,0.01,10,20520,1,5,even
2,14.84848484848485,0.1055377754447789,0.0670248928855302,0.0335384646636498,0.1040411383202684,0.0878043714621509,0.1950145440163842,0.091109385220011,0.0766428109182157,0.0454274602138199,0.0680463286504268,10_sp_aij_43,36656,0.01,10,20520,1,5,even
3,22.424242424242426,0.1003136269346347,0.0563412014879943,0.0452056652093016,0.1093286074054499,0.0836135369772255,0.199239706215437,0.085160811811098,0.081054493291733,0.0492212896578193,0.0624239409178891,10_sp_aij_43,36656,0.01,10,20520,1,5,even
4,30.0,0.0967066108891905,0.0563489702955797,0.0482443040483108,0.1096964543132819,0.0857576960480797,0.2059449291220582,0.0801066618048511,0.0785975846761483,0.0487931743239084,0.0684110501713066,10_sp_aij_43,36656,0.01,10,20520,1,5,even
