,time,species_0,species_1,species_2,species_3,species_4,species_5,species_6,species_7,species_8,species_9,ground_truth,timeseries_id,noise,n_species,did,n_timeseries,n_timepoints,sampling_scheme
0,13.636363636363637,0.287961685770178,0.0783733513281057,0.4751558139266966,0.2221251853053078,0.026447067751628,0.3640420534679717,0.0,0.5548912094686899,0.6544604865077269,0.49243653261791,10_sp_aij_46,36656,0.01,10,22146,1,5,random
1,18.484848484848484,0.3327487770121183,0.048177138412977,0.5164017900124265,0.231320913241965,0.0177295690744647,0.4008915647826462,0.0,0.5863082729544156,0.702628186312742,0.5394754235055949,10_sp_aij_46,36656,0.01,10,22146,1,5,random
2,22.424242424242426,0.3431203899036876,0.032645706082737,0.5460484327716,0.2311188508429396,0.0136466087361555,0.4059532326093805,0.0,0.5871498622863228,0.7196959116670215,0.5566869824436382,10_sp_aij_46,36656,0.01,10,22146,1,5,random
3,26.060606060606062,0.3582710080575918,0.0247766707553985,0.5413979976193961,0.2359109012903756,0.0116886310043132,0.4180090929585457,0.0,0.5937821825750103,0.7506355887138907,0.5902156904128648,10_sp_aij_46,36656,0.01,10,22146,1,5,random
4,30.0,0.360614792904022,0.018800980225975,0.5552886616531361,0.2415835445843632,0.0089559259318133,0.4253015766876392,0.0,0.5989140541514442,0.7526439290094917,0.5756709446259678,10_sp_aij_46,36656,0.01,10,22146,1,5,random
