,time,species_0,species_1,species_2,species_3,species_4,species_5,species_6,species_7,species_8,species_9,ground_truth,timeseries_id,noise,n_species,did,n_timeseries,n_timepoints,sampling_scheme
0,6.0606060606060606,0.0398693189130763,0.2771180790198227,0.106965757771746,0.2081170954786301,0.0153242410013994,0.1967472921856237,0.2479990243534745,0.0438346394524961,0.1452196653413276,0.0957921771616024,10_sp_aij_12,36656,0.1,10,2433,1,5,seq
1,7.272727272727273,0.0444377431765336,0.2470109432047335,0.1313786577734271,0.2091717058056784,0.0101372553674918,0.1618179079316958,0.2962407780380982,0.0283665438955495,0.1145259642754534,0.1292100759638094,10_sp_aij_12,36656,0.1,10,2433,1,5,seq
2,8.484848484848484,0.0392922525279281,0.2963451822409968,0.1287183367523577,0.1843073534549871,0.0104490880182008,0.1408767124410037,0.2783687029471265,0.0238841129722938,0.1143367230907321,0.1967294723405341,10_sp_aij_12,36656,0.1,10,2433,1,5,seq
3,10.0,0.0216531714029702,0.3469284209920213,0.1115862415797772,0.1856234580026068,0.0155539174111937,0.1202313323216485,0.284083102213214,0.0251764270308484,0.1143375314669468,0.1370113331209156,10_sp_aij_12,36656,0.1,10,2433,1,5,seq
4,11.212121212121213,0.0167614551636317,0.2789460364072798,0.1197716950494155,0.1153198171182278,0.0166829176177481,0.1424257736707367,0.2791816999980868,0.0245003863035066,0.0909688684349777,0.2048320276790577,10_sp_aij_12,36656,0.1,10,2433,1,5,seq
