,time,species_0,species_1,species_2,species_3,species_4,species_5,species_6,species_7,species_8,species_9,ground_truth,timeseries_id,noise,n_species,did,n_timeseries,n_timepoints,sampling_scheme
0,0.0,0.04,0.05,0.01,0.02,0.02,0.07,0.01,0.09,0.07,0.03,10_sp_aij_26,36656,0.01,10,10269,2,5,even
1,7.272727272727273,0.1014432972123207,0.150744718678027,0.3128831454631101,0.3017066727901458,0.1108721887199291,0.2883434255905993,0.1366159567999166,0.2839832933556344,0.0872731099804553,0.2090361576857951,10_sp_aij_26,36656,0.01,10,10269,2,5,even
2,14.84848484848485,0.0834828214804204,0.1451791100291173,0.3894811692141615,0.3319821611436351,0.1639126897840941,0.3233184786271781,0.1947289914445715,0.3520304608687582,0.0892956844963566,0.2581606111097957,10_sp_aij_26,36656,0.01,10,10269,2,5,even
3,22.424242424242426,0.0853569567547521,0.1453044621475825,0.3958631862954193,0.3317381472667811,0.1655646174794917,0.3260852110971684,0.1922118561168996,0.3546621992406463,0.0881196855019817,0.2585474182299332,10_sp_aij_26,36656,0.01,10,10269,2,5,even
4,30.0,0.0859296638786838,0.1503771158734867,0.3886773750303549,0.3430229023559115,0.1603293805554514,0.3392582608232142,0.1899645756745532,0.3555340432314895,0.0849156498106436,0.2657689783509054,10_sp_aij_26,36656,0.01,10,10269,2,5,even
5,0.0,0.02,0.02,0.02,0.02,0.04,0.09,0.05,0.04,0.02,0.04,10_sp_aij_26,2369231,0.01,10,10269,2,5,even
6,7.272727272727273,0.1002892357542026,0.1220801259144176,0.3668800304538984,0.2997187208655768,0.1757765116778372,0.2972109154886792,0.1401352247448259,0.3259683450150468,0.1050113072181352,0.2164115581927551,10_sp_aij_26,2369231,0.01,10,10269,2,5,even
7,14.84848484848485,0.0916978928390308,0.1469731802714367,0.3943574213156293,0.3375308730682502,0.1579690742034864,0.3393827685606879,0.1952314038900093,0.3687408504236605,0.0911517373830005,0.2706601545400978,10_sp_aij_26,2369231,0.01,10,10269,2,5,even
8,22.424242424242426,0.0850639508786552,0.1501944729767632,0.3923643587397081,0.3409286144590637,0.1704867706050127,0.3228819686289046,0.1968036041145738,0.3567917957722192,0.084725104841634,0.2583425911935524,10_sp_aij_26,2369231,0.01,10,10269,2,5,even
9,30.0,0.0902977344886142,0.1431109643056101,0.3823732917439095,0.3327427021293691,0.1694638461161032,0.3277313608908747,0.1925308970951753,0.3512682685530969,0.0843872672331185,0.2682855360198728,10_sp_aij_26,2369231,0.01,10,10269,2,5,even
