,time,species_0,species_1,species_2,species_3,species_4,species_5,species_6,species_7,species_8,species_9,ground_truth,timeseries_id,noise,n_species,did,n_timeseries,n_timepoints,sampling_scheme
0,6.0606060606060606,0.5574447052081719,0.2570077352311828,0.1025660237987738,0.418642208719954,0.0205814714553033,0.2101812818334496,0.0612066383420956,0.2252617950877448,0.2056082178654863,0.0822190897157835,10_sp_aij_29,36656,0.01,10,11883,1,5,seq
1,7.272727272727273,0.5437852095543506,0.2929184354228761,0.1684159245594548,0.4302436425406345,0.019926381611579,0.2163948266828126,0.0684473554025198,0.2280220529610678,0.1811015736586951,0.091648635153648,10_sp_aij_29,36656,0.01,10,11883,1,5,seq
2,8.484848484848484,0.5124170056286702,0.3036231383460367,0.2002900376121562,0.4180554441920054,0.0228566235301396,0.2148704386664223,0.0801242457870771,0.2544589486924807,0.1500511619364946,0.1188527604952063,10_sp_aij_29,36656,0.01,10,11883,1,5,seq
3,10.0,0.5013752672807434,0.3008169790056351,0.196148412052838,0.4033872565347904,0.0300987966467064,0.2045864836047747,0.0994140397518339,0.2886700123595326,0.1237765910322159,0.1430628381774261,10_sp_aij_29,36656,0.01,10,11883,1,5,seq
4,11.212121212121213,0.5058922273783243,0.2950238920807412,0.1902943150587094,0.3787495466153226,0.0370162561806549,0.2060174454044187,0.1148453496954916,0.2999827595951096,0.1160865353850932,0.1542245861690415,10_sp_aij_29,36656,0.01,10,11883,1,5,seq
