,time,species_0,species_1,species_2,species_3,species_4,species_5,species_6,species_7,species_8,species_9,ground_truth,timeseries_id,noise,n_species,did,n_timeseries,n_timepoints,sampling_scheme
0,0.0,0.04,0.05,0.01,0.02,0.02,0.07,0.01,0.09,0.07,0.03,10_sp_aij_31,36656,0.1,10,13771,1,10,even
1,3.333333333333333,0.0237412065893642,0.2100614778632418,0.1338593284524617,0.2351088786859334,0.0142506165603677,0.0659577110666023,0.056318579798875,0.0555023890763996,0.0599951845085478,0.0897205177189924,10_sp_aij_31,36656,0.1,10,13771,1,10,even
2,6.666666666666667,0.0456684277319704,0.1414486932642469,0.2975584528407943,0.326506344967202,0.0051552293076748,0.0700783101251393,0.0656761900455961,0.0473467211386013,0.1126483570191752,0.1623708632603919,10_sp_aij_31,36656,0.1,10,13771,1,10,even
3,10.0,0.0509400017422745,0.0743798942202192,0.2815523240404106,0.3507383627035277,0.0036400094656361,0.0548632689755565,0.070781467040433,0.0282161586909935,0.1156193618526672,0.063873230238293,10_sp_aij_31,36656,0.1,10,13771,1,10,even
4,13.333333333333334,0.0792742191177013,0.0442325206023574,0.3842071209729891,0.3556581395245679,0.0035258396945656,0.0786286109634426,0.110621721211662,0.0219212417477614,0.1331435065059961,0.0928018220732531,10_sp_aij_31,36656,0.1,10,13771,1,10,even
5,16.666666666666668,0.1492894724852785,0.021914829234167,0.3064616451424175,0.3352080647875337,0.0033392853012286,0.0666047279899969,0.086058642740425,0.0167588412325779,0.1637240046653314,0.1177348360289446,10_sp_aij_31,36656,0.1,10,13771,1,10,even
6,20.0,0.1640028622401796,0.0352415471951807,0.2861596064857221,0.3379931622026735,0.0,0.094887980115816,0.138257059540761,0.0145423863514527,0.1323094197054072,0.0648898829106253,10_sp_aij_31,36656,0.1,10,13771,1,10,even
7,23.333333333333336,0.1502365523076846,0.0400972911527023,0.3248217415875829,0.3060212699615896,0.0,0.070346519758152,0.1011623632112463,0.0123240619277025,0.1331120485851764,0.069159264971216,10_sp_aij_31,36656,0.1,10,13771,1,10,even
8,26.666666666666668,0.1787538837828618,0.0353507553050822,0.2710263455891682,0.301453791661969,0.0,0.0975969125857779,0.0898204199785977,0.0076381252077591,0.1419139759021212,0.0983274640384934,10_sp_aij_31,36656,0.1,10,13771,1,10,even
9,30.0,0.1230088397873664,0.0405647934053102,0.3072574127141015,0.4199350758691008,0.0,0.0949332143881702,0.0897337415604523,0.0057511595203587,0.1127480900132891,0.0992812725612761,10_sp_aij_31,36656,0.1,10,13771,1,10,even
