,time,species_0,species_1,species_2,species_3,species_4,species_5,species_6,species_7,species_8,species_9,ground_truth,timeseries_id,noise,n_species,did,n_timeseries,n_timepoints,sampling_scheme
0,6.0606060606060606,0.688956959745963,0.6780533589239913,0.0158044486551285,1.1095550863330297,0.2460050159166063,0.2863650577985682,0.3750278284009334,0.0630507330661375,0.0087283033804037,0.3734012609464717,10_sp_aij_3,36656,0.01,10,12423,1,5,seq
1,7.272727272727273,0.7988880742972487,0.805188275858929,0.0203323958150213,1.3885476048872665,0.2010640435014653,0.3714651122110435,0.5510509047955979,0.0584095064431796,0.0112655262636373,0.5789781982638377,10_sp_aij_3,36656,0.01,10,12423,1,5,seq
2,8.484848484848484,0.8607803805742895,0.887889790307452,0.023707425919153,1.5307105588393548,0.1752674892116324,0.4285547440422021,0.6317875632145971,0.0571466903501746,0.0175732523872762,0.6731098375279456,10_sp_aij_3,36656,0.01,10,12423,1,5,seq
3,10.0,0.8761037916104388,0.9231003812224212,0.0257085962803667,1.5805851421324064,0.1600099355506105,0.4450972019211902,0.657782062407697,0.0581419079597089,0.0323583996338244,0.6727171542671395,10_sp_aij_3,36656,0.01,10,12423,1,5,seq
4,11.212121212121213,0.8652597120019693,0.8965646449494363,0.0268869869517618,1.5696011799407412,0.151352915531843,0.457900061467374,0.6611263018211363,0.0585393315419055,0.0490638152657684,0.6912651097354242,10_sp_aij_3,36656,0.01,10,12423,1,5,seq
