,time,species_0,species_1,species_2,species_3,species_4,species_5,species_6,species_7,species_8,species_9,ground_truth,timeseries_id,noise,n_species,did,n_timeseries,n_timepoints,sampling_scheme
0,0.0,0.04,0.05,0.01,0.02,0.02,0.07,0.01,0.09,0.07,0.03,10_sp_aij_1,36656,0.01,10,540,1,5,even
1,7.272727272727273,0.2430216061496415,0.291344842130161,0.042674548314226,0.19667509094851,0.0918339289593507,0.023350133226347,0.0213651427494954,0.0798476497454711,0.1300815358802221,0.0284610370335544,10_sp_aij_1,36656,0.01,10,540,1,5,even
2,14.84848484848485,0.2214634716027484,0.230357732872863,0.1189657013061463,0.1931650609234871,0.1417482251600315,0.0295062792419993,0.0612698805958565,0.0517400261531733,0.1076645910343705,0.0253789800763021,10_sp_aij_1,36656,0.01,10,540,1,5,even
3,22.424242424242426,0.2485667041863552,0.2387035013355495,0.1203575942172432,0.2121120271537788,0.1545056503684834,0.0482493772224495,0.0810812654395164,0.0495296862175498,0.096323655564473,0.0305102783287814,10_sp_aij_1,36656,0.01,10,540,1,5,even
4,30.0,0.2547016970376164,0.242056951859805,0.1176935647868398,0.2174147505002293,0.1605049950914656,0.0669980743319835,0.0757144786586303,0.0472819302571303,0.1003856016710112,0.0375449630042144,10_sp_aij_1,36656,0.01,10,540,1,5,even
