,time,species_0,species_1,species_2,species_3,species_4,species_5,species_6,species_7,species_8,species_9,ground_truth,timeseries_id,noise,n_species,did,n_timeseries,n_timepoints,sampling_scheme
0,13.636363636363637,0.0,0.0642861318600908,0.2109365004020506,0.3133028735466228,0.4825805355575751,0.089421870192023,0.1091962942676409,0.0451947455270983,0.2311402226095127,0.5211546458208217,10_sp_aij_11,36656,0.1,10,1896,1,5,random
1,18.484848484848484,0.0,0.0644553053196209,0.145764514979329,0.3797720245498009,0.4782575529218308,0.0845438035266502,0.119311812313064,0.058543454611528,0.2357741502775869,0.4898743615152372,10_sp_aij_11,36656,0.1,10,1896,1,5,random
2,22.424242424242426,0.0,0.0644579379155807,0.2187724296675606,0.3777897943289567,0.4243988388753989,0.0490253308222824,0.1350030165350397,0.0467352971770384,0.2539860351119723,0.4559296311507515,10_sp_aij_11,36656,0.1,10,1896,1,5,random
3,26.060606060606062,0.0,0.067357439083744,0.1398907637810444,0.3866982420606473,0.6313273333173868,0.0443770642545523,0.1020645586710157,0.0432823690872905,0.2657562170102033,0.6717278976097177,10_sp_aij_11,36656,0.1,10,1896,1,5,random
4,30.0,0.0,0.0607370298045903,0.1280603869769132,0.4425616539690166,0.3977661313009228,0.0687797327104562,0.0959925183751562,0.0595297507348924,0.1960473623079058,0.4623059729129106,10_sp_aij_11,36656,0.1,10,1896,1,5,random
