,time,species_0,species_1,species_2,species_3,species_4,species_5,species_6,species_7,species_8,species_9,ground_truth,timeseries_id,noise,n_species,did,n_timeseries,n_timepoints,sampling_scheme
0,0.0,0.04,0.05,0.01,0.02,0.02,0.07,0.01,0.09,0.07,0.03,10_sp_aij_46,36656,0.1,10,22417,1,10,random
1,7.272727272727273,0.1446562419428557,0.149224543563692,0.257237842960346,0.2083420138177198,0.0248386253250002,0.2292460952556607,0.0,0.3541030581651614,0.3718534275274547,0.2569491638130042,10_sp_aij_46,36656,0.1,10,22417,1,10,random
2,10.0,0.1273639164197753,0.1188400514311678,0.3239375592997081,0.192020758451715,0.0261914139351315,0.2468498624346797,0.0,0.4491950004308654,0.4961499815047112,0.2204405505967505,10_sp_aij_46,36656,0.1,10,22417,1,10,random
3,13.636363636363637,0.1981542394934492,0.0529342545572988,0.562325591482783,0.1966206467353784,0.021724666326278,0.4208709408813988,0.0,0.5305217511440139,0.7129703514170671,0.528103612026286,10_sp_aij_46,36656,0.1,10,22417,1,10,random
4,14.84848484848485,0.2525969278330598,0.0458359497636503,0.4993866279401947,0.219059938425693,0.0143821447963412,0.3411631169389595,0.0,0.477178538351267,0.7536011783772866,0.4956156554069029,10_sp_aij_46,36656,0.1,10,22417,1,10,random
5,17.272727272727273,0.3708652298179589,0.025527037301096,0.536210761376508,0.2350421997258596,0.0094643163520993,0.4417559787750316,0.0,0.5275287490987418,0.8200111554323108,0.6267007534723884,10_sp_aij_46,36656,0.1,10,22417,1,10,random
6,20.0,0.3167576470846742,0.0181333439927733,0.4901849467989917,0.2132664399805943,0.007056410037009,0.4262733431895807,0.0,0.5255132911414464,0.6639087450516791,0.5117350938559799,10_sp_aij_46,36656,0.1,10,22417,1,10,random
7,23.63636363636364,0.3494369693383379,0.0148084227365551,0.6088029535380937,0.2731594669359106,0.0063157059280488,0.3201460706501302,0.0,0.6364380636660245,0.7349562736474077,0.6238346059787421,10_sp_aij_46,36656,0.1,10,22417,1,10,random
8,26.060606060606062,0.3795943753970289,0.0071180876362681,0.4975628478437754,0.2632815404008558,0.0102836769840086,0.4349548047082493,0.0,0.5663250656418977,0.9633152364085968,0.7882845692219453,10_sp_aij_46,36656,0.1,10,22417,1,10,random
9,28.484848484848484,0.3059391025751751,0.0043510509947371,0.556111425101257,0.3241123627343619,0.0104475600078085,0.4234537773176667,0.0,0.6206655120292466,0.733781389968793,0.6934929086448048,10_sp_aij_46,36656,0.1,10,22417,1,10,random
