,time,species_0,species_1,species_2,species_3,species_4,species_5,species_6,species_7,species_8,species_9,ground_truth,timeseries_id,noise,n_species,did,n_timeseries,n_timepoints,sampling_scheme
0,0.0,0.04,0.05,0.01,0.02,0.02,0.07,0.01,0.09,0.07,0.03,10_sp_aij_18,36656,0.01,10,5400,1,5,even
1,7.272727272727273,0.2917773081595595,0.2093517377033724,0.2032733703843026,0.34622913474004,0.0736185872086184,0.2305620949532917,0.1464607307935436,0.4177556831530124,0.1083189833413335,0.1319841973964979,10_sp_aij_18,36656,0.01,10,5400,1,5,even
2,14.84848484848485,0.2781765964374746,0.230226581454706,0.1916716630317007,0.3490892511279542,0.0642364296130341,0.2133024854804399,0.2047153313262027,0.4644758169261257,0.1269904952606494,0.1108486416244605,10_sp_aij_18,36656,0.01,10,5400,1,5,even
3,22.424242424242426,0.2792554468886605,0.2258446887838013,0.1931990318419983,0.3504774346555322,0.0603817519249562,0.2140254976384083,0.2032955079687259,0.4663304388456871,0.1287693234795313,0.1127239592865942,10_sp_aij_18,36656,0.01,10,5400,1,5,even
4,30.0,0.2773919664470233,0.2263983598498084,0.1906352311490351,0.359546070160863,0.061500904912522,0.2204048738361688,0.1980399109074716,0.4663759583394595,0.1269520801591782,0.1187520986546174,10_sp_aij_18,36656,0.01,10,5400,1,5,even
