,time,species_0,species_1,species_2,species_3,species_4,species_5,species_6,species_7,species_8,species_9,ground_truth,timeseries_id,noise,n_species,did,n_timeseries,n_timepoints,sampling_scheme
0,6.0606060606060606,0.0773719199000377,0.0884695646761911,0.2339942818014244,0.2487191243766882,0.0574995329763302,0.1750798135067806,0.0076629265735628,0.140240096229431,0.2267970205153629,0.0632258188164596,10_sp_aij_10,36656,0.01,10,1083,1,5,seq
1,7.272727272727273,0.0605507357284886,0.1244057469222882,0.2540350943030198,0.2443759243611165,0.0652260957110441,0.1901902948944515,0.0092675073765849,0.1211711329726434,0.2239208132205534,0.0621441495188347,10_sp_aij_10,36656,0.01,10,1083,1,5,seq
2,8.484848484848484,0.0466128808628908,0.161037295537929,0.267970360635356,0.2340359237462194,0.0779895335968661,0.1982254602554597,0.0125608500749829,0.1142123280089632,0.2242822946654628,0.0626034168342186,10_sp_aij_10,36656,0.01,10,1083,1,5,seq
3,10.0,0.0332005724782574,0.1896507485190306,0.285709204765414,0.2294533077526082,0.0971041387510565,0.2009950229067292,0.0207834692558398,0.1135784173588563,0.2256893210272029,0.0603569505839828,10_sp_aij_10,36656,0.01,10,1083,1,5,seq
4,11.212121212121213,0.0258734217013064,0.1969036960374984,0.3010423005835156,0.2205475972117836,0.1089785396820888,0.2104089136434083,0.033070966372486,0.1116164695969221,0.2255283850130017,0.0616610973898396,10_sp_aij_10,36656,0.01,10,1083,1,5,seq
