,time,species_0,species_1,species_2,species_3,species_4,species_5,species_6,species_7,species_8,species_9,ground_truth,timeseries_id,noise,n_species,did,n_timeseries,n_timepoints,sampling_scheme
0,6.0606060606060606,0.2382263791837015,0.3348335176809049,0.0233557021580142,0.1649809888110351,0.0454211297567983,0.0196230145721583,0.0104247104381743,0.0953828913861032,0.1476753009190157,0.0309248256985464,10_sp_aij_1,36656,0.1,10,813,1,5,seq
1,7.272727272727273,0.2332239112714521,0.2520910435604805,0.0386691496948949,0.1973260859765991,0.0461654089480494,0.017642047759251,0.012471904127912,0.0641400644762565,0.107227239287301,0.0194770054965866,10_sp_aij_1,36656,0.1,10,813,1,5,seq
2,8.484848484848484,0.184743352168798,0.2532873232710319,0.0566906627494952,0.1793718636857499,0.072483008129901,0.0183803056159505,0.0129111418553754,0.0570268970331373,0.0939660977920807,0.017070904765816,10_sp_aij_1,36656,0.1,10,813,1,5,seq
3,10.0,0.1187072831470505,0.2497269956055467,0.0654185318687495,0.1561888190124791,0.1143427677981764,0.0144526097275408,0.012739451403786,0.0556285208020217,0.0980472520494079,0.0100451960115084,10_sp_aij_1,36656,0.1,10,813,1,5,seq
4,11.212121212121213,0.104749891806236,0.1988078051389191,0.0800981960669142,0.084002174073832,0.109755319264589,0.0136291933653718,0.0141518528906786,0.0482725840278808,0.0872508112682298,0.0117971030335467,10_sp_aij_1,36656,0.1,10,813,1,5,seq
