,time,species_0,species_1,species_2,species_3,species_4,species_5,species_6,species_7,species_8,species_9,ground_truth,timeseries_id,noise,n_species,did,n_timeseries,n_timepoints,sampling_scheme
0,0.0,0.04,0.05,0.01,0.02,0.02,0.07,0.01,0.09,0.07,0.03,10_sp_aij_33,36656,0.01,10,14589,2,5,even
1,7.272727272727273,0.1905865740978084,0.1905502001816012,0.0494512727468215,0.0746585157219239,0.1519011048584202,0.0787226408546266,0.0125907852222396,0.171546851684327,0.2534662370840144,0.0750939715534496,10_sp_aij_33,36656,0.01,10,14589,2,5,even
2,14.84848484848485,0.24550404477264,0.2579982326705537,0.1101775879149514,0.1654743751212896,0.1148330035196713,0.0619467819524309,0.0201748149548617,0.1374971892372393,0.3363246123864786,0.1347212897081754,10_sp_aij_33,36656,0.01,10,14589,2,5,even
3,22.424242424242426,0.2695667489750865,0.2919656735782989,0.128701773751558,0.1988447781633935,0.0815192580625136,0.0527096029597249,0.0402128328463051,0.1132070869367219,0.360407091123312,0.1656305289130047,10_sp_aij_33,36656,0.01,10,14589,2,5,even
4,30.0,0.2725117435838642,0.2973167062273603,0.1241533371978517,0.2115765919769928,0.0693280981311761,0.0526118031824564,0.0575113227381302,0.1056011745340617,0.3628435855595774,0.1759351791468353,10_sp_aij_33,36656,0.01,10,14589,2,5,even
5,0.0,0.02,0.02,0.02,0.02,0.04,0.09,0.05,0.04,0.02,0.04,10_sp_aij_33,2369231,0.01,10,14589,2,5,even
6,7.272727272727273,0.1766336755126756,0.1500195451717511,0.049200842456845,0.0507261621101474,0.1817568163037066,0.0854791160304926,0.0359795831958826,0.2178716965553309,0.2236738972243739,0.0558858545683874,10_sp_aij_33,2369231,0.01,10,14589,2,5,even
7,14.84848484848485,0.2347095167746248,0.2383646251688684,0.0991616621994081,0.1425334758093074,0.1180593143747876,0.0667399838034294,0.0279013469686464,0.1500959905407075,0.312381638477254,0.1217299670718555,10_sp_aij_33,2369231,0.01,10,14589,2,5,even
8,22.424242424242426,0.2625444594474604,0.2881943070210734,0.1234557797038274,0.1954220439803651,0.0899486393010943,0.0562492778306896,0.0417955859082615,0.1191647900902196,0.351132050090773,0.1593736715997966,10_sp_aij_33,2369231,0.01,10,14589,2,5,even
9,30.0,0.2794798264208062,0.286234097942242,0.120801690297589,0.2045533017072611,0.0721934628660767,0.049963120203165,0.0548214807579725,0.1088014279282548,0.3535771340522009,0.1778350462909231,10_sp_aij_33,2369231,0.01,10,14589,2,5,even
