,time,species_0,species_1,species_2,species_3,species_4,species_5,species_6,species_7,species_8,species_9,ground_truth,timeseries_id,noise,n_species,did,n_timeseries,n_timepoints,sampling_scheme
0,0.0,0.04,0.05,0.01,0.02,0.02,0.07,0.01,0.09,0.07,0.03,10_sp_aij_8,36656,0.01,10,25920,1,5,even
1,7.272727272727273,0.6707295931862839,1.0112649263282942,0.3867343203712773,0.2490638348322918,0.7802534586980953,0.6416617129521629,0.330776707120776,0.8818918955220738,0.4914384030700007,0.4283621366034158,10_sp_aij_8,36656,0.01,10,25920,1,5,even
2,14.84848484848485,0.9947175436481608,1.874765248903107,0.9542873343042528,0.8172495063583519,1.2916867332332376,1.4366305357491445,0.7983602155252715,1.6437565085729156,1.0660129361520665,0.8726411292584828,10_sp_aij_8,36656,0.01,10,25920,1,5,even
3,22.424242424242426,1.0189530246284972,1.973245241374633,0.9818643754020469,0.8577778448653466,1.3431209011618148,1.504165773516631,0.8212515849490324,1.7117545701842751,1.086898195378334,0.8941898721806878,10_sp_aij_8,36656,0.01,10,25920,1,5,even
4,30.0,1.0276675162750226,1.941950672666244,0.9807935062431506,0.8732759690121683,1.3399868634060494,1.5298411392849256,0.8250167824514745,1.7005156741914438,1.114946870048747,0.8967834844248844,10_sp_aij_8,36656,0.01,10,25920,1,5,even
