,time,species_0,species_1,species_2,species_3,species_4,species_5,species_6,species_7,species_8,species_9,ground_truth,timeseries_id,noise,n_species,did,n_timeseries,n_timepoints,sampling_scheme
0,6.0606060606060606,0.2345299957988401,0.0446465011692561,0.0257982448900633,0.0490699234110049,0.0687453219676996,0.1031255919714041,0.3745112140392255,0.086051301157357,0.1736514418463801,0.2206325154014218,10_sp_aij_16,36656,0.01,10,4323,1,5,seq
1,7.272727272727273,0.2837315313068345,0.0306572369135269,0.0286537962899433,0.0595855458538544,0.0764453710510284,0.1052322296160652,0.4099500107277142,0.0951180084342576,0.2181937452430382,0.2147239076547137,10_sp_aij_16,36656,0.01,10,4323,1,5,seq
2,8.484848484848484,0.3107582165434704,0.0230046246317114,0.033026166971517,0.0722834789954382,0.0889067319643092,0.1062904263715299,0.425709510133762,0.1073136559834576,0.2560792024283849,0.2169059331740257,10_sp_aij_16,36656,0.01,10,4323,1,5,seq
3,10.0,0.3272398129607639,0.0176092629310235,0.0385057222605389,0.0921215032297595,0.1045788475938595,0.1042657094500614,0.4471864058234572,0.1209481424612648,0.2874198219572142,0.2085504229694504,10_sp_aij_16,36656,0.01,10,4323,1,5,seq
4,11.212121212121213,0.3341234886458003,0.0148461537970967,0.0433420603457257,0.1034002305318648,0.1129247994564803,0.1052360992300132,0.4581506450310184,0.1260508566418762,0.3005518437738698,0.2139937277837947,10_sp_aij_16,36656,0.01,10,4323,1,5,seq
