,time,species_0,species_1,species_2,species_3,species_4,species_5,species_6,species_7,species_8,species_9,ground_truth,timeseries_id,noise,n_species,did,n_timeseries,n_timepoints,sampling_scheme
0,0.0,0.04,0.05,0.01,0.02,0.02,0.07,0.01,0.09,0.07,0.03,10_sp_aij_1,36656,0.1,10,811,1,10,even
1,3.333333333333333,0.1616794566264938,0.2726687169800489,0.0103928783791831,0.0759668000903949,0.0212277041074177,0.0230705422428395,0.0118535847903108,0.082370540474295,0.1409997996529283,0.0362609944241918,10_sp_aij_1,36656,0.1,10,811,1,10,even
2,6.666666666666667,0.2835662212649482,0.3279786371192552,0.0261242717792663,0.1553940163806808,0.0484410740321442,0.0171421551982881,0.0109337486168542,0.0783701346826898,0.1489548366887381,0.025630651544431,10_sp_aij_1,36656,0.1,10,811,1,10,even
3,10.0,0.1187072831470505,0.2497269956055467,0.0654185318687495,0.1561888190124791,0.1143427677981764,0.0144526097275408,0.012739451403786,0.0556285208020217,0.0980472520494079,0.0100451960115084,10_sp_aij_1,36656,0.1,10,811,1,10,even
4,13.333333333333334,0.1093738093486046,0.1587605063382484,0.131408439839759,0.1339177080943808,0.1064291090914324,0.0181084833070876,0.0254022576266108,0.0532540452385734,0.1102649833481381,0.0228770023487418,10_sp_aij_1,36656,0.1,10,811,1,10,even
5,16.666666666666668,0.1846888160843403,0.1283602387817491,0.0977260736479151,0.1601844934572478,0.096316443609935,0.0118367760305225,0.0352711369384116,0.0542996901101034,0.1286616931460857,0.0486735194428685,10_sp_aij_1,36656,0.1,10,811,1,10,even
6,20.0,0.218216709720413,0.2290953996986671,0.0980264207994639,0.2000270105239272,0.0936572785559901,0.0200809747013291,0.0830658797708013,0.0550082048191196,0.0971262718925811,0.0283319970613546,10_sp_aij_1,36656,0.1,10,811,1,10,even
7,23.333333333333336,0.180286640245424,0.2328947129320187,0.1321394729883307,0.1848037403895839,0.1287927078804925,0.0215695520570977,0.0843576343701765,0.0441486145347916,0.0819525518851334,0.0294657601876795,10_sp_aij_1,36656,0.1,10,811,1,10,even
8,26.666666666666668,0.2646105242459755,0.1740253304809323,0.0992298825666155,0.1873310175545215,0.2053533708402632,0.0358234226458838,0.0867038601612378,0.0278143091486274,0.0882623241705459,0.047178701942678,10_sp_aij_1,36656,0.1,10,811,1,10,even
9,30.0,0.2267898998237404,0.2043691710537547,0.1028680541567675,0.2635550072108429,0.1259013584396515,0.0763429118180848,0.0602496718648199,0.0255173191107645,0.0769868590282298,0.0608776321245239,10_sp_aij_1,36656,0.1,10,811,1,10,even
