,time,species_0,species_1,species_2,species_3,species_4,species_5,species_6,species_7,species_8,species_9,ground_truth,timeseries_id,noise,n_species,did,n_timeseries,n_timepoints,sampling_scheme
0,0.0,0.04,0.05,0.01,0.02,0.02,0.07,0.01,0.09,0.07,0.03,10_sp_aij_31,36656,0.1,10,13777,1,10,random
1,7.272727272727273,0.049241782413662,0.0969702450854079,0.3650640790150266,0.3831387287557248,0.0035625832177895,0.0717015026032919,0.071999224180957,0.0367260188937629,0.0943043797851641,0.1356571306697298,10_sp_aij_31,36656,0.1,10,13777,1,10,random
2,10.0,0.0509400017422745,0.0743798942202192,0.2815523240404106,0.3507383627035277,0.0036400094656361,0.0548632689755565,0.070781467040433,0.0282161586909935,0.1156193618526672,0.063873230238293,10_sp_aij_31,36656,0.1,10,13777,1,10,random
3,13.636363636363637,0.0883449582390466,0.0432539618428006,0.3648662034787293,0.3134858512983318,0.0035819870493685,0.0865895153702944,0.1229192175530108,0.0191326816034475,0.131640280740427,0.0954558700395494,10_sp_aij_31,36656,0.1,10,13777,1,10,random
4,14.84848484848485,0.1164152619111551,0.0413834660864261,0.3069273483537696,0.3511572291366113,0.0028243292245844,0.0686046754554285,0.1240974916553397,0.0167069071102477,0.1462770203241583,0.0849472265540262,10_sp_aij_31,36656,0.1,10,13777,1,10,random
5,17.272727272727273,0.1544286885195884,0.0279380229052309,0.3134180617869819,0.3537513626154669,0.0026473155462019,0.0814376830753601,0.1055310046816188,0.0140768613790914,0.1722123532121442,0.1157668331244506,10_sp_aij_31,36656,0.1,10,13777,1,10,random
6,20.0,0.1640028622401796,0.0352415471951807,0.2861596064857221,0.3379931622026735,0.0,0.094887980115816,0.138257059540761,0.0145423863514527,0.1323094197054072,0.0648898829106253,10_sp_aij_31,36656,0.1,10,13777,1,10,random
7,23.63636363636364,0.1651203537558982,0.0516116398530194,0.3446739981271023,0.3893796464471564,0.0,0.0630380891577413,0.1050978441890905,0.013158082930685,0.1294868465168381,0.0715239392928958,10_sp_aij_31,36656,0.1,10,13777,1,10,random
8,26.060606060606062,0.1909976860388264,0.0375145237770759,0.2659404342864262,0.3510968623891306,0.0,0.0851174535804557,0.0854001667022051,0.0087955575871039,0.1618944919564822,0.0951813177192549,10_sp_aij_31,36656,0.1,10,13777,1,10,random
9,28.484848484848484,0.1365712878650121,0.0362247210924329,0.2919216234943254,0.4422164610588237,0.0,0.1059122236117534,0.116676038248324,0.0057148891309549,0.1188466179305213,0.0906061845133268,10_sp_aij_31,36656,0.1,10,13777,1,10,random
