,time,species_0,species_1,species_2,species_3,species_4,species_5,species_6,species_7,species_8,species_9,ground_truth,timeseries_id,noise,n_species,did,n_timeseries,n_timepoints,sampling_scheme
0,6.0606060606060606,0.0364702534034831,0.0310603938990909,0.2056848611503124,0.3836710470718852,0.3527333534854259,0.2351158316252375,0.2611652768455514,0.0636180941755775,0.1636678686040717,0.2093218737937134,10_sp_aij_13,36656,0.1,10,2973,1,5,seq
1,7.272727272727273,0.0333437424382754,0.0242609559511559,0.2583428220076004,0.3742185104623491,0.2667541413467634,0.216509784304581,0.2602879208719973,0.0386869460949406,0.1273126393781729,0.1899892960575769,10_sp_aij_13,36656,0.1,10,2973,1,5,seq
2,8.484848484848484,0.0231051524333504,0.0304166937425498,0.242279389339853,0.3105551624052181,0.3247265344809263,0.2030580151374678,0.2168997859871954,0.0323557577595347,0.1241647663682729,0.2238994226211652,10_sp_aij_13,36656,0.1,10,2973,1,5,seq
3,10.0,0.0107421770752382,0.035288844122232,0.212643010107698,0.3585913658294034,0.3931186584055401,0.1797459296568514,0.2207409494377981,0.0303887029879822,0.1222511204713,0.1235810301546976,10_sp_aij_13,36656,0.1,10,2973,1,5,seq
4,11.212121212121213,0.0062069397825989,0.0303863498792995,0.221420831777846,0.2595574568409383,0.3429651217482852,0.220611443911682,0.2277952068916808,0.025364277427483,0.1009284860561737,0.1477504139930669,10_sp_aij_13,36656,0.1,10,2973,1,5,seq
