,time,species_0,species_1,species_2,species_3,species_4,species_5,species_6,species_7,species_8,species_9,ground_truth,timeseries_id,noise,n_species,did,n_timeseries,n_timepoints,sampling_scheme
0,0.0,0.04,0.05,0.01,0.02,0.02,0.07,0.01,0.09,0.07,0.03,10_sp_aij_19,36656,0.1,10,6217,1,10,random
1,7.272727272727273,0.2955111172075141,0.2831723675883998,0.1003201366930956,0.507872120086787,0.0428541749261683,0.0581042987061701,0.5505411050551469,0.3461406316086037,0.5087897119266973,0.0145915128445252,10_sp_aij_19,36656,0.1,10,6217,1,10,random
2,10.0,0.2464734833083394,0.4561386000223714,0.1587235558488426,0.6930033729355851,0.2244627076337265,0.0275271816840695,0.5406583188458295,0.5960212675938147,0.6895515167316298,0.0031396488832929,10_sp_aij_19,36656,0.1,10,6217,1,10,random
3,13.636363636363637,0.3707503363055012,0.3776714133524584,0.1738067112944726,0.6976159743261366,0.3824996176423869,0.0417302648806521,0.8381545927865747,0.7699117790074921,0.7684415776170866,0.0,10_sp_aij_19,36656,0.1,10,6217,1,10,random
4,14.84848484848485,0.451474566647163,0.348617952367667,0.1334178134959972,0.7819509450994195,0.331719770126755,0.0382386350590543,0.6752217704294727,0.6895673871995918,0.7966621653765045,0.0,10_sp_aij_19,36656,0.1,10,6217,1,10,random
5,17.272727272727273,0.4190937940064333,0.3042963751625366,0.0799730614097243,0.6753077048498732,0.3352018271333609,0.0565262467606104,0.7393163705393619,0.6860335572721272,0.6523430988047045,0.0,10_sp_aij_19,36656,0.1,10,6217,1,10,random
6,20.0,0.4025509115548819,0.2803954898038432,0.0703174713432246,0.649491934743821,0.2857565843063631,0.0923006066401152,0.725723949496454,0.6523837647665237,0.6023868707924019,0.0,10_sp_aij_19,36656,0.1,10,6217,1,10,random
7,23.63636363636364,0.3711650905173504,0.4474589767163837,0.1139221951237209,0.7819960514620946,0.3193014265837302,0.0518411157380072,0.6916903615325558,0.7559352627172561,0.6257873886824594,0.0,10_sp_aij_19,36656,0.1,10,6217,1,10,random
8,26.060606060606062,0.3805778844152687,0.2757547138751396,0.0935836128740975,0.715796261082296,0.4594354911320343,0.0717215151010378,0.5999214751282843,0.7127640968543116,0.7681407116845319,0.0,10_sp_aij_19,36656,0.1,10,6217,1,10,random
9,28.484848484848484,0.3129917202198783,0.2809591145775965,0.0708864674662802,0.8032470149623312,0.3319140452991896,0.0858731145790418,0.6791047471497709,0.7206955352828048,0.5353973629395208,0.0,10_sp_aij_19,36656,0.1,10,6217,1,10,random
