,time,species_0,species_1,species_2,species_3,species_4,species_5,species_6,species_7,species_8,species_9,ground_truth,timeseries_id,noise,n_species,did,n_timeseries,n_timepoints,sampling_scheme
0,0.0,0.04,0.05,0.01,0.02,0.02,0.07,0.01,0.09,0.07,0.03,10_sp_aij_41,36656,0.01,10,19449,2,5,even
1,7.272727272727273,0.1345986891498611,0.1376102666679098,0.2985526742607298,0.0214232951631257,0.0439585931319997,0.2387900606782209,0.1694562703616076,0.1918749135942203,0.1843503157683506,0.4540262055664449,10_sp_aij_41,36656,0.01,10,19449,2,5,even
2,14.84848484848485,0.1512297978289446,0.2254041465235174,0.100367252108922,0.0328563423459511,0.1308967661809811,0.1011462870891196,0.2750379163542833,0.1531288857746107,0.0787505014444829,0.3866342743837626,10_sp_aij_41,36656,0.01,10,19449,2,5,even
3,22.424242424242426,0.1590757274262001,0.1897513323088693,0.0407669571895842,0.0655168870064072,0.1122015040736847,0.0630863834700157,0.2754983355187548,0.1229878468052458,0.0522098364204799,0.3673151602565723,10_sp_aij_41,36656,0.01,10,19449,2,5,even
4,30.0,0.1573681796093257,0.1682538032959872,0.0257325344114415,0.0760127410188537,0.0935960776164568,0.0593434400519265,0.2660937495340935,0.1166914981587324,0.050267191709007,0.3695100680910572,10_sp_aij_41,36656,0.01,10,19449,2,5,even
5,0.0,0.02,0.02,0.02,0.02,0.04,0.09,0.05,0.04,0.02,0.04,10_sp_aij_41,2369231,0.01,10,19449,2,5,even
6,7.272727272727273,0.1098834885193747,0.1200014391179039,0.2894943353677808,0.0204354834307804,0.05465356781565,0.2124249403768791,0.1476923534279779,0.2162528768599977,0.1855483063303528,0.4215991278900892,10_sp_aij_41,2369231,0.01,10,19449,2,5,even
7,14.84848484848485,0.1576683796136727,0.2206428321223762,0.1023462575753041,0.03405160290536,0.1302187483585505,0.1059375359178608,0.278558320486261,0.1563146527389369,0.0796992870034482,0.396816730898508,10_sp_aij_41,2369231,0.01,10,19449,2,5,even
8,22.424242424242426,0.1573166063397303,0.1956438233243415,0.0397428232381458,0.066014869403062,0.1169355296245485,0.0625121703173671,0.2789234129276656,0.1242270251811715,0.0497753386723774,0.3659511321029692,10_sp_aij_41,2369231,0.01,10,19449,2,5,even
9,30.0,0.1672692978723051,0.1620860786510636,0.023208268029468,0.074687527525237,0.0960772055089402,0.0546880301762894,0.2724726726481301,0.1122149465546485,0.0474571353471802,0.3777614153197292,10_sp_aij_41,2369231,0.01,10,19449,2,5,even
