,time,species_0,species_1,species_2,species_3,species_4,species_5,species_6,species_7,species_8,species_9,ground_truth,timeseries_id,noise,n_species,did,n_timeseries,n_timepoints,sampling_scheme
0,6.0606060606060606,0.3345359933963885,0.1169209146027552,0.0856381347432231,0.0425509532619256,0.0123456112367443,0.0860748247656756,0.063490489837323,0.0750056351316528,0.0662277767020824,0.105938891646182,10_sp_aij_6,36656,0.1,10,25113,1,5,seq
1,7.272727272727273,0.3338619546510403,0.0882019970392619,0.1103819944778996,0.0533274826633218,0.0074611474136964,0.0730832970615256,0.0859789582072507,0.0608596199580659,0.0476509346479497,0.0877275186032648,10_sp_aij_6,36656,0.1,10,25113,1,5,seq
2,8.484848484848484,0.2801704402149407,0.0843462100677284,0.1196156090634279,0.0564988724623177,0.0070821058728585,0.0694414518702489,0.0877302437624049,0.0659486287288943,0.0425828707243221,0.0909914864537566,10_sp_aij_6,36656,0.1,10,25113,1,5,seq
3,10.0,0.206991244903666,0.0737387500432847,0.1216488398412087,0.0558363875160842,0.0092748456689877,0.062532738828605,0.0853603504399278,0.0729206815098763,0.0445766045726269,0.0504732572588243,10_sp_aij_6,36656,0.1,10,25113,1,5,seq
4,11.212121212121213,0.1961894577278818,0.0579980735352542,0.1434593550869092,0.0304461718854311,0.0088506169166879,0.0706339735299433,0.0904676096325373,0.0655888283476745,0.0390421230736413,0.0590886458605716,10_sp_aij_6,36656,0.1,10,25113,1,5,seq
