,time,species_0,species_1,species_2,species_3,species_4,species_5,species_6,species_7,species_8,species_9,ground_truth,timeseries_id,noise,n_species,did,n_timeseries,n_timepoints,sampling_scheme
0,0.0,0.04,0.05,0.01,0.02,0.02,0.07,0.01,0.09,0.07,0.03,10_sp_aij_32,36656,0.01,10,14049,2,5,even
1,7.272727272727273,0.2286792743738756,0.2615607104027579,0.2596686841241337,0.2539379651493937,0.070459817164137,0.1204265395995102,0.034498654576426,0.4686354784038912,0.249358805016741,0.1964948230333334,10_sp_aij_32,36656,0.01,10,14049,2,5,even
2,14.84848484848485,0.2128887561955985,0.2548107277518095,0.2488808144418664,0.2403562598093121,0.0687304882461374,0.1357619271807034,0.0551177099534512,0.4773859785080256,0.2463333757113008,0.2190328610210236,10_sp_aij_32,36656,0.01,10,14049,2,5,even
3,22.424242424242426,0.2185564666311959,0.258864845545084,0.2560483279290261,0.2405219584958962,0.0691542220252723,0.1329194654996897,0.0616880461796888,0.4862120403221628,0.2432321297593106,0.2169509997080482,10_sp_aij_32,36656,0.01,10,14049,2,5,even
4,30.0,0.2159280969727343,0.260222659968756,0.2467722791985495,0.2493114225490955,0.0719696243225323,0.1346911411806558,0.0597011819207155,0.4836378367916345,0.2444621003476961,0.218196866036648,10_sp_aij_32,36656,0.01,10,14049,2,5,even
5,0.0,0.02,0.02,0.02,0.02,0.04,0.09,0.05,0.04,0.02,0.04,10_sp_aij_32,2369231,0.01,10,14049,2,5,even
6,7.272727272727273,0.1686042962644205,0.2388939760430581,0.216638234921613,0.2801848616633172,0.106826845475894,0.108998728794661,0.051076384786255,0.5078029077339234,0.2588206981964117,0.1939952698691298,10_sp_aij_32,2369231,0.01,10,14049,2,5,even
7,14.84848484848485,0.2234720877341374,0.2556126436387241,0.254873962816072,0.2428225881861097,0.0692422428506067,0.1354728680834785,0.0599664948487782,0.4978777312279121,0.243740101328666,0.2221817197107307,10_sp_aij_32,2369231,0.01,10,14049,2,5,even
8,22.424242424242426,0.2176405410524365,0.2628568888635847,0.2546831235298044,0.2477478633176441,0.0731734199392664,0.1318806041391126,0.0610336060023352,0.4860713037779415,0.2411977368459372,0.2153849149935998,10_sp_aij_32,2369231,0.01,10,14049,2,5,even
9,30.0,0.2293003388597047,0.2524543215981352,0.2463262375968178,0.2419437662398136,0.074060394150719,0.1297935833484514,0.0598101912415023,0.4829715551579961,0.2357176971607725,0.2217014279130742,10_sp_aij_32,2369231,0.01,10,14049,2,5,even
