,time,species_0,species_1,species_2,species_3,species_4,species_5,species_6,species_7,species_8,species_9,ground_truth,timeseries_id,noise,n_species,did,n_timeseries,n_timepoints,sampling_scheme
0,13.636363636363637,0.0095867180599096,0.0817576381693146,0.0230549632552463,0.0224324148150802,0.1471484531251624,0.129226431536709,0.3138926124667816,0.238682892255375,0.0231760197794993,0.0402783001041842,10_sp_aij_17,36656,0.1,10,5136,1,5,random
1,18.484848484848484,0.0216527026590283,0.092962211469502,0.015776009856013,0.0153790518975134,0.1290159214634182,0.1276694834245243,0.2767647715358913,0.2703945630543868,0.0151283962117182,0.0540143331734892,10_sp_aij_17,36656,0.1,10,5136,1,5,random
2,22.424242424242426,0.0377839472112925,0.0767933307936523,0.0248079717989067,0.0110081835858106,0.1130269147553171,0.086461497508275,0.2482477963807204,0.2317656411415042,0.0087932152512305,0.0306249862853517,10_sp_aij_17,36656,0.1,10,5136,1,5,random
3,26.060606060606062,0.0440746175710212,0.0803772573515403,0.0338900324556807,0.0093385762430707,0.1917915360479805,0.0935728387294568,0.2330161578005535,0.1998568431785588,0.0080451776573912,0.0693709862080343,10_sp_aij_17,36656,0.1,10,5136,1,5,random
4,30.0,0.0350787747460927,0.0888745107743599,0.0451534681771384,0.0233359795419543,0.1060440619248523,0.133083212147675,0.1914043259618741,0.1855064286145518,0.0067084667672451,0.0882109438201628,10_sp_aij_17,36656,0.1,10,5136,1,5,random
