,time,species_0,species_1,species_2,species_3,species_4,species_5,species_6,species_7,species_8,species_9,ground_truth,timeseries_id,noise,n_species,did,n_timeseries,n_timepoints,sampling_scheme
0,0.0,0.04,0.05,0.01,0.02,0.02,0.07,0.01,0.09,0.07,0.03,10_sp_aij_2,36656,0.01,10,6489,2,5,even
1,7.272727272727273,0.0470108119950588,0.0461478035898651,0.1721890252512468,0.0317529961902655,0.0536866317227912,0.1314443932343146,0.0638173964137176,0.2503844841657491,0.0571706423930587,0.0659421150881355,10_sp_aij_2,36656,0.01,10,6489,2,5,even
2,14.84848484848485,0.0279433413878279,0.0515535838421616,0.2243983734951574,0.0301446177328421,0.0528322362848213,0.1534252481740437,0.1705430383243324,0.2887650659446942,0.0797808952548375,0.032555487739925,10_sp_aij_2,36656,0.01,10,6489,2,5,even
3,22.424242424242426,0.0229367864572926,0.0450763689416667,0.2222401948341471,0.0258143153643034,0.0509255529652536,0.1591736970151161,0.1796490760607094,0.2992426914785758,0.1020915798894142,0.019996029939823,10_sp_aij_2,36656,0.01,10,6489,2,5,even
4,30.0,0.0197093328323476,0.0413214017724381,0.2161954952652186,0.0251547264086754,0.0512755739096271,0.1647502187010925,0.179044926323346,0.2986362197349632,0.1048947277209651,0.0162630960279399,10_sp_aij_2,36656,0.01,10,6489,2,5,even
5,0.0,0.02,0.02,0.02,0.02,0.04,0.09,0.05,0.04,0.02,0.04,10_sp_aij_2,2369231,0.01,10,6489,2,5,even
6,7.272727272727273,0.0434473597976287,0.034114539486261,0.1993765553563394,0.0335513988639834,0.059078463477519,0.1316879204247913,0.1171692763989601,0.268614948632585,0.075367199720527,0.0513796777078687,10_sp_aij_2,2369231,0.01,10,6489,2,5,even
7,14.84848484848485,0.0271253862200336,0.0427597144116605,0.2221387971633836,0.028445325229448,0.0524139474896184,0.1605610685180036,0.1766254788970084,0.3045092729739305,0.1005019068590119,0.0280672918562783,10_sp_aij_2,2369231,0.01,10,6489,2,5,even
8,22.424242424242426,0.0216724025067351,0.0435578767793159,0.2207502064810958,0.0238946097087028,0.0534378159351957,0.1584505944424664,0.1828681833243919,0.3029902417760818,0.1037730323931465,0.0194288880927832,10_sp_aij_2,2369231,0.01,10,6489,2,5,even
9,30.0,0.0198541862458008,0.0403530088144293,0.2156124351544569,0.0225268561230014,0.0554229444990562,0.1590120191883209,0.1836068986839833,0.3002201084498759,0.1017057510814115,0.0151221235414062,10_sp_aij_2,2369231,0.01,10,6489,2,5,even
