,time,species_0,species_1,species_2,species_3,species_4,species_5,species_6,species_7,species_8,species_9,ground_truth,timeseries_id,noise,n_species,did,n_timeseries,n_timepoints,sampling_scheme
0,0.0,0.04,0.05,0.01,0.02,0.02,0.07,0.01,0.09,0.07,0.03,10_sp_aij_9,36656,0.1,10,26731,1,10,even
1,3.333333333333333,0.0317453725061427,0.0955186890545371,0.0276207651808988,0.0243253911934017,0.0126311480678171,0.0497569374219586,0.0256657228058295,0.0544893332091236,0.0561862738531444,0.0419502781053103,10_sp_aij_9,36656,0.1,10,26731,1,10,even
2,6.666666666666667,0.0245953217179237,0.1136868659448951,0.0857776536350931,0.023252138746776,0.0089939859779393,0.056501348507635,0.040447733221697,0.0667597119091203,0.0421757142763981,0.0744947811116992,10_sp_aij_9,36656,0.1,10,26731,1,10,even
3,10.0,0.0057360810505133,0.0744684062016168,0.1214019509752926,0.0217479019741136,0.0114186023064641,0.0415387159794628,0.0543409220875225,0.0848529043877792,0.0249702124890912,0.0393522099558008,10_sp_aij_9,36656,0.1,10,26731,1,10,even
4,13.333333333333334,0.0,0.0412374140728662,0.1901075962585844,0.0157625016268376,0.0169932818901833,0.0526367578510111,0.0923388024919624,0.114533592640392,0.0241597584867399,0.0613561167934273,10_sp_aij_9,36656,0.1,10,26731,1,10,even
5,16.666666666666668,0.0,0.0193267381123849,0.1026089180905864,0.0129953647308154,0.0181888565464567,0.039112280434002,0.0811512162576612,0.1162523164385652,0.0414521025587173,0.1144380839555145,10_sp_aij_9,36656,0.1,10,26731,1,10,even
6,20.0,0.0,0.0261733125362148,0.074101145460086,0.011594906798183,0.0110757416260207,0.0596415747468258,0.144610248288138,0.110055907296902,0.0412465285057929,0.0922735742413755,10_sp_aij_9,36656,0.1,10,26731,1,10,even
7,23.333333333333336,0.0,0.02488215431416,0.0940697689776128,0.0104589770213731,0.010751571933591,0.042557983793986,0.1210375092752838,0.0976855632491319,0.0435416972577652,0.1209081805479997,10_sp_aij_9,36656,0.1,10,26731,1,10,even
8,26.666666666666668,0.0,0.0191164011131715,0.0662369653490792,0.0095637976381911,0.0190721531801177,0.0625058692185309,0.1093114083124888,0.0770139053245602,0.0421869414559993,0.1586496932495637,10_sp_aij_9,36656,0.1,10,26731,1,10,even
9,30.0,0.0,0.0172423615760744,0.0573513886953889,0.0147156645450804,0.0108021236511449,0.0987760378644533,0.0935850668911661,0.081772257897164,0.0280842922807577,0.144891213215927,10_sp_aij_9,36656,0.1,10,26731,1,10,even
