,time,species_0,species_1,species_2,species_3,species_4,species_5,species_6,species_7,species_8,species_9,ground_truth,timeseries_id,noise,n_species,did,n_timeseries,n_timepoints,sampling_scheme
0,6.0606060606060606,0.123599721421528,0.3764317940318386,0.0486194497931087,0.0942295793947536,0.1514240353813751,0.189656809086244,0.0165145988676759,0.1951878803734725,0.2205068182663917,0.0481729633254288,10_sp_aij_38,36656,0.1,10,17553,1,5,seq
1,7.272727272727273,0.1401695124811041,0.2909917691776864,0.0530584032549944,0.0930663380260153,0.1313886122874795,0.1743009687218954,0.0187100803497168,0.1609584435942044,0.1759597679459577,0.0451988441136947,10_sp_aij_38,36656,0.1,10,17553,1,5,seq
2,8.484848484848484,0.124533501717657,0.3085149312743278,0.0581387654570893,0.0839052803482769,0.1771801910673538,0.1640012835277295,0.0176811303480845,0.1709360794701152,0.1708814714408097,0.052604221588186,10_sp_aij_38,36656,0.1,10,17553,1,5,seq
3,10.0,0.0757016824611931,0.3307603287274669,0.0612727587648386,0.0822752844158734,0.2216923462093665,0.1285516177271715,0.018302547695994,0.186068301675873,0.1852498730983878,0.0275296690619759,10_sp_aij_38,36656,0.1,10,17553,1,5,seq
4,11.212121212121213,0.0638444243690025,0.2686799350127315,0.079235349708509,0.0490451544174992,0.1874677292019842,0.1382491535444218,0.0222010028608225,0.1687927401095399,0.1673881896882907,0.0300446582019151,10_sp_aij_38,36656,0.1,10,17553,1,5,seq
