,time,species_0,species_1,species_2,species_3,species_4,species_5,species_6,species_7,species_8,species_9,ground_truth,timeseries_id,noise,n_species,did,n_timeseries,n_timepoints,sampling_scheme
0,0.0,0.04,0.05,0.01,0.02,0.02,0.07,0.01,0.09,0.07,0.03,10_sp_aij_48,36656,0.01,10,23229,2,5,even
1,7.272727272727273,0.1432914248596972,0.0711117458235332,0.0035683597133003,0.102793839545696,0.2954913900549158,0.1433828862692194,0.3022204659661248,0.3050344363674611,0.0925437680270287,0.155429296714796,10_sp_aij_48,36656,0.01,10,23229,2,5,even
2,14.84848484848485,0.1898222961343277,0.0237699472560074,0.0,0.1136710735380631,0.3177495876057148,0.1049771288109071,0.2831732266265492,0.2846386268203685,0.1493778522867142,0.1303186716712765,10_sp_aij_48,36656,0.01,10,23229,2,5,even
3,22.424242424242426,0.207133913581811,0.0226107703098782,0.0,0.1113652801225586,0.311978909896466,0.1013338117240712,0.2636873491456236,0.2513526131014527,0.1703239164935149,0.1372785323408318,10_sp_aij_48,36656,0.01,10,23229,2,5,even
4,30.0,0.2184468603458869,0.027067658560771,0.0,0.1191376473601988,0.3135863508036476,0.1067954378344387,0.2564605589567673,0.2421872829103273,0.1779133814700641,0.1474607222224584,10_sp_aij_48,36656,0.01,10,23229,2,5,even
5,0.0,0.02,0.02,0.02,0.02,0.04,0.09,0.05,0.04,0.02,0.04,10_sp_aij_48,2369231,0.01,10,23229,2,5,even
6,7.272727272727273,0.1004822174710543,0.0421738839101981,0.0070678749052702,0.1124355808405929,0.3212926836785122,0.1167376716648372,0.32403372275143,0.3582945657168537,0.0714707971885771,0.1220349597218794,10_sp_aij_48,2369231,0.01,10,23229,2,5,even
7,14.84848484848485,0.1801887433082251,0.0173595488444792,0.0042403297591363,0.1092855427910648,0.3161489478005126,0.1001338789027019,0.2842825338908382,0.2950187005671497,0.1408890422030369,0.1242138038539524,10_sp_aij_48,2369231,0.01,10,23229,2,5,even
8,22.424242424242426,0.1991693950684218,0.0189420120030539,0.0047707826941287,0.1125145277697213,0.3238187695409633,0.0987259368880461,0.2694303804223544,0.258439725152381,0.1646466082147287,0.1332043391945284,10_sp_aij_48,2369231,0.01,10,23229,2,5,even
9,30.0,0.2213455193782259,0.0229864840379488,0.0057322329449443,0.1090609918694486,0.3182468055107899,0.0993905629905395,0.2584137831403211,0.2433572404890799,0.1732675891485212,0.1445048727082054,10_sp_aij_48,2369231,0.01,10,23229,2,5,even
