,time,species_0,species_1,species_2,species_3,species_4,species_5,species_6,species_7,species_8,species_9,ground_truth,timeseries_id,noise,n_species,did,n_timeseries,n_timepoints,sampling_scheme
0,13.636363636363637,0.1981542394934492,0.0529342545572988,0.562325591482783,0.1966206467353784,0.021724666326278,0.4208709408813988,0.0,0.5305217511440139,0.7129703514170671,0.528103612026286,10_sp_aij_46,36656,0.1,10,22416,1,5,random
1,18.484848484848484,0.3242476050412994,0.0276082070355487,0.5290822512364418,0.241251732076734,0.0088264326339508,0.4663308001239859,0.0,0.6204086673569077,0.7553115857280435,0.5445547379864762,10_sp_aij_46,36656,0.1,10,22416,1,5,random
2,22.424242424242426,0.2997605857077637,0.0104149782544866,0.6554156498099292,0.2233378513979299,0.0065413392611876,0.3876628139318087,0.0,0.5432443887788033,0.7401551834853541,0.5188820583951012,10_sp_aij_46,36656,0.1,10,22416,1,5,random
3,26.060606060606062,0.3795943753970289,0.0071180876362681,0.4975628478437754,0.2632815404008558,0.0102836769840086,0.4349548047082493,0.0,0.5663250656418977,0.9633152364085968,0.7882845692219453,10_sp_aij_46,36656,0.1,10,22416,1,5,random
4,30.0,0.3509493073376247,0.0044847711484071,0.5620003619395005,0.3239721881209065,0.0055554533556671,0.4531503791868874,0.0,0.5857259414081051,0.901399562268968,0.545752757578629,10_sp_aij_46,36656,0.1,10,22416,1,5,random
