,time,species_0,species_1,species_2,species_3,species_4,species_5,species_6,species_7,species_8,species_9,ground_truth,timeseries_id,noise,n_species,did,n_timeseries,n_timepoints,sampling_scheme
0,6.0606060606060606,0.2124645944766919,0.1220358905058138,0.0812382630021632,0.1927142712588697,0.2598331370341941,0.0598737415770038,0.2456277322144973,0.0334777479043385,0.1228234736883813,0.0989161591566335,10_sp_aij_30,36656,0.01,10,12963,1,5,seq
1,7.272727272727273,0.2157102667550267,0.1412939540413829,0.0897080984381726,0.2207454804333133,0.2559717918102194,0.0511152126194256,0.2633248158374566,0.0281709772063382,0.1305454432866243,0.1142514705682088,10_sp_aij_30,36656,0.01,10,12963,1,5,seq
2,8.484848484848484,0.2114082838730555,0.1637761073574079,0.0923773014024575,0.2339650513202603,0.2641510467167973,0.0443178000978062,0.2753177651871089,0.0260394928214514,0.140126547299206,0.1259993597532806,10_sp_aij_30,36656,0.01,10,12963,1,5,seq
3,10.0,0.2065746690249578,0.190272019446325,0.0907908277633784,0.2442673402422555,0.2752705820176268,0.0383578476256723,0.2945447549744947,0.0250619510269218,0.1494828918064151,0.1260984682202554,10_sp_aij_30,36656,0.01,10,12963,1,5,seq
4,11.212121212121213,0.2068959866185272,0.1994574930419326,0.089914943214381,0.2388134310922776,0.2743556633002065,0.0364825374833787,0.3076364363577946,0.0237216796184502,0.1525493032922109,0.1307734951139686,10_sp_aij_30,36656,0.01,10,12963,1,5,seq
