,time,species_0,species_1,species_2,species_3,species_4,species_5,species_6,species_7,species_8,species_9,ground_truth,timeseries_id,noise,n_species,did,n_timeseries,n_timepoints,sampling_scheme
0,0.0,0.04,0.05,0.01,0.02,0.02,0.07,0.01,0.09,0.07,0.03,10_sp_aij_48,36656,0.1,10,23490,1,5,even
1,7.272727272727273,0.1483975905782036,0.0834303092173933,0.00305660854592,0.0998942888059108,0.194571600905989,0.1537742925282319,0.2797110409978773,0.2311959248012175,0.0771507102001302,0.1622945726542133,10_sp_aij_48,36656,0.1,10,23490,1,5,even
2,14.84848484848485,0.0785879140428381,0.013807608104002,0.0,0.1212473087324418,0.2659925439281448,0.1062359620848155,0.3418191379520559,0.320523789221331,0.0852888855442322,0.1118739160918006,10_sp_aij_48,36656,0.1,10,23490,1,5,even
3,22.424242424242426,0.1448337963831621,0.0051381598089853,0.0,0.1102500048254193,0.2599313456376472,0.0879846787073278,0.2511192302406471,0.249166352816868,0.1481156001871845,0.0915208323491136,10_sp_aij_48,36656,0.1,10,23490,1,5,even
4,30.0,0.1894770357209242,0.0083103070943213,0.0,0.1802972297952207,0.2755537485466705,0.1201860095632523,0.2170931311524898,0.2078172645181367,0.1764861816952861,0.1522478389083644,10_sp_aij_48,36656,0.1,10,23490,1,5,even
