,time,species_0,species_1,species_2,species_3,species_4,species_5,species_6,species_7,species_8,species_9,ground_truth,timeseries_id,noise,n_species,did,n_timeseries,n_timepoints,sampling_scheme
0,13.636363636363637,0.2949064947494456,0.0857379324085542,0.251724523275592,0.2667737054805552,0.159211156294544,0.0231631611562444,0.269388909692186,0.1736905284085352,0.3746482364277451,0.273228778129825,10_sp_aij_37,36656,0.1,10,17016,1,5,random
1,18.484848484848484,0.3647690063115018,0.1553938172409528,0.1925782504315142,0.3496282406243198,0.1478403840103689,0.0175037637030103,0.2691890810339964,0.2131767218194589,0.4007292500070661,0.2622507846998655,10_sp_aij_37,36656,0.1,10,17016,1,5,random
2,22.424242424242426,0.3473051300888864,0.1650852392130027,0.2361712698534761,0.3398411743531808,0.1050366864216991,0.0234123335170744,0.2290632445926862,0.1788689145427661,0.3736451524288571,0.1971692239715753,10_sp_aij_37,36656,0.1,10,17016,1,5,random
3,26.060606060606062,0.394711825142731,0.169387552986595,0.1612006307162566,0.3661534785552622,0.1744549072178349,0.0301213565149654,0.2166932872451178,0.1693329006961074,0.4346407042446982,0.3113199474987329,10_sp_aij_37,36656,0.1,10,17016,1,5,random
4,30.0,0.306186975476403,0.1443279582757463,0.1980308959237392,0.4007421983017352,0.1640072572767053,0.0450058887778932,0.206380474987537,0.1774269092060756,0.3680222605367175,0.2431087128770752,10_sp_aij_37,36656,0.1,10,17016,1,5,random
