,time,species_0,species_1,species_2,species_3,species_4,species_5,species_6,species_7,species_8,species_9,ground_truth,timeseries_id,noise,n_species,did,n_timeseries,n_timepoints,sampling_scheme
0,0.0,0.04,0.05,0.01,0.02,0.02,0.07,0.01,0.09,0.07,0.03,10_sp_aij_15,36656,0.01,10,3789,2,5,even
1,7.272727272727273,0.1154253783110187,0.1048785987301193,0.0117076209815102,0.1033880944410675,0.054259797127618,0.1493231654574034,0.0997551326086922,0.1562809548987463,0.1448500272023406,0.0494256605862608,10_sp_aij_15,36656,0.01,10,3789,2,5,even
2,14.84848484848485,0.1079419550928996,0.1172064507068288,0.0179198116139405,0.1061559695599875,0.0925826917457136,0.1671271788336063,0.1973041994232856,0.122429986940315,0.1996915033671479,0.0636625620580556,10_sp_aij_15,36656,0.01,10,3789,2,5,even
3,22.424242424242426,0.1184866245160032,0.1117709893631955,0.0274746606585855,0.0943503563736449,0.1007781099623854,0.1475421992983079,0.1903102927207626,0.1101887428891402,0.1899456900324983,0.065278195060409,10_sp_aij_15,36656,0.01,10,3789,2,5,even
4,30.0,0.1178188208164012,0.1080658301391907,0.0319004486270227,0.0929285415542953,0.100023794789753,0.1424602137970732,0.1780509057604938,0.1117791415953364,0.1823512868746311,0.0702198946435221,10_sp_aij_15,36656,0.01,10,3789,2,5,even
5,0.0,0.02,0.02,0.02,0.02,0.04,0.09,0.05,0.04,0.02,0.04,10_sp_aij_15,2369231,0.01,10,3789,2,5,even
6,7.272727272727273,0.1262590175024671,0.0828033390903258,0.0196372353409527,0.1173532116588601,0.0502133430432413,0.1694578830986467,0.1613443367670932,0.1620460899427135,0.1419194069088566,0.0412294407658133,10_sp_aij_15,2369231,0.01,10,3789,2,5,even
7,14.84848484848485,0.1167347829926133,0.1281527096913007,0.0184092104129686,0.1148291268368851,0.0917097784361179,0.1757822776444499,0.2052853467395176,0.1248462130976801,0.2024034007444746,0.063768947459527,10_sp_aij_15,2369231,0.01,10,3789,2,5,even
8,22.424242424242426,0.1167190916386232,0.11413543549488,0.0258362172424682,0.095827560593649,0.1061318297880539,0.1455885124522528,0.1903662452148286,0.1115127339130444,0.1894609704274118,0.068385181667209,10_sp_aij_15,2369231,0.01,10,3789,2,5,even
9,30.0,0.126321243540522,0.1051374893086846,0.029866348957609,0.0878620635314226,0.1049724170167401,0.1341009779219995,0.1764085589184438,0.1099375901276438,0.1765406400030838,0.070466114604448,10_sp_aij_15,2369231,0.01,10,3789,2,5,even
