,time,species_0,species_1,species_2,species_3,species_4,species_5,species_6,species_7,species_8,species_9,ground_truth,timeseries_id,noise,n_species,did,n_timeseries,n_timepoints,sampling_scheme
0,0.0,0.04,0.05,0.01,0.02,0.02,0.07,0.01,0.09,0.07,0.03,10_sp_aij_13,36656,0.1,10,2979,2,5,even
1,7.272727272727273,0.0333437424382754,0.0242609559511559,0.2583428220076004,0.3742185104623491,0.2667541413467634,0.216509784304581,0.2602879208719973,0.0386869460949406,0.1273126393781729,0.1899892960575769,10_sp_aij_13,36656,0.1,10,2979,2,5,even
2,14.84848484848485,0.0,0.0285915882593283,0.2302542474465667,0.3436300431244098,0.2635038278787601,0.2146666356004651,0.2346115285352704,0.0186377716491219,0.1556577251266545,0.1820355255579564,10_sp_aij_13,36656,0.1,10,2979,2,5,even
3,22.424242424242426,0.0,0.0279738420220084,0.2641967006303143,0.3373801267173107,0.2642969530155402,0.2032445912379701,0.1954971080888995,0.0145606169038892,0.1682168692516541,0.1603461572460464,10_sp_aij_13,36656,0.1,10,2979,2,5,even
4,30.0,0.0,0.0333736904610353,0.2329388795397838,0.3729500521515367,0.2267748144641173,0.2125539200834828,0.1455536356694412,0.0067698770897529,0.1447146998177486,0.2382007908362829,10_sp_aij_13,36656,0.1,10,2979,2,5,even
5,0.0,0.02,0.02,0.02,0.02,0.04,0.09,0.05,0.04,0.02,0.04,10_sp_aij_13,2369231,0.1,10,2979,2,5,even
6,7.272727272727273,0.026528163476635,0.0204992755069734,0.1964414274889722,0.3224747280319252,0.3934025231870305,0.2181709497304468,0.2066280481448554,0.0765512394077373,0.1475951886647114,0.1409621760935279,10_sp_aij_13,2369231,0.1,10,2979,2,5,even
7,14.84848484848485,0.0098804503070011,0.0192375096391975,0.3001153932417184,0.3624802865784081,0.2721244309663113,0.2335262578262062,0.2469297908968447,0.0353585608573221,0.1593194887962575,0.2567892429307363,10_sp_aij_13,2369231,0.1,10,2979,2,5,even
8,22.424242424242426,0.0091416560089518,0.0547086634612965,0.253686570270764,0.4168640821490362,0.3668885804683513,0.167752820606599,0.2196781632645093,0.0205738321121006,0.1177903798846859,0.1902595437178495,10_sp_aij_13,2369231,0.1,10,2979,2,5,even
9,30.0,0.0227835518444745,0.0241590171541769,0.1677360041100236,0.3691611023854023,0.32700030942523,0.1745255677900131,0.1928949791456333,0.0141237078578689,0.1007269116681012,0.300789229426603,10_sp_aij_13,2369231,0.1,10,2979,2,5,even
