,time,species_0,species_1,species_2,species_3,species_4,species_5,species_6,species_7,species_8,species_9,ground_truth,timeseries_id,noise,n_species,did,n_timeseries,n_timepoints,sampling_scheme
0,13.636363636363637,0.800600482003191,1.5640516887214997,0.906757344121313,0.6933605247075504,0.9739985607774528,1.3398298610570842,0.7690798249703559,1.3195405393386854,0.9213201423134432,0.791789839747146,10_sp_aij_8,36656,0.1,10,26196,1,5,random
1,18.484848484848484,0.9991126938574312,2.551123468050882,1.0296958925748283,0.9354073915723786,1.2610930810809515,1.6035003082683492,0.8861524424878522,1.616185257439671,1.2117809632868553,0.8924767632923812,10_sp_aij_8,36656,0.1,10,26196,1,5,random
2,22.424242424242426,0.8520798140483805,1.9664709805373872,0.9770469856803168,0.879891281948001,1.10100628875205,1.3311097537617806,0.6660824661077125,1.5636407618432049,0.9781015974321964,0.7362245590203782,10_sp_aij_8,36656,0.1,10,26196,1,5,random
3,26.060606060606062,0.9306077014538616,1.8965994269216624,0.7455633361282228,1.0265242884394965,1.6467814664545977,1.4286873264921702,0.6926880678854653,1.5595509078211969,1.2669785673074527,1.0450708426471205,10_sp_aij_8,36656,0.1,10,26196,1,5,random
4,30.0,0.9223293723135992,1.682872790559136,0.9591833757431756,1.0405215242403525,1.0864290236303225,1.592027873691127,0.7088252009644469,1.452204270528534,1.2533083338940485,0.7701149500896171,10_sp_aij_8,36656,0.1,10,26196,1,5,random
