,time,species_0,species_1,species_2,species_3,species_4,species_5,species_6,species_7,species_8,species_9,ground_truth,timeseries_id,noise,n_species,did,n_timeseries,n_timepoints,sampling_scheme
0,6.0606060606060606,0.23719604601108,0.0463088125702462,0.0931227646975715,0.0418048853910123,0.2919332255000381,0.1972441591469835,0.0819227004416194,0.1290594906392045,0.0425448531857504,0.265506495951283,10_sp_aij_44,36656,0.1,10,21333,1,5,seq
1,7.272727272727273,0.2247657304274014,0.0305342735905758,0.0959296690201892,0.0507076297252723,0.2282381554891812,0.1849265933494879,0.103001965972319,0.1146047546993361,0.027999043179565,0.2380371465609152,10_sp_aij_44,36656,0.1,10,21333,1,5,seq
2,8.484848484848484,0.1711973587488067,0.0248868608217755,0.0919670861160241,0.0516937945530248,0.2814451814594153,0.1872685837079119,0.1018729438362835,0.130454833597212,0.0226724986025517,0.2773457856918945,10_sp_aij_44,36656,0.1,10,21333,1,5,seq
3,10.0,0.0975447787028818,0.0195395506137749,0.0851242400789512,0.0604765849611974,0.3073042813170785,0.1459462966017661,0.0929280566865799,0.1833156210452969,0.0199026699897507,0.1641498781217883,10_sp_aij_44,36656,0.1,10,21333,1,5,seq
4,11.212121212121213,0.0784515048801094,0.0146462465722348,0.1129335480859334,0.0380370464474671,0.2531922885536443,0.1548120487332015,0.0996535079330608,0.1706053610143682,0.0142497268582677,0.2311097022600921,10_sp_aij_44,36656,0.1,10,21333,1,5,seq
