,time,species_0,species_1,species_2,species_3,species_4,species_5,species_6,species_7,species_8,species_9,ground_truth,timeseries_id,noise,n_species,did,n_timeseries,n_timepoints,sampling_scheme
0,0.0,0.04,0.05,0.01,0.02,0.02,0.07,0.01,0.09,0.07,0.03,10_sp_aij_49,36656,0.1,10,24030,1,5,even
1,7.272727272727273,0.2270337349878304,0.1135525388120104,0.3045733751138769,0.0392241929015766,0.0116174690831138,0.089696184322119,0.1216319010280431,0.1524796060118122,0.2054213360601029,0.1679641721098353,10_sp_aij_49,36656,0.1,10,24030,1,5,even
2,14.84848484848485,0.2203627672707057,0.0659346213157822,0.2754624025461599,0.0173789636839732,0.0205719666060022,0.1237203994226067,0.1648815156899835,0.1687566032973974,0.3154599308718483,0.1443377367815873,10_sp_aij_49,36656,0.1,10,24030,1,5,even
3,22.424242424242426,0.2483735835003803,0.061078168837831,0.3338506509515059,0.0079750447250964,0.0106755227893345,0.0989889424950325,0.1647679071652259,0.1444723694977497,0.3014182049915159,0.1341678786261398,10_sp_aij_49,36656,0.1,10,24030,1,5,even
4,30.0,0.1930501443616528,0.047679032097269,0.2545283602085084,0.0109683522473845,0.0148062386064365,0.1175649668108046,0.1082356247555341,0.1888397287844807,0.3008307519852791,0.2199070718222879,10_sp_aij_49,36656,0.1,10,24030,1,5,even
