,time,species_0,species_1,species_2,species_3,species_4,species_5,species_6,species_7,species_8,species_9,ground_truth,timeseries_id,noise,n_species,did,n_timeseries,n_timepoints,sampling_scheme
0,0.0,0.04,0.05,0.01,0.02,0.02,0.07,0.01,0.09,0.07,0.03,10_sp_aij_16,36656,0.1,10,4591,1,10,even
1,3.333333333333333,0.1188520875702878,0.1165472671696134,0.0180208063966689,0.0370144422012504,0.0396147739124907,0.0769221593854667,0.1215515714733184,0.058247662100796,0.0976865902859117,0.12991002084651,10_sp_aij_16,36656,0.1,10,4591,1,10,even
2,6.666666666666667,0.303929432674894,0.068100391677298,0.0246033411901398,0.0530999044787115,0.0522291560082783,0.1030772420674854,0.3743368856713134,0.0751692779288991,0.1992617108364998,0.2324256841261518,10_sp_aij_16,36656,0.1,10,4591,1,10,even
3,10.0,0.1817131195350777,0.0241312277728929,0.0400871805439194,0.0718553771547457,0.0811884078899465,0.0812535387653689,0.3728201039508393,0.0856868471425424,0.21075533595078,0.1264041620071131,10_sp_aij_16,36656,0.1,10,4591,1,10,even
4,13.333333333333334,0.1944463859818274,0.0094441765624803,0.0676704706722199,0.0738962412105704,0.078553889973173,0.1166529071757777,0.4863310860906909,0.0921680722189352,0.2608334221506407,0.2224906952343838,10_sp_aij_16,36656,0.1,10,4591,1,10,even
5,16.666666666666668,0.4331519571189403,0.002839829222847,0.0604802462390062,0.1051381437046397,0.0903944334232162,0.0885026681170474,0.4419927320084585,0.1143755905298594,0.3509755388103416,0.2784066138284237,10_sp_aij_16,36656,0.1,10,4591,1,10,even
6,20.0,0.3497371607323336,0.0,0.064054709245188,0.139972871778381,0.1013837875913125,0.1219205171297699,0.5365155291692878,0.1208976419385385,0.3305074665933036,0.1773501311775044,10_sp_aij_16,36656,0.1,10,4591,1,10,even
7,23.333333333333336,0.3019584872213968,0.0,0.086607349424254,0.1300365711742025,0.1159694804904697,0.0807207766152073,0.5471598540197807,0.1030917755873386,0.3224668685710408,0.2470906321889851,10_sp_aij_16,36656,0.1,10,4591,1,10,even
8,26.666666666666668,0.4797077217382606,0.0,0.0630829780910156,0.12882722026747,0.166494471310645,0.1034978013950225,0.5622509184219311,0.1019097368298262,0.3843527744738793,0.275410526429568,10_sp_aij_16,36656,0.1,10,4591,1,10,even
9,30.0,0.3294599016710279,0.0,0.0486128928477228,0.1970351545195328,0.1063287142370396,0.1160437311456992,0.4361456787570766,0.1069462664794893,0.3498513146270905,0.2218570269745299,10_sp_aij_16,36656,0.1,10,4591,1,10,even
