,time,species_0,species_1,species_2,species_3,species_4,species_5,species_6,species_7,species_8,species_9,ground_truth,timeseries_id,noise,n_species,did,n_timeseries,n_timepoints,sampling_scheme
0,6.0606060606060606,0.2042842932613388,0.1265711446593748,0.2409832560985201,0.0430830139338716,0.0301066334180618,0.0927415447705523,0.1022722829701018,0.1990912275531862,0.2630465600447379,0.191158904230915,10_sp_aij_49,36656,0.01,10,23763,1,5,seq
1,7.272727272727273,0.2327567439974734,0.1253866322951722,0.267773857274326,0.0356452712195295,0.0254309225853915,0.0949263447489248,0.1323297623205113,0.1969666080385582,0.2585899416580166,0.1839164679287432,10_sp_aij_49,36656,0.01,10,23763,1,5,seq
2,8.484848484848484,0.2440667775753282,0.1240698380958561,0.2746362102155751,0.0293426647070065,0.0229740872531498,0.0983847373426121,0.1532115467844521,0.1968095141898153,0.2587927412613185,0.182375662908032,10_sp_aij_49,36656,0.01,10,23763,1,5,seq
3,10.0,0.2445557104620077,0.1222928473841833,0.275856541017466,0.0239985778832219,0.0212932108533448,0.0997191012643224,0.1660963267533313,0.1972191816889635,0.2593932993981631,0.1745280592375793,10_sp_aij_49,36656,0.01,10,23763,1,5,seq
4,11.212121212121213,0.2439186971732369,0.1185303391157208,0.2806193419729181,0.0198675483045519,0.0198531217065961,0.1026666597444142,0.1717655199140376,0.1936248187739757,0.2559745603036874,0.1792192984873032,10_sp_aij_49,36656,0.01,10,23763,1,5,seq
