,time,species_0,species_1,species_2,species_3,species_4,species_5,species_6,species_7,species_8,species_9,ground_truth,timeseries_id,noise,n_species,did,n_timeseries,n_timepoints,sampling_scheme
0,0.0,0.04,0.05,0.01,0.02,0.02,0.07,0.01,0.09,0.07,0.03,10_sp_aij_14,36656,0.01,10,3240,1,5,even
1,7.272727272727273,0.4021159655037116,0.1924236801180777,0.5054825122839451,0.0906686344094492,0.1146874677203772,0.2224600413110652,0.2041860726700775,0.0168941651536741,0.1750431281894021,0.0278733601668187,10_sp_aij_14,36656,0.01,10,3240,1,5,even
2,14.84848484848485,0.4171822313901483,0.2261547928714817,0.4667806497180239,0.2170666330357864,0.0953215725533557,0.1857467982571026,0.1850093495863898,0.0059724382445075,0.1991730739120307,0.0890370999773225,10_sp_aij_14,36656,0.01,10,3240,1,5,even
3,22.424242424242426,0.4136395841592303,0.2236395305198155,0.4364594435668578,0.2610650079755383,0.0571891580455599,0.1602548080587849,0.1762397222508265,0.01256430510304,0.2185153364027926,0.126764760593405,10_sp_aij_14,36656,0.01,10,3240,1,5,even
4,30.0,0.4057211940868937,0.222966834635427,0.412712995545073,0.266594113683285,0.0465587583297889,0.1672484562968839,0.1795411067232429,0.0297395169426115,0.2206677982397295,0.1317404327921668,10_sp_aij_14,36656,0.01,10,3240,1,5,even
