,time,species_0,species_1,species_2,species_3,species_4,species_5,species_6,species_7,species_8,species_9,ground_truth,timeseries_id,noise,n_species,did,n_timeseries,n_timepoints,sampling_scheme
0,0.0,0.04,0.05,0.01,0.02,0.02,0.07,0.01,0.09,0.07,0.03,10_sp_aij_25,36656,0.1,10,9990,1,5,even
1,7.272727272727273,0.1997541963775321,0.2543665701951977,0.0384200125444401,0.0929584262182118,0.0220979708277855,0.0082025494632457,0.2892773333750473,0.0701832766445964,0.1759779433093623,0.1904255522305321,10_sp_aij_25,36656,0.1,10,9990,1,5,even
2,14.84848484848485,0.1229631742846223,0.3703459841364961,0.1236452321028114,0.1863997808446878,0.0383790042443597,0.0070843997627434,0.3282535394272249,0.0586640323180582,0.3661551190487032,0.3144250766209092,10_sp_aij_25,36656,0.1,10,9990,1,5,even
3,22.424242424242426,0.1192186745219275,0.3616802914731192,0.136682071259614,0.2117817693261758,0.0224463975749493,0.0083430796941309,0.3051464331262337,0.0443170828053032,0.331533170094833,0.255905442936032,10_sp_aij_25,36656,0.1,10,9990,1,5,even
4,30.0,0.0872784485417623,0.3334437203015065,0.0771719423032624,0.2393558075943868,0.0237331397308568,0.0138420922180777,0.2270435979048443,0.0304772589089828,0.3174548570770951,0.2744191315052858,10_sp_aij_25,36656,0.1,10,9990,1,5,even
