,time,species_0,species_1,species_2,species_3,species_4,species_5,species_6,species_7,species_8,species_9,ground_truth,timeseries_id,noise,n_species,did,n_timeseries,n_timepoints,sampling_scheme
0,13.636363636363637,0.2740531236698307,0.2289571994837453,0.1968555599267942,0.3444790708150725,0.0673147496844775,0.2190911774147486,0.2058468154118384,0.4684018189390382,0.1255843588479777,0.1130390075461666,10_sp_aij_18,36656,0.01,10,5406,1,5,random
1,18.484848484848484,0.2830590041920962,0.2336138201239751,0.1884439560717465,0.3513481514174265,0.0614671652523812,0.2235787423860315,0.2017628766987782,0.4719700664923077,0.1289446027617447,0.1164707279707281,10_sp_aij_18,36656,0.01,10,5406,1,5,random
2,22.424242424242426,0.2792554468886605,0.2258446887838013,0.1931990318419983,0.3504774346555322,0.0603817519249562,0.2140254976384083,0.2032955079687259,0.4663304388456871,0.1287693234795313,0.1127239592865942,10_sp_aij_18,36656,0.01,10,5406,1,5,random
3,26.060606060606062,0.2832256080597136,0.2254667379613718,0.1855568087054978,0.349268873987581,0.0633229277744729,0.2163159223410546,0.2023297128624584,0.4629218341206492,0.1297158551812278,0.115399217295556,10_sp_aij_18,36656,0.01,10,5406,1,5,random
4,30.0,0.2773919664470233,0.2263983598498084,0.1906352311490351,0.359546070160863,0.061500904912522,0.2204048738361688,0.1980399109074716,0.4663759583394595,0.1269520801591782,0.1187520986546174,10_sp_aij_18,36656,0.01,10,5406,1,5,random
