,time,species_0,species_1,species_2,species_3,species_4,species_5,species_6,species_7,species_8,species_9,ground_truth,timeseries_id,noise,n_species,did,n_timeseries,n_timepoints,sampling_scheme
0,13.636363636363637,0.1345838498944995,0.3446412799629384,0.0507377466596628,0.0712196930320113,0.2066835144078709,0.194110591950411,0.038341428500017,0.2221617920526568,0.2358487903101116,0.0453269405091445,10_sp_aij_38,36656,0.01,10,17286,1,5,random
1,18.484848484848484,0.1354375642385851,0.3637281916297217,0.0424221592401423,0.0704641657357577,0.2041658542906409,0.2040994163331824,0.0443236482257272,0.2259830286579837,0.2397269955947108,0.0409762144649932,10_sp_aij_38,36656,0.01,10,17286,1,5,random
2,22.424242424242426,0.1349863150267784,0.3555672510415618,0.0419639581620217,0.0715713394172584,0.2008393230619396,0.2016335813704907,0.0485166280383694,0.2209858462190249,0.2401400425970771,0.0366229610882697,10_sp_aij_38,36656,0.01,10,17286,1,5,random
3,26.060606060606062,0.1388403636305555,0.3513645946658543,0.0409129572293527,0.073421390556209,0.2113799634930646,0.2007452332627292,0.0504311821061681,0.2192971623254549,0.2431412242364491,0.0383424556276035,10_sp_aij_38,36656,0.01,10,17286,1,5,random
4,30.0,0.1344296270995406,0.3524864535398724,0.0396643968944138,0.0766668217088836,0.2008572453069896,0.2031290814076192,0.0502266693281212,0.2202075398995,0.2378963467081672,0.0374202699767994,10_sp_aij_38,36656,0.01,10,17286,1,5,random
