,time,species_0,species_1,species_2,species_3,species_4,species_5,species_6,species_7,species_8,species_9,ground_truth,timeseries_id,noise,n_species,did,n_timeseries,n_timepoints,sampling_scheme
0,13.636363636363637,0.1611073003527034,0.0198693643570008,0.0750737359582793,0.1066735294342824,0.2992370023651915,0.1557381553985295,0.1312467262135974,0.1990571478643595,0.0278237658229788,0.2823951796679913,10_sp_aij_44,36656,0.01,10,21066,1,5,random
1,18.484848484848484,0.1659125839983123,0.019334925341581,0.0713669437644128,0.1208909053298376,0.3092611470972594,0.1514930843788785,0.1235875846528692,0.2022192855326197,0.0317139013011137,0.2778480378248987,10_sp_aij_44,36656,0.01,10,21066,1,5,random
2,22.424242424242426,0.163272669353808,0.0186083121180198,0.078328056422572,0.1217054684456099,0.3076445047801127,0.150269226568272,0.1211421894954177,0.1993160220500332,0.0309830029161041,0.2771516226919388,10_sp_aij_44,36656,0.01,10,21066,1,5,random
3,26.060606060606062,0.1648037317078167,0.0185657191587421,0.0749500259428058,0.1239350684637968,0.3217611425443,0.1501529839348472,0.1186332339817779,0.2020005761921435,0.0309582757821459,0.2905765708593846,10_sp_aij_44,36656,0.01,10,21066,1,5,random
4,30.0,0.1612986608803477,0.0185094008931845,0.0728189327736743,0.1274288842705077,0.3052641377924837,0.149548994043694,0.116942569955088,0.2048740134112455,0.030823548138797,0.2780031229133605,10_sp_aij_44,36656,0.01,10,21066,1,5,random
