,time,species_0,species_1,species_2,species_3,species_4,species_5,species_6,species_7,species_8,species_9,ground_truth,timeseries_id,noise,n_species,did,n_timeseries,n_timepoints,sampling_scheme
0,0.0,0.04,0.05,0.01,0.02,0.02,0.07,0.01,0.09,0.07,0.03,10_sp_aij_38,36656,0.1,10,17550,1,5,even
1,7.272727272727273,0.1401695124811041,0.2909917691776864,0.0530584032549944,0.0930663380260153,0.1313886122874795,0.1743009687218954,0.0187100803497168,0.1609584435942044,0.1759597679459577,0.0451988441136947,10_sp_aij_38,36656,0.1,10,17550,1,5,even
2,14.84848484848485,0.0961778972141743,0.2898934759500799,0.1031947461565016,0.0971550386872672,0.1580360360672641,0.1402324098842816,0.0423842266567734,0.1501000473899839,0.2301157618836484,0.0359188171014244,10_sp_aij_38,36656,0.1,10,17550,1,5,even
3,22.424242424242426,0.1289721471022235,0.3088815869189995,0.0760844755964003,0.0811907470304526,0.1746648658768965,0.1679499341329229,0.0365340299804848,0.1747549954107133,0.2364512264061765,0.0245030003666972,10_sp_aij_38,36656,0.1,10,17550,1,5,even
4,30.0,0.1125433150467527,0.285086032275919,0.0569811179283053,0.112017949079865,0.1690549320997219,0.1841414457382323,0.0307065208351563,0.1770271882536206,0.2023940288296384,0.0475334762866968,10_sp_aij_38,36656,0.1,10,17550,1,5,even
