,time,species_0,species_1,species_2,species_3,species_4,species_5,species_6,species_7,species_8,species_9,ground_truth,timeseries_id,noise,n_species,did,n_timeseries,n_timepoints,sampling_scheme
0,13.636363636363637,0.0254641524216756,0.4352015237573016,0.1106635187849223,0.1137996133487178,0.1925004002857077,0.10767864001538,0.0945076518592832,0.0301539619496309,0.2423516943776623,0.1269583548246928,10_sp_aij_47,36656,0.1,10,22956,1,5,random
1,18.484848484848484,0.0356236555113028,0.5783835036559074,0.0669202158503671,0.1420154495470881,0.1626106588800318,0.0947903146360204,0.0607989828402028,0.0581774872723385,0.2513513205595402,0.1321246744978209,10_sp_aij_47,36656,0.1,10,22956,1,5,random
2,22.424242424242426,0.0620850005730276,0.4801687030264496,0.105528784582119,0.13214880061967,0.1558675611557977,0.059991316895349,0.0743672959493254,0.0463564955915159,0.2679818522730937,0.0973171733645121,10_sp_aij_47,36656,0.1,10,22956,1,5,random
3,26.060606060606062,0.0880992654640939,0.4476439806411074,0.0905942735889084,0.1556568472786434,0.2482459415776254,0.0453277702751493,0.0732589328240037,0.0327807660091693,0.3169642494681152,0.2037784971186764,10_sp_aij_47,36656,0.1,10,22956,1,5,random
4,30.0,0.0574263610084536,0.4140158044285093,0.0821914022980587,0.2073226157048987,0.1175879014030703,0.0714429462404235,0.0424453505575669,0.0493516766966434,0.2448007957233562,0.1338086446362736,10_sp_aij_47,36656,0.1,10,22956,1,5,random
