,time,species_0,species_1,species_2,species_3,species_4,species_5,species_6,species_7,species_8,species_9,ground_truth,timeseries_id,noise,n_species,did,n_timeseries,n_timepoints,sampling_scheme
0,6.0606060606060606,0.1880524388671229,0.0916026109324837,0.1094494545186458,0.1812389480823427,0.0208861705491184,0.0873380551303415,0.1158026911718494,0.0620389125970997,0.2248302967124401,0.1321657360327722,10_sp_aij_0,36656,0.1,10,273,1,5,seq
1,7.272727272727273,0.2082821499429473,0.0629718773030052,0.1423011932735608,0.2083224138017739,0.0154241375854985,0.0916728492003036,0.1532426375217734,0.0397956023677922,0.1613003191837745,0.1622715151233849,10_sp_aij_0,36656,0.1,10,273,1,5,seq
2,8.484848484848484,0.1834061239800659,0.0648046565387744,0.1495638195575361,0.1851766034760329,0.0201425481006935,0.1093054362827954,0.1516871865733587,0.0372317458458961,0.1533974185138281,0.2198442949174324,10_sp_aij_0,36656,0.1,10,273,1,5,seq
3,10.0,0.1292184982328662,0.0701936154720886,0.1747280684246091,0.1742943457752688,0.0359097746526162,0.102967323261026,0.1531662500495514,0.0412504093658762,0.1832973865858459,0.1292989592472951,10_sp_aij_0,36656,0.1,10,273,1,5,seq
4,11.212121212121213,0.1173950814907561,0.0578804601059783,0.2230322506434593,0.1054716390965182,0.0418961986993167,0.1124411246412871,0.1528132896525325,0.0354770973545728,0.1750897807530241,0.1624440298141621,10_sp_aij_0,36656,0.1,10,273,1,5,seq
