,time,species_0,species_1,species_2,species_3,species_4,species_5,species_6,species_7,species_8,species_9,ground_truth,timeseries_id,noise,n_species,did,n_timeseries,n_timepoints,sampling_scheme
0,0.0,0.04,0.05,0.01,0.02,0.02,0.07,0.01,0.09,0.07,0.03,10_sp_aij_0,36656,0.01,10,1,1,10,even
1,3.333333333333333,0.1183544225974018,0.0830011082728823,0.0566497176359399,0.0829713525750596,0.0269544952506747,0.0772394882206257,0.0739251682819961,0.0913157778113431,0.2035225892008593,0.0483180831976193,10_sp_aij_0,36656,0.01,10,1,1,10,even
2,6.666666666666667,0.1872659689914612,0.0619677611191302,0.143348554469551,0.1818287508773474,0.0346588534959559,0.0838195927246761,0.1592528920249841,0.0599557935455992,0.2106971021485834,0.1604189914297303,10_sp_aij_0,36656,0.01,10,1,1,10,even
3,10.0,0.2110484835731227,0.0575961284638882,0.1881708410719755,0.2055104529683548,0.053719482377953,0.1206234523345046,0.1991844342730941,0.0509508738894259,0.1839447707022519,0.2436159904764462,10_sp_aij_0,36656,0.01,10,1,1,10,even
4,13.333333333333334,0.2344905497362882,0.0657506962117427,0.2094835572055857,0.2036828292648733,0.0706099336546804,0.1489732074827013,0.2204133715911295,0.0509184446586443,0.1639593636240944,0.2573934058630986,10_sp_aij_0,36656,0.01,10,1,1,10,even
5,16.666666666666668,0.2524842446688879,0.074133313568025,0.197430087237418,0.2092164572561365,0.078653059676627,0.1477016232255268,0.2205741470619529,0.0535249173142,0.1494554765772871,0.255920928199966,10_sp_aij_0,36656,0.01,10,1,1,10,even
6,20.0,0.2473710445857937,0.0878816298911906,0.1885490196476911,0.2198490667801921,0.0803973685497403,0.1454644423538993,0.2293310786607245,0.05832688166236,0.1371019358744626,0.2398529015695024,10_sp_aij_0,36656,0.01,10,1,1,10,even
7,23.333333333333336,0.2408452468849917,0.0925195815498041,0.1871253377459512,0.223233203884163,0.0865435972131682,0.1396206561437687,0.2195769114489709,0.0605607670184882,0.136538901696558,0.2427224772582263,10_sp_aij_0,36656,0.01,10,1,1,10,even
8,26.666666666666668,0.2491587519557259,0.0917346391269201,0.1817519006150087,0.2260446205394884,0.0938969034115523,0.1449440717531203,0.2178675153369405,0.0599591397199913,0.1349949818296919,0.244531650436797,10_sp_aij_0,36656,0.01,10,1,1,10,even
9,30.0,0.2419430819710711,0.0968641910671503,0.1830689931404809,0.2330514229221562,0.0901975760096725,0.1453862649431464,0.2127166282257526,0.0630361541127628,0.1305873872569088,0.2361746697290917,10_sp_aij_0,36656,0.01,10,1,1,10,even
