,time,species_0,species_1,species_2,species_3,species_4,species_5,species_6,species_7,species_8,species_9,ground_truth,timeseries_id,noise,n_species,did,n_timeseries,n_timepoints,sampling_scheme
0,6.0606060606060606,0.1283753926014096,0.1373994827939035,0.338072676399939,0.0257103424190035,0.0237364071349911,0.2737974496046897,0.1055943154527582,0.1967580396668258,0.2303468681220155,0.520865676657206,10_sp_aij_41,36656,0.1,10,19713,1,5,seq
1,7.272727272727273,0.1412119989519183,0.1242064518999141,0.3533917014463049,0.0214360270440811,0.0242270010149862,0.2674085626678649,0.1523788970105385,0.1475306576492534,0.1622713529324996,0.4156648511293005,10_sp_aij_41,36656,0.1,10,19713,1,5,seq
2,8.484848484848484,0.1110614116599868,0.1392280283983751,0.2863865765571959,0.0161246648573947,0.041735709912779,0.2670776888835198,0.1451602845107308,0.1494678609525634,0.1581761584401935,0.4597925889911929,10_sp_aij_41,36656,0.1,10,19713,1,5,seq
3,10.0,0.0655444204060342,0.1693620716053829,0.2578053549208536,0.0130711963312012,0.0787217425051141,0.188447709618491,0.1380671345594121,0.1913665215752924,0.1539710102132244,0.2483583560095221,10_sp_aij_41,36656,0.1,10,19713,1,5,seq
4,11.212121212121213,0.0535896438174335,0.1553533425853989,0.2805317191798466,0.0072307907196825,0.0904699160416004,0.1912829254808327,0.1373689303608929,0.1738446590517448,0.1271943825949312,0.3309137557438973,10_sp_aij_41,36656,0.1,10,19713,1,5,seq
