,time,species_0,species_1,species_2,species_3,species_4,species_5,species_6,species_7,species_8,species_9,ground_truth,timeseries_id,noise,n_species,did,n_timeseries,n_timepoints,sampling_scheme
0,0.0,0.04,0.05,0.01,0.02,0.02,0.07,0.01,0.09,0.07,0.03,10_sp_aij_41,36656,0.1,10,19710,1,5,even
1,7.272727272727273,0.1412119989519183,0.1242064518999141,0.3533917014463049,0.0214360270440811,0.0242270010149862,0.2674085626678649,0.1523788970105385,0.1475306576492534,0.1622713529324996,0.4156648511293005,10_sp_aij_41,36656,0.1,10,19710,1,5,even
2,14.84848484848485,0.0714714502773208,0.2071578130452045,0.2467151507465738,0.009843683711365,0.1051519951932571,0.1588628801184655,0.1917417456377101,0.1976004267774573,0.1586412768255188,0.395671349557433,10_sp_aij_41,36656,0.1,10,19710,1,5,even
3,22.424242424242426,0.1264068704885083,0.1788906791939153,0.1281609038845245,0.0235891397863086,0.1090023229839837,0.0941758080047984,0.2243033968700285,0.1280662317227981,0.0879290148658776,0.313399620408462,10_sp_aij_41,36656,0.1,10,19710,1,5,even
4,30.0,0.1089305856040651,0.1811142461786243,0.0626134287539894,0.0454017356326308,0.0882675888829955,0.0862406038881065,0.2034671737758948,0.1436991476209682,0.0587814433099576,0.3314161529605023,10_sp_aij_41,36656,0.1,10,19710,1,5,even
