,time,species_0,species_1,species_2,species_3,species_4,species_5,species_6,species_7,species_8,species_9,ground_truth,timeseries_id,noise,n_species,did,n_timeseries,n_timepoints,sampling_scheme
0,6.0606060606060606,0.047437515267962,0.1312113766416769,0.3056559224889378,0.3592455094294389,0.009320351869532,0.0720114970485177,0.0926801870720568,0.0501450511235385,0.0902620808107551,0.1509052647464364,10_sp_aij_31,36656,0.01,10,13503,1,5,seq
1,7.272727272727273,0.0675266129108373,0.1064007135992284,0.3183919490757603,0.3614030752551698,0.0072368271196275,0.0707169301116597,0.0978032226876645,0.0429726935451178,0.108306956884689,0.1401666020433429,10_sp_aij_31,36656,0.01,10,13503,1,5,seq
2,8.484848484848484,0.0894433826550324,0.091022911317053,0.3163736480515101,0.3536709489076505,0.0062279081423572,0.0715284686170532,0.0979699237905296,0.0383952809118202,0.1236378836264334,0.1314328160535904,10_sp_aij_31,36656,0.01,10,13503,1,5,seq
3,10.0,0.1082345365353593,0.0798458455800168,0.3150582815552676,0.3507878708215596,0.0056831763616219,0.0728462752180127,0.0973755527633822,0.034676053863401,0.1339380862884415,0.1159756952153183,10_sp_aij_31,36656,0.01,10,13503,1,5,seq
4,11.212121212121213,0.1201400489381985,0.0735133677032126,0.3195717630801911,0.3361243268939708,0.0053581861851369,0.0762279510205001,0.0970048010628861,0.032124555023356,0.1349831304684144,0.111944915648198,10_sp_aij_31,36656,0.01,10,13503,1,5,seq
