,time,species_0,species_1,species_2,species_3,species_4,species_5,species_6,species_7,species_8,species_9,ground_truth,timeseries_id,noise,n_species,did,n_timeseries,n_timepoints,sampling_scheme
0,13.636363636363637,0.3194702458265016,0.3116689494623512,0.2911210090829876,0.4911544547062111,0.0223202997334907,0.2853062395487319,0.0719232403157003,0.0,0.1135221039130467,0.5326369653009084,10_sp_aij_34,36656,0.1,10,15396,1,5,random
1,18.484848484848484,0.4876692973646744,0.5470228330871774,0.2495938253229432,0.7262974289976989,0.0462286822725583,0.2189587435777232,0.1222337903247975,0.0,0.1099079367256555,0.6341044864947444,10_sp_aij_34,36656,0.1,10,15396,1,5,random
2,22.424242424242426,0.4576006411201259,0.4258828631789833,0.3245949116280904,0.7139404898806465,0.082600162869435,0.1430324797854346,0.1314437403216672,0.0,0.0951558057646092,0.6166689851051561,10_sp_aij_34,36656,0.1,10,15396,1,5,random
3,26.060606060606062,0.5462295462162846,0.4817733782715838,0.238608856960299,0.8790584131683564,0.1869813570190941,0.1160098038329182,0.1591255243356474,0.0,0.0966843877317319,0.9398692637842356,10_sp_aij_34,36656,0.1,10,15396,1,5,random
4,30.0,0.536630842882086,0.4544874183257615,0.3077909538952325,0.9651527532760484,0.1079035654109122,0.153583699425458,0.139922462701278,0.0,0.081549909975943,0.6613679911842189,10_sp_aij_34,36656,0.1,10,15396,1,5,random
