,time,species_0,species_1,species_2,species_3,species_4,species_5,species_6,species_7,species_8,species_9,ground_truth,timeseries_id,noise,n_species,did,n_timeseries,n_timepoints,sampling_scheme
0,6.0606060606060606,0.1153194586752556,0.2070147938988923,0.1461890805954254,0.1985901884421942,0.0380029810749092,0.237162167312798,0.0,0.3944027031089658,0.4046462895335063,0.2475460030108896,10_sp_aij_46,36656,0.1,10,22413,1,5,seq
1,7.272727272727273,0.1446562419428557,0.149224543563692,0.257237842960346,0.2083420138177198,0.0248386253250002,0.2292460952556607,0.0,0.3541030581651614,0.3718534275274547,0.2569491638130042,10_sp_aij_46,36656,0.1,10,22413,1,5,seq
2,8.484848484848484,0.1575631270568284,0.1296681626299212,0.3094351253649502,0.1876491905512693,0.0249651178726442,0.2585545949107242,0.0,0.4059629348365338,0.4425750696946657,0.3476276181666028,10_sp_aij_46,36656,0.1,10,22413,1,5,seq
3,10.0,0.1273639164197753,0.1188400514311678,0.3239375592997081,0.192020758451715,0.0261914139351315,0.2468498624346797,0.0,0.4491950004308654,0.4961499815047112,0.2204405505967505,10_sp_aij_46,36656,0.1,10,22413,1,5,seq
4,11.212121212121213,0.1192924985551757,0.0905802028087656,0.3642394511873171,0.1200525161933309,0.0222996933101047,0.3036143947561591,0.0,0.3696638607943282,0.4277216713325074,0.294804569054356,10_sp_aij_46,36656,0.1,10,22413,1,5,seq
