,time,species_0,species_1,species_2,species_3,species_4,species_5,species_6,species_7,species_8,species_9,ground_truth,timeseries_id,noise,n_species,did,n_timeseries,n_timepoints,sampling_scheme
0,0.0,0.04,0.05,0.01,0.02,0.02,0.07,0.01,0.09,0.07,0.03,10_sp_aij_16,36656,0.1,10,4599,2,5,even
1,7.272727272727273,0.2811734542301703,0.0411408167864368,0.0321284303418863,0.0657417360181195,0.0453169058639503,0.108546242168091,0.3927297204228936,0.0689157819360402,0.1749797196336257,0.1995550984912359,10_sp_aij_16,36656,0.1,10,4599,2,5,even
2,14.84848484848485,0.2750800234519886,0.006763881714848,0.0570656895555551,0.0872972549411778,0.0683808284160389,0.1004254300598726,0.448244874021937,0.0823251873722835,0.3132245379611692,0.2083560116755102,10_sp_aij_16,36656,0.1,10,4599,2,5,even
3,22.424242424242426,0.3230438967585281,0.0,0.0953223188120529,0.1496907003117597,0.1089023871429302,0.097785110888111,0.4459797855542673,0.1038324540734731,0.3475217220629749,0.1854410217169936,10_sp_aij_16,36656,0.1,10,4599,2,5,even
4,30.0,0.3294599016710279,0.0,0.0486128928477228,0.1970351545195328,0.1063287142370396,0.1160437311456992,0.4361456787570766,0.1069462664794893,0.3498513146270905,0.2218570269745299,10_sp_aij_16,36656,0.1,10,4599,2,5,even
5,0.0,0.02,0.02,0.02,0.02,0.04,0.09,0.05,0.04,0.02,0.04,10_sp_aij_16,2369231,0.1,10,4599,2,5,even
6,7.272727272727273,0.2596432920395632,0.0216308013771373,0.0391890803047531,0.0316819347901141,0.0986097263973467,0.0852843658096752,0.310557586777026,0.1212025130820427,0.1630046327261742,0.1798853759188709,10_sp_aij_16,2369231,0.1,10,4599,2,5,even
7,14.84848484848485,0.3951049811274038,0.0063594052299204,0.0672087828830845,0.1256435307742357,0.0761085652758796,0.1250848564168733,0.5100240853350265,0.1457221995538905,0.3442082531539576,0.2635688698504985,10_sp_aij_16,2369231,0.1,10,4599,2,5,even
8,22.424242424242426,0.2794064785383107,0.0,0.0590855723119374,0.1454865899646991,0.1436734408405529,0.0881706659352494,0.4788153274951091,0.1303037715561828,0.2954503969067011,0.1955136529214315,10_sp_aij_16,2369231,0.1,10,4599,2,5,even
9,30.0,0.425235956914646,0.0,0.0396985026293283,0.1305123272773812,0.1465473804245447,0.067444016244389,0.4570282381833716,0.1354874071286948,0.2861028351885976,0.2598236784556414,10_sp_aij_16,2369231,0.1,10,4599,2,5,even
