,time,species_0,species_1,species_2,species_3,species_4,species_5,species_6,species_7,species_8,species_9,ground_truth,timeseries_id,noise,n_species,did,n_timeseries,n_timepoints,sampling_scheme
0,0.0,0.04,0.05,0.01,0.02,0.02,0.07,0.01,0.09,0.07,0.03,10_sp_aij_28,36656,0.01,10,11340,1,5,even
1,7.272727272727273,0.3754708270165922,0.1551244890147967,0.0073792411417492,0.1575120383459597,0.0581265971498557,0.1731457772882244,0.0312936889210592,0.4753776602092216,0.3162603144986473,0.1656143092023131,10_sp_aij_28,36656,0.01,10,11340,1,5,even
2,14.84848484848485,0.363954430392411,0.1512324478535653,0.0104456201504803,0.1474766920829922,0.0493403176146412,0.1735429417739741,0.0768110277177193,0.4814097889694823,0.3130056410288562,0.1547760165276725,10_sp_aij_28,36656,0.01,10,11340,1,5,even
3,22.424242424242426,0.3577931944173965,0.1478574524998649,0.013269339217008,0.1393583506263275,0.0448475991652962,0.1738664021507319,0.0866287309850487,0.4863025628790847,0.3051454984082217,0.1535787786244591,10_sp_aij_28,36656,0.01,10,11340,1,5,even
4,30.0,0.3585990807212945,0.1504143194091651,0.0142457411030894,0.1461260270888824,0.0462609435404641,0.1822850994254079,0.0839641782521321,0.4831923268541976,0.3052538195313879,0.1595235167428738,10_sp_aij_28,36656,0.01,10,11340,1,5,even
