,time,species_0,species_1,species_2,species_3,species_4,species_5,species_6,species_7,species_8,species_9,ground_truth,timeseries_id,noise,n_species,did,n_timeseries,n_timepoints,sampling_scheme
0,0.0,0.04,0.05,0.01,0.02,0.02,0.07,0.01,0.09,0.07,0.03,10_sp_aij_10,36656,0.1,10,1357,1,10,random
1,7.272727272727273,0.0543093218321319,0.1172623899190971,0.3057362134572312,0.2575447924869264,0.0342000703713238,0.1807982354785279,0.0048951178696668,0.0912083979185443,0.1986133159075678,0.055831959332711,10_sp_aij_10,36656,0.1,10,1357,1,10,random
2,10.0,0.0126777049632207,0.1769569384047433,0.264640463858947,0.2233224137953663,0.0783812386674414,0.1538387951040606,0.0092566773271676,0.0876905836088573,0.1871564191533318,0.0286144301057963,10_sp_aij_10,36656,0.1,10,1357,1,10,random
3,13.636363636363637,0.0036861381070043,0.1970189921250973,0.3261213329624221,0.2097718136009982,0.1200039785972772,0.2999682601288507,0.0715229863795223,0.0704988314203374,0.2003724242381298,0.0378697208289523,10_sp_aij_10,36656,0.1,10,1357,1,10,random
4,14.84848484848485,0.0032010477195771,0.2039746044444952,0.2697174845204771,0.2209460270876577,0.1242044777138119,0.232226841169969,0.1100551438892988,0.0699546646951379,0.2262916238268826,0.036388337604429,10_sp_aij_10,36656,0.1,10,1357,1,10,random
5,17.272727272727273,0.0,0.1670151069074861,0.2292480660369661,0.2343055569696332,0.1406431938409086,0.2693949230849568,0.1381112243432368,0.0726422103475002,0.2319518436768709,0.0563950938404433,10_sp_aij_10,36656,0.1,10,1357,1,10,random
6,20.0,0.0,0.2057711518889491,0.2026405517453433,0.2041087037202132,0.1740276889247075,0.2904288894870027,0.2275526397725031,0.0904212878441779,0.1935849819534584,0.0417940543155528,10_sp_aij_10,36656,0.1,10,1357,1,10,random
7,23.63636363636364,0.0,0.2674728205536141,0.2583826018477626,0.2575437314543806,0.2237124531662068,0.2312321895533541,0.2222817728731431,0.0777780922374027,0.1966720701930643,0.0499427986499891,10_sp_aij_10,36656,0.1,10,1357,1,10,random
8,26.060606060606062,0.0,0.1856844584941572,0.1705774895198604,0.2357515781298644,0.3109718107632482,0.3229641960406564,0.2128982528388447,0.0544414357093222,0.2336154155898352,0.0623440579233166,10_sp_aij_10,36656,0.1,10,1357,1,10,random
9,28.484848484848484,0.0,0.2167650136817175,0.1353298307061861,0.2621270295644228,0.255747044018424,0.3466923407246897,0.2577824734173343,0.0568143829303017,0.1435583604615847,0.0572805441358501,10_sp_aij_10,36656,0.1,10,1357,1,10,random
