,time,species_0,species_1,species_2,species_3,species_4,species_5,species_6,species_7,species_8,species_9,ground_truth,timeseries_id,noise,n_species,did,n_timeseries,n_timepoints,sampling_scheme
0,6.0606060606060606,0.19517033062271,0.3216754834663151,0.0453704978828617,0.4181606210615882,0.0212051752805557,0.287941527749394,0.0177212777793302,0.0128586662892415,0.0941719359930969,0.2881347116499463,10_sp_aij_34,36656,0.01,10,15123,1,5,seq
1,7.272727272727273,0.2810664173818812,0.3549154376798259,0.076306966885883,0.5002399679718974,0.0219984372169353,0.2756414975206692,0.0202314708923475,0.008211406075421,0.0977636581422,0.3798894926854816,10_sp_aij_34,36656,0.01,10,15123,1,5,seq
2,8.484848484848484,0.358723630578231,0.3931708827021033,0.1184309984254483,0.5686400669426792,0.0261130119090145,0.2555578825623004,0.0242363016156,0.0053649510732238,0.0997549437065873,0.4766260562707823,10_sp_aij_34,36656,0.01,10,15123,1,5,seq
3,10.0,0.4318133590232268,0.4270914237723386,0.170606043419142,0.6489347068329254,0.0356840032006522,0.228062995922152,0.0334732605066048,0.0034667172871789,0.1014826950036726,0.5446577642008187,10_sp_aij_34,36656,0.01,10,15123,1,5,seq
4,11.212121212121213,0.4723011031151995,0.4367615371568258,0.2047521441036174,0.676909466234965,0.0464362354340864,0.212506474141421,0.0451633511101811,0.0025071341524424,0.0995530737718844,0.6158960150555597,10_sp_aij_34,36656,0.01,10,15123,1,5,seq
