,time,species_0,species_1,species_2,species_3,species_4,species_5,species_6,species_7,species_8,species_9,ground_truth,timeseries_id,noise,n_species,did,n_timeseries,n_timepoints,sampling_scheme
0,0.0,0.04,0.05,0.01,0.02,0.02,0.07,0.01,0.09,0.07,0.03,10_sp_aij_33,36656,0.1,10,14850,1,5,even
1,7.272727272727273,0.192168681616865,0.1794285949400966,0.0581258270200199,0.0872236764632849,0.0892248267312869,0.0699054968153366,0.0061200432123342,0.1184085042421338,0.2185817989823523,0.0751312703404735,10_sp_aij_33,36656,0.1,10,14850,1,5,even
2,14.84848484848485,0.1820474725537326,0.1780182424697176,0.1116171497088011,0.1191011107520508,0.1489310745849963,0.0555499700858603,0.0121052425002372,0.1525131084249465,0.3192790459378874,0.0738385654580556,10_sp_aij_33,36656,0.1,10,14850,1,5,even
3,22.424242424242426,0.2100683467261187,0.2231089590799147,0.1438836458692199,0.1472094521741927,0.0913038800352426,0.0494635397895297,0.022280262005802,0.1234891654044009,0.3197939084366528,0.1001541756163104,10_sp_aij_33,36656,0.1,10,14850,1,5,even
4,30.0,0.220705231414497,0.2438581072127338,0.1082637354454988,0.261308949254396,0.0818710949741644,0.0708032123022414,0.0445545950586149,0.1145681247780653,0.3721903952735926,0.1700610560900015,10_sp_aij_33,36656,0.1,10,14850,1,5,even
