,time,species_0,species_1,species_2,species_3,species_4,species_5,species_6,species_7,species_8,species_9,ground_truth,timeseries_id,noise,n_species,did,n_timeseries,n_timepoints,sampling_scheme
0,0.0,0.04,0.05,0.01,0.02,0.02,0.07,0.01,0.09,0.07,0.03,10_sp_aij_11,36656,0.1,10,1899,2,5,even
1,7.272727272727273,0.013570997085457,0.0400001967499375,0.1914120687122572,0.3065013921308566,0.3060403741726428,0.0787267105394297,0.0476833531660983,0.0336624397780603,0.2074471663618206,0.3793740026803335,10_sp_aij_11,36656,0.1,10,1899,2,5,even
2,14.84848484848485,0.0,0.0681288257779904,0.1769059122670098,0.3738439816811153,0.4094117569022407,0.0667113549991683,0.1243121855205373,0.0449421842013362,0.2580265077632024,0.4857452237773397,10_sp_aij_11,36656,0.1,10,1899,2,5,even
3,22.424242424242426,0.0,0.0644579379155807,0.2187724296675606,0.3777897943289567,0.4243988388753989,0.0490253308222824,0.1350030165350397,0.0467352971770384,0.2539860351119723,0.4559296311507515,10_sp_aij_11,36656,0.1,10,1899,2,5,even
4,30.0,0.0,0.0607370298045903,0.1280603869769132,0.4425616539690166,0.3977661313009228,0.0687797327104562,0.0959925183751562,0.0595297507348924,0.1960473623079058,0.4623059729129106,10_sp_aij_11,36656,0.1,10,1899,2,5,even
5,0.0,0.02,0.02,0.02,0.02,0.04,0.09,0.05,0.04,0.02,0.04,10_sp_aij_11,2369231,0.1,10,1899,2,5,even
6,7.272727272727273,0.021663001664992,0.0587050292403865,0.1557393586539907,0.3149194225237833,0.5132446112096442,0.0620488589232084,0.0945796666134914,0.058660439644645,0.2254334848433144,0.4355321492497467,10_sp_aij_11,2369231,0.1,10,1899,2,5,even
7,14.84848484848485,0.0121862771193102,0.0475896357507344,0.185628992283647,0.3995070388541125,0.4128233612137636,0.065303469698135,0.1164751692344433,0.0636583153591567,0.2360681609609557,0.5387396490354263,10_sp_aij_11,2369231,0.1,10,1899,2,5,even
8,22.424242424242426,0.0053731988461983,0.0851034408634025,0.1731920806127166,0.453242003961466,0.5043215646352074,0.0578240890743008,0.1367829075978646,0.0815442074016706,0.1922994410923666,0.4207770516656055,10_sp_aij_11,2369231,0.1,10,1899,2,5,even
9,30.0,0.0083295834016311,0.044515229907597,0.1176248292556999,0.3373122950038637,0.4252104901552976,0.0385791859285961,0.0991971036647149,0.0817620683648766,0.1510011453841428,0.5931620575335413,10_sp_aij_11,2369231,0.1,10,1899,2,5,even
