,time,species_0,species_1,species_2,species_3,species_4,species_5,species_6,species_7,species_8,species_9,ground_truth,timeseries_id,noise,n_species,did,n_timeseries,n_timepoints,sampling_scheme
0,13.636363636363637,0.0716495520286181,0.5207960127156103,0.3978664866778488,0.3882171792567963,0.9180481307978796,0.0421485851311679,0.1736208894197541,0.3304430201555884,0.4812122826002507,0.7077502513628176,10_sp_aij_5,36656,0.01,10,24306,1,5,random
1,18.484848484848484,0.0603524107866342,0.5236413970317213,0.382447911123392,0.3961031323990897,0.910684812418528,0.0226621234186866,0.2020523372456272,0.3288384321529451,0.4882671487682743,0.6960848983410748,10_sp_aij_5,36656,0.01,10,24306,1,5,random
2,22.424242424242426,0.0529145667662122,0.5098133928365831,0.3839802651278974,0.3868782478673431,0.8898975353659907,0.0166167946226444,0.2049386844431909,0.3240750205024477,0.4845500466015257,0.6861403028759112,10_sp_aij_5,36656,0.01,10,24306,1,5,random
3,26.060606060606062,0.048034657577117,0.5032519664147053,0.3670882817739289,0.3881124779426435,0.9245572044076495,0.0135041923860406,0.2070228836657277,0.3225641116484442,0.4946077401431357,0.7052162183630992,10_sp_aij_5,36656,0.01,10,24306,1,5,random
4,30.0,0.0416120836311331,0.4981542786582321,0.3616806968772947,0.38900895654155,0.8875811142433179,0.0124085709336425,0.2074067297782459,0.3201479481579125,0.4866134391088203,0.6772227791208647,10_sp_aij_5,36656,0.01,10,24306,1,5,random
