,time,species_0,species_1,species_2,species_3,species_4,species_5,species_6,species_7,species_8,species_9,ground_truth,timeseries_id,noise,n_species,did,n_timeseries,n_timepoints,sampling_scheme
0,0.0,0.04,0.05,0.01,0.02,0.02,0.07,0.01,0.09,0.07,0.03,10_sp_aij_10,36656,0.1,10,1350,1,5,even
1,7.272727272727273,0.0543093218321319,0.1172623899190971,0.3057362134572312,0.2575447924869264,0.0342000703713238,0.1807982354785279,0.0048951178696668,0.0912083979185443,0.1986133159075678,0.055831959332711,10_sp_aij_10,36656,0.1,10,1350,1,5,even
2,14.84848484848485,0.0032010477195771,0.2039746044444952,0.2697174845204771,0.2209460270876577,0.1242044777138119,0.232226841169969,0.1100551438892988,0.0699546646951379,0.2262916238268826,0.036388337604429,10_sp_aij_10,36656,0.1,10,1350,1,5,even
3,22.424242424242426,0.0,0.1845588826339058,0.2586697545890891,0.2255542847950404,0.1873498970727414,0.2873060157463461,0.1842904274723259,0.0730217197774338,0.2169827744309155,0.0367451498664465,10_sp_aij_10,36656,0.1,10,1350,1,5,even
4,30.0,0.0,0.2076284833616097,0.1549978707303575,0.2370738579302892,0.1922151167700378,0.3291950471299227,0.1688763336100642,0.0784599972449828,0.1335217488248328,0.0690820927757377,10_sp_aij_10,36656,0.1,10,1350,1,5,even
