,time,species_0,species_1,species_2,species_3,species_4,species_5,species_6,species_7,species_8,species_9,ground_truth,timeseries_id,noise,n_species,did,n_timeseries,n_timepoints,sampling_scheme
0,6.0606060606060606,0.0490460561068654,0.3074290924740227,0.0616333479356638,0.0797554708538142,0.222735377164704,0.0774368435440337,0.0494880326832076,0.0703391177825,0.0429258165117592,0.3045887898957958,10_sp_aij_7,36656,0.01,10,25383,1,5,seq
1,7.272727272727273,0.0544915722859358,0.3033007911757389,0.0683054923932918,0.0867182858486134,0.2232645883134379,0.0752824111373885,0.0477502017950522,0.0676454484185902,0.0435178941704702,0.3063507388122947,10_sp_aij_7,36656,0.01,10,25383,1,5,seq
2,8.484848484848484,0.0590020835894866,0.3060089747319103,0.0712719277477051,0.0905401065602321,0.2311673862424755,0.0726276824287416,0.0449434806745425,0.0671740477609085,0.0459615338294078,0.3108389043986609,10_sp_aij_7,36656,0.01,10,25383,1,5,seq
3,10.0,0.0622811572364588,0.3093510283373306,0.0714726605025056,0.094406522528907,0.2405076762503639,0.0682194058606089,0.0412935036098532,0.0666422767688689,0.0498338288502791,0.2956843777559021,10_sp_aij_7,36656,0.01,10,25383,1,5,seq
4,11.212121212121213,0.0651989898907202,0.3022992889612744,0.0725667230730697,0.0915732002369954,0.2394841209658362,0.0664412684520048,0.0391856473839516,0.0646888912384392,0.051965611060917,0.3027292859266703,10_sp_aij_7,36656,0.01,10,25383,1,5,seq
