,time,species_0,species_1,species_2,species_3,species_4,species_5,species_6,species_7,species_8,species_9,ground_truth,timeseries_id,noise,n_species,did,n_timeseries,n_timepoints,sampling_scheme
0,13.636363636363637,0.2122112027455121,0.212786424322968,0.0877097711518258,0.2527254865102964,0.2760775626109979,0.0349877628096967,0.3288234242876447,0.0226537765186457,0.1627562694548887,0.1378651590139332,10_sp_aij_30,36656,0.01,10,12966,1,5,random
1,18.484848484848484,0.220555851472404,0.2257273618823418,0.0749536464957454,0.2655254597007006,0.2808183921241357,0.0314003907061723,0.3271387287330571,0.0230368112209369,0.1638828288404338,0.1403673531847442,10_sp_aij_30,36656,0.01,10,12966,1,5,random
2,22.424242424242426,0.2198159911405183,0.2170694600739161,0.0758453493915291,0.2632006879259964,0.2771800751798475,0.0295720305317619,0.3210689399099678,0.0226483904633945,0.1621764610422061,0.137876517275521,10_sp_aij_30,36656,0.01,10,12966,1,5,random
3,26.060606060606062,0.2233592806245981,0.2157571031747953,0.0741863090697993,0.2658985761192778,0.2876181001824254,0.0284072646101099,0.319538159517975,0.0218651449642044,0.1633535327034286,0.1463896396123353,10_sp_aij_30,36656,0.01,10,12966,1,5,random
4,30.0,0.2153812050654527,0.2184323178980515,0.0728082523829271,0.2709083769807359,0.2728609591614079,0.0283913785530419,0.3162124286485491,0.022946685296055,0.1585584851358234,0.1433339911531679,10_sp_aij_30,36656,0.01,10,12966,1,5,random
