,time,species_0,species_1,species_2,species_3,species_4,species_5,species_6,species_7,species_8,species_9,ground_truth,timeseries_id,noise,n_species,did,n_timeseries,n_timepoints,sampling_scheme
0,6.0606060606060606,0.3343556835110581,0.070628205264053,0.4085204158408536,0.2532597518164521,0.2877991138882594,0.1067414334540581,0.0546897449454541,0.0769792126617102,0.1526448269704499,0.0622123218684102,10_sp_aij_4,36656,0.1,10,18633,1,5,seq
1,7.272727272727273,0.3345722597099842,0.043563464082708,0.5171816538740238,0.2529159250609312,0.2257623336773254,0.1045262933687619,0.0539371320544728,0.06684015401462,0.1256762971679884,0.0525811417490528,10_sp_aij_4,36656,0.1,10,18633,1,5,seq
2,8.484848484848484,0.2774926575545584,0.037716475181254,0.4241960260684681,0.2297651294983994,0.3061535597604156,0.104424763438517,0.0505425324846742,0.0836928908753922,0.1360913688032974,0.0513833476745356,10_sp_aij_4,36656,0.1,10,18633,1,5,seq
3,10.0,0.2343166219955555,0.0377409207439152,0.3683524772511979,0.236834566271781,0.3752113115623541,0.0977217818759822,0.0591245237317375,0.0918686124711521,0.146777542310328,0.0282446264427467,10_sp_aij_4,36656,0.1,10,18633,1,5,seq
4,11.212121212121213,0.2239658386162785,0.031029964883948,0.4408548871915961,0.1568065001126103,0.3285501874529218,0.1098720767079954,0.0691418455337074,0.0818986988718822,0.1282776672027214,0.0291776610652108,10_sp_aij_4,36656,0.1,10,18633,1,5,seq
