,time,species_0,species_1,species_2,species_3,species_4,species_5,species_6,species_7,species_8,species_9,ground_truth,timeseries_id,noise,n_species,did,n_timeseries,n_timepoints,sampling_scheme
0,0.0,0.04,0.05,0.01,0.02,0.02,0.07,0.01,0.09,0.07,0.03,10_sp_aij_4,36656,0.1,10,18630,1,5,even
1,7.272727272727273,0.3345722597099842,0.043563464082708,0.5171816538740238,0.2529159250609312,0.2257623336773254,0.1045262933687619,0.0539371320544728,0.06684015401462,0.1256762971679884,0.0525811417490528,10_sp_aij_4,36656,0.1,10,18630,1,5,even
2,14.84848484848485,0.2938683727486227,0.0163317457369483,0.4703412868550191,0.3087289826572504,0.3004717270712762,0.1457197638496535,0.1244159301284411,0.0924681817382475,0.1957332649667061,0.036925348881513,10_sp_aij_4,36656,0.1,10,18630,1,5,even
3,22.424242424242426,0.3024520751325575,0.0042275090475979,0.5280751446539552,0.2858624737392449,0.2911874284835318,0.1408535487909501,0.069830968407726,0.1039326483723878,0.1938550394378773,0.0437930853836545,10_sp_aij_4,36656,0.1,10,18630,1,5,even
4,30.0,0.2803863241722565,0.0,0.3948949580068582,0.3231892558471635,0.2657964502659366,0.1794551603146114,0.0476432376119511,0.06958406769018,0.1406323333533146,0.094273710699528,10_sp_aij_4,36656,0.1,10,18630,1,5,even
