,time,species_0,species_1,species_2,species_3,species_4,species_5,species_6,species_7,species_8,species_9,ground_truth,timeseries_id,noise,n_species,did,n_timeseries,n_timepoints,sampling_scheme
0,0.0,0.04,0.05,0.01,0.02,0.02,0.07,0.01,0.09,0.07,0.03,10_sp_aij_18,36656,0.01,10,5409,2,5,even
1,7.272727272727273,0.2917773081595595,0.2093517377033724,0.2032733703843026,0.34622913474004,0.0736185872086184,0.2305620949532917,0.1464607307935436,0.4177556831530124,0.1083189833413335,0.1319841973964979,10_sp_aij_18,36656,0.01,10,5409,2,5,even
2,14.84848484848485,0.2781765964374746,0.230226581454706,0.1916716630317007,0.3490892511279542,0.0642364296130341,0.2133024854804399,0.2047153313262027,0.4644758169261257,0.1269904952606494,0.1108486416244605,10_sp_aij_18,36656,0.01,10,5409,2,5,even
3,22.424242424242426,0.2792554468886605,0.2258446887838013,0.1931990318419983,0.3504774346555322,0.0603817519249562,0.2140254976384083,0.2032955079687259,0.4663304388456871,0.1287693234795313,0.1127239592865942,10_sp_aij_18,36656,0.01,10,5409,2,5,even
4,30.0,0.2773919664470233,0.2263983598498084,0.1906352311490351,0.359546070160863,0.061500904912522,0.2204048738361688,0.1980399109074716,0.4663759583394595,0.1269520801591782,0.1187520986546174,10_sp_aij_18,36656,0.01,10,5409,2,5,even
5,0.0,0.02,0.02,0.02,0.02,0.04,0.09,0.05,0.04,0.02,0.04,10_sp_aij_18,2369231,0.01,10,5409,2,5,even
6,7.272727272727273,0.2631473693335882,0.240710301056824,0.1814411037553279,0.3463347559832506,0.1007037241636673,0.1871388114900836,0.200385564483157,0.4420926890118462,0.0642604320741658,0.0845696949892168,10_sp_aij_18,2369231,0.01,10,5409,2,5,even
7,14.84848484848485,0.2805403183476549,0.2274169923124348,0.1880634546717616,0.3306467762938885,0.0646303410638881,0.2099671878212632,0.1975401648211255,0.473380363207841,0.1240129488656031,0.0944723162434242,10_sp_aij_18,2369231,0.01,10,5409,2,5,even
8,22.424242424242426,0.276849720936876,0.231622383165371,0.1908435950063263,0.3571376423138342,0.0629819273408379,0.2111309436582556,0.2013124412236306,0.4665491292239747,0.1251436166202743,0.1099136240805382,10_sp_aij_18,2369231,0.01,10,5409,2,5,even
9,30.0,0.290411591375211,0.2189604659974331,0.1831279367726674,0.3455137304702569,0.0605952822027356,0.2148386670834285,0.1991926195962855,0.4605054980542515,0.1248674020892706,0.116953969305912,10_sp_aij_18,2369231,0.01,10,5409,2,5,even
