,time,species_0,species_1,species_2,species_3,species_4,species_5,species_6,species_7,species_8,species_9,ground_truth,timeseries_id,noise,n_species,did,n_timeseries,n_timepoints,sampling_scheme
0,0.0,0.04,0.05,0.01,0.02,0.02,0.07,0.01,0.09,0.07,0.03,10_sp_aij_36,36656,0.1,10,16470,1,5,even
1,7.272727272727273,0.2081522273247226,0.1577837105760566,0.3122197649519087,0.1217521749839434,0.2415621189959686,0.2084206459325611,0.0,0.046329782841904,0.1533017104532099,0.0452520974898382,10_sp_aij_36,36656,0.1,10,16470,1,5,even
2,14.84848484848485,0.0715761974127537,0.0821189824251027,0.467650745087749,0.1623092723794332,0.395515530930062,0.2632555346642528,0.0,0.0081975813259073,0.1598847778228288,0.1285546325852557,10_sp_aij_36,36656,0.1,10,16470,1,5,even
3,22.424242424242426,0.071004016338715,0.0587911685556582,0.5469583207483258,0.1645689571696409,0.4108207436276604,0.2826422136453528,0.0,0.0,0.1481871917430497,0.1358065320937348,10_sp_aij_36,36656,0.1,10,16470,1,5,even
4,30.0,0.0499352601237397,0.0429272656906852,0.5574228138808117,0.2140212713582091,0.4226176586048487,0.3724194151967082,0.0,0.0,0.120289750819851,0.201677421881213,10_sp_aij_36,36656,0.1,10,16470,1,5,even
