,time,species_0,species_1,species_2,species_3,species_4,species_5,species_6,species_7,species_8,species_9,ground_truth,timeseries_id,noise,n_species,did,n_timeseries,n_timepoints,sampling_scheme
0,0.0,0.04,0.05,0.01,0.02,0.02,0.07,0.01,0.09,0.07,0.03,10_sp_aij_27,36656,0.1,10,11079,2,5,even
1,7.272727272727273,0.2268969189317265,0.3794488039477579,0.0677469753548012,0.1889171425543171,0.0525967622515667,0.9103775571145536,0.3467635186986441,0.1651596557192406,0.1591758268101751,0.4807397051933688,10_sp_aij_27,36656,0.1,10,11079,2,5,even
2,14.84848484848485,0.1506127296764892,0.391310520273861,0.1189101245370948,0.1596834443557531,0.0811506626394456,0.7628835091247779,0.2959657014861945,0.1884121880598911,0.255396355492555,0.56039373369063,10_sp_aij_27,36656,0.1,10,11079,2,5,even
3,22.424242424242426,0.179633752631154,0.3463349204615296,0.1254606932484085,0.162746180968681,0.0782880126287286,0.7562124231148133,0.2791049394556191,0.1853593074914347,0.2167138813228693,0.4497264031379498,10_sp_aij_27,36656,0.1,10,11079,2,5,even
4,30.0,0.1838885033098531,0.3899935092769951,0.0800092287789778,0.2135088567139076,0.0861302185469238,0.9058036712014926,0.2430885945009716,0.2399924267869802,0.1907293575809727,0.4839366864937399,10_sp_aij_27,36656,0.1,10,11079,2,5,even
5,0.0,0.02,0.02,0.02,0.02,0.04,0.09,0.05,0.04,0.02,0.04,10_sp_aij_27,2369231,0.1,10,11079,2,5,even
6,7.272727272727273,0.2230643630286511,0.4741267268268007,0.1004733951384238,0.142473601961826,0.1024735048126816,0.7664483741075673,0.2658882205099386,0.2458080547007481,0.1720406677574071,0.5039099545083073,10_sp_aij_27,2369231,0.1,10,11079,2,5,even
7,14.84848484848485,0.2342655913009983,0.3422957078231463,0.1015378681829486,0.184361813811299,0.0637912079173001,0.9639930365381908,0.3285249213444096,0.292983935923379,0.2123692792814773,0.6103853497389042,10_sp_aij_27,2369231,0.1,10,11079,2,5,even
8,22.424242424242426,0.1750247128404526,0.4184092549449886,0.1043830674603603,0.2419491736744518,0.1114483643818721,0.655745661726299,0.320706861795006,0.2351107792857261,0.1881860184073729,0.4984241650723815,10_sp_aij_27,2369231,0.1,10,11079,2,5,even
9,30.0,0.2716617545524213,0.2422540807191162,0.0589930187756279,0.167142480683964,0.1112159154901139,0.7242890545066402,0.3000551040880564,0.2007306803028077,0.1413623483114583,0.5933162023609307,10_sp_aij_27,2369231,0.1,10,11079,2,5,even
