,time,species_0,species_1,species_2,species_3,species_4,species_5,species_6,species_7,species_8,species_9,ground_truth,timeseries_id,noise,n_species,did,n_timeseries,n_timepoints,sampling_scheme
0,13.636363636363637,0.0679680599966248,0.0833085792098276,0.5399468819897293,0.1383251823916168,0.4561905779191567,0.3357918105349818,0.0,0.0114735936080545,0.144504926875267,0.1255838525244657,10_sp_aij_36,36656,0.1,10,16476,1,5,random
1,18.484848484848484,0.0710696077031463,0.0770954949202697,0.4696553029250914,0.1806442153673584,0.4534208881863636,0.3735106955616781,0.0,0.0040935918920027,0.1523554799086967,0.1807652497185564,10_sp_aij_36,36656,0.1,10,16476,1,5,random
2,22.424242424242426,0.071004016338715,0.0587911685556582,0.5469583207483258,0.1645689571696409,0.4108207436276604,0.2826422136453528,0.0,0.0,0.1481871917430497,0.1358065320937348,10_sp_aij_36,36656,0.1,10,16476,1,5,random
3,26.060606060606062,0.088037628983352,0.0587157417485549,0.4101068931740944,0.1760655797143046,0.602262625058077,0.3174594111911918,0.0,0.0,0.1685466775824029,0.2582727472105012,10_sp_aij_36,36656,0.1,10,16476,1,5,random
4,30.0,0.0499352601237397,0.0429272656906852,0.5574228138808117,0.2140212713582091,0.4226176586048487,0.3724194151967082,0.0,0.0,0.120289750819851,0.201677421881213,10_sp_aij_36,36656,0.1,10,16476,1,5,random
