,time,species_0,species_1,species_2,species_3,species_4,species_5,species_6,species_7,species_8,species_9,ground_truth,timeseries_id,noise,n_species,did,n_timeseries,n_timepoints,sampling_scheme
0,6.0606060606060606,0.0700840640378198,0.5286302578571394,0.0546579717000578,0.0920022613615874,0.1775323386058175,0.1030843120985701,0.0709240555542981,0.0527144985434135,0.2591956872890925,0.080006945785095,10_sp_aij_47,36656,0.01,10,22683,1,5,seq
1,7.272727272727273,0.0803681181397242,0.5202181330303385,0.0577557084883656,0.1051371330439346,0.1727244836078697,0.0895726129103706,0.0742864951046932,0.0474749445554768,0.2586870669454602,0.091708021481195,10_sp_aij_47,36656,0.01,10,22683,1,5,seq
2,8.484848484848484,0.0877623224441943,0.5212586707940208,0.0614590245386406,0.1149648952640711,0.1745297109464433,0.0787027630740435,0.0745838663871456,0.0455668320229157,0.2630835448574184,0.1035909697658432,10_sp_aij_47,36656,0.01,10,22683,1,5,seq
3,10.0,0.0904912630506057,0.5239159563025629,0.0654146068942638,0.1248631768850389,0.1763140343327884,0.0678742826856234,0.0731955668687592,0.0454142798604874,0.2650911483852777,0.1090582812611479,10_sp_aij_47,36656,0.01,10,22683,1,5,seq
4,11.212121212121213,0.0940942168886298,0.5092857977929658,0.0699363987271922,0.124126424430911,0.1715482644087757,0.0626681509981723,0.0724582453324243,0.0449188246004667,0.2648921382420285,0.1161949338857322,10_sp_aij_47,36656,0.01,10,22683,1,5,seq
