,time,species_0,species_1,species_2,species_3,species_4,species_5,species_6,species_7,species_8,species_9,ground_truth,timeseries_id,noise,n_species,did,n_timeseries,n_timepoints,sampling_scheme
0,13.636363636363637,0.1869424546252492,0.2741983854046934,0.2261478316188583,0.101391002536721,0.2208888041723153,0.2181756961725321,0.0713832878062493,0.0225653080356688,0.0430325614099266,0.160182902995795,10_sp_aij_45,36656,0.01,10,21606,1,5,random
1,18.484848484848484,0.2025396985811376,0.2925901185069493,0.2313990055618234,0.1145422708319571,0.223250636350462,0.2334301370641624,0.0919188053580834,0.0170768984423984,0.0315830071450937,0.1673327543399447,10_sp_aij_45,36656,0.01,10,21606,1,5,random
2,22.424242424242426,0.2055657296970261,0.2904927437479471,0.2414530541219912,0.1156676741328217,0.2229961348215262,0.2382638194188489,0.0959653006700991,0.0143426966637215,0.025220398612962,0.1634664520898212,10_sp_aij_45,36656,0.01,10,21606,1,5,random
3,26.060606060606062,0.2110805888936954,0.2900446145314461,0.2355114158123698,0.1170866715085092,0.2329804887025008,0.2427291784208081,0.0973510701514263,0.0120953068192644,0.0216335978918855,0.1713549279210621,10_sp_aij_45,36656,0.01,10,21606,1,5,random
4,30.0,0.2089016230188725,0.2906829654539138,0.2395473058691596,0.1201118484840022,0.2181072014605375,0.2422044888926336,0.094705220277946,0.010069986355757,0.0174845755407991,0.1671239159473502,10_sp_aij_45,36656,0.01,10,21606,1,5,random
