,time,species_0,species_1,species_2,species_3,species_4,species_5,species_6,species_7,species_8,species_9,ground_truth,timeseries_id,noise,n_species,did,n_timeseries,n_timepoints,sampling_scheme
0,0.0,0.04,0.05,0.01,0.02,0.02,0.07,0.01,0.09,0.07,0.03,10_sp_aij_11,36656,0.1,10,1897,1,10,random
1,7.272727272727273,0.013570997085457,0.0400001967499375,0.1914120687122572,0.3065013921308566,0.3060403741726428,0.0787267105394297,0.0476833531660983,0.0336624397780603,0.2074471663618206,0.3793740026803335,10_sp_aij_11,36656,0.1,10,1897,1,10,random
2,10.0,0.0045070768719145,0.0600591783779902,0.1594221518171731,0.3248361364141033,0.5384620742984066,0.0554230639667195,0.0552545717142774,0.0350623502617146,0.2121942650494523,0.3003754508373337,10_sp_aij_11,36656,0.1,10,1897,1,10,random
3,13.636363636363637,0.0,0.0642861318600908,0.2109365004020506,0.3133028735466228,0.4825805355575751,0.089421870192023,0.1091962942676409,0.0451947455270983,0.2311402226095127,0.5211546458208217,10_sp_aij_11,36656,0.1,10,1897,1,10,random
4,14.84848484848485,0.0,0.0681288257779904,0.1769059122670098,0.3738439816811153,0.4094117569022407,0.0667113549991683,0.1243121855205373,0.0449421842013362,0.2580265077632024,0.4857452237773397,10_sp_aij_11,36656,0.1,10,1897,1,10,random
5,17.272727272727273,0.0,0.0476825426608553,0.1634622833713695,0.3759520131331366,0.4297547505998322,0.0712120864435022,0.1080575222054925,0.0464777574701885,0.2614657299437312,0.5670512912582503,10_sp_aij_11,36656,0.1,10,1897,1,10,random
6,20.0,0.0,0.0691402113460914,0.1581383283851239,0.3746286987907692,0.4010385303846213,0.070030935369249,0.178782643023751,0.0545240582769746,0.2338312371404554,0.4626594619521699,10_sp_aij_11,36656,0.1,10,1897,1,10,random
7,23.63636363636364,0.0,0.0981962844269979,0.2005825162795555,0.4267457840103666,0.5031271953200847,0.035307326256933,0.1434999283315508,0.050513599699826,0.2224868718898494,0.5609370074831566,10_sp_aij_11,36656,0.1,10,1897,1,10,random
8,26.060606060606062,0.0,0.067357439083744,0.1398907637810444,0.3866982420606473,0.6313273333173868,0.0443770642545523,0.1020645586710157,0.0432823690872905,0.2657562170102033,0.6717278976097177,10_sp_aij_11,36656,0.1,10,1897,1,10,random
9,28.484848484848484,0.0,0.0647462791163324,0.1352833160737452,0.4887660360613238,0.4775476709961895,0.066786405105988,0.1283653341634007,0.0429324518135166,0.2022819926409119,0.5923072332639947,10_sp_aij_11,36656,0.1,10,1897,1,10,random
