,time,species_0,species_1,species_2,species_3,species_4,species_5,species_6,species_7,species_8,species_9,ground_truth,timeseries_id,noise,n_species,did,n_timeseries,n_timepoints,sampling_scheme
0,0.0,0.04,0.05,0.01,0.02,0.02,0.07,0.01,0.09,0.07,0.03,10_sp_aij_45,36656,0.01,10,21600,1,5,even
1,7.272727272727273,0.1914518788520373,0.1955319963040658,0.1315580992069719,0.0536340960574603,0.1722368059529606,0.1782459837153807,0.0225772951285623,0.0438152805550115,0.0531372541240744,0.1333311040696932,10_sp_aij_45,36656,0.01,10,21600,1,5,even
2,14.84848484848485,0.1929721826358614,0.2804162588557006,0.2280309669515854,0.1073896586494388,0.2204064994905868,0.2179914864392718,0.0798708024723928,0.0205928568385243,0.0399919611764285,0.1622695933732137,10_sp_aij_45,36656,0.01,10,21600,1,5,even
3,22.424242424242426,0.2055657296970261,0.2904927437479471,0.2414530541219912,0.1156676741328217,0.2229961348215262,0.2382638194188489,0.0959653006700991,0.0143426966637215,0.025220398612962,0.1634664520898212,10_sp_aij_45,36656,0.01,10,21600,1,5,even
4,30.0,0.2089016230188725,0.2906829654539138,0.2395473058691596,0.1201118484840022,0.2181072014605375,0.2422044888926336,0.094705220277946,0.010069986355757,0.0174845755407991,0.1671239159473502,10_sp_aij_45,36656,0.01,10,21600,1,5,even
