,time,species_0,species_1,species_2,species_3,species_4,species_5,species_6,species_7,species_8,species_9,ground_truth,timeseries_id,noise,n_species,did,n_timeseries,n_timepoints,sampling_scheme
0,0.0,0.04,0.05,0.01,0.02,0.02,0.07,0.01,0.09,0.07,0.03,10_sp_aij_44,36656,0.1,10,21339,2,5,even
1,7.272727272727273,0.2247657304274014,0.0305342735905758,0.0959296690201892,0.0507076297252723,0.2282381554891812,0.1849265933494879,0.103001965972319,0.1146047546993361,0.027999043179565,0.2380371465609152,10_sp_aij_44,36656,0.1,10,21339,2,5,even
2,14.84848484848485,0.0974578247224891,0.0057558635477011,0.0998429946306862,0.0760398332633544,0.2028619207845919,0.1511908248093094,0.145123652388191,0.1838347720429535,0.0215182487322983,0.2798658935570181,10_sp_aij_44,36656,0.1,10,21339,2,5,even
3,22.424242424242426,0.1434352401871122,0.0,0.1163931955274088,0.1035320568114078,0.2529885110938457,0.167210331892328,0.1110022287758323,0.1601069321234415,0.0382711017698385,0.2452002979275934,10_sp_aij_44,36656,0.1,10,21339,2,5,even
4,30.0,0.1282202452172787,0.0,0.0523890941567281,0.1536751682470687,0.2296964431909753,0.1644058294225315,0.082923934088595,0.207842735604894,0.034737414833884,0.2619677853655311,10_sp_aij_44,36656,0.1,10,21339,2,5,even
5,0.0,0.02,0.02,0.02,0.02,0.04,0.09,0.05,0.04,0.02,0.04,10_sp_aij_44,2369231,0.1,10,21339,2,5,even
6,7.272727272727273,0.2058108104425934,0.0063955012488969,0.094695096289951,0.0313538767768753,0.3315573244135739,0.1729747063457557,0.1023994959987124,0.2482270791840082,0.0218815412351161,0.2517751945273143,10_sp_aij_44,2369231,0.1,10,21339,2,5,even
7,14.84848484848485,0.1898277407305785,0.0046324944755631,0.0731947791507879,0.1002016960434233,0.2321997104891405,0.1883691491707599,0.1280439738583604,0.2161778102880189,0.0310390947333918,0.3181582040432619,10_sp_aij_44,2369231,0.1,10,21339,2,5,even
8,22.424242424242426,0.1424688503443054,0.0,0.0643900402228022,0.1294938707438695,0.3319060006366364,0.1249723004193709,0.1317903134039512,0.1907770796161024,0.0259184730423749,0.2448709631671247,10_sp_aij_44,2369231,0.1,10,21339,2,5,even
9,30.0,0.2279964150399252,0.0,0.0369743875754711,0.1384978782232247,0.318916160610377,0.0908838268029089,0.0999170845069669,0.1770340522801855,0.024588526298062,0.3449750911105755,10_sp_aij_44,2369231,0.1,10,21339,2,5,even
