,time,species_0,species_1,species_2,species_3,species_4,species_5,species_6,species_7,species_8,species_9,ground_truth,timeseries_id,noise,n_species,did,n_timeseries,n_timepoints,sampling_scheme
0,6.0606060606060606,0.0898310744824449,0.1112787518449322,0.0164280592326022,0.0720406534969363,0.0725312229103742,0.1777703706010708,0.0642991377229405,0.0763420069762762,0.0473534387019704,0.0977085112244958,10_sp_aij_43,36656,0.01,10,20523,1,5,seq
1,7.272727272727273,0.1024072072713011,0.1033074438663938,0.0182981340345383,0.0815215071641972,0.0780331535600172,0.1804394797204061,0.0747026111380543,0.0730923269030601,0.0451496090269405,0.0921913214514534,10_sp_aij_43,36656,0.01,10,20523,1,5,seq
2,8.484848484848484,0.1085231435130171,0.0961931156598477,0.0204619252410652,0.0884501152976316,0.0837904946986655,0.1837522741271085,0.0807689269271122,0.0730357264989078,0.0442859848224802,0.0868117547438005,10_sp_aij_43,36656,0.01,10,20523,1,5,seq
3,10.0,0.1078905646452343,0.0883356572243865,0.022991986612726,0.0948866980896912,0.0894209990801116,0.184014566864503,0.0852578500563795,0.0741617322793551,0.044029343740977,0.0766645454855666,10_sp_aij_43,36656,0.01,10,20523,1,5,seq
4,11.212121212121213,0.1069126990141919,0.0814244587185612,0.025590945829215,0.0938632053845951,0.0895426324876441,0.1881777394988873,0.0877824348287777,0.0737717135516684,0.0435187157588922,0.0737958824577319,10_sp_aij_43,36656,0.01,10,20523,1,5,seq
