,time,species_0,species_1,species_2,species_3,species_4,species_5,species_6,species_7,species_8,species_9,ground_truth,timeseries_id,noise,n_species,did,n_timeseries,n_timepoints,sampling_scheme
0,13.636363636363637,0.1057113148792681,0.0705119833901112,0.0318184069271803,0.1013078985242563,0.090086548765329,0.1993592812951858,0.0915193636532872,0.0757861720438429,0.0443612488763941,0.0706720014269168,10_sp_aij_43,36656,0.01,10,20526,1,5,random
1,18.484848484848484,0.1030353849810401,0.0616723584143356,0.0382114070734959,0.1076832537360371,0.0860900130081324,0.2040667903032346,0.0872694277808197,0.081214210891788,0.0473628623561959,0.0667301643641852,10_sp_aij_43,36656,0.01,10,20526,1,5,random
2,22.424242424242426,0.1003136269346347,0.0563412014879943,0.0452056652093016,0.1093286074054499,0.0836135369772255,0.199239706215437,0.085160811811098,0.081054493291733,0.0492212896578193,0.0624239409178891,10_sp_aij_43,36656,0.01,10,20526,1,5,random
3,26.060606060606062,0.1012343382268057,0.0563550310728269,0.0474596620974125,0.1083838801440091,0.0885198880151525,0.2019924582961046,0.083663744964145,0.0789685220209882,0.0514332299280156,0.0673055860401816,10_sp_aij_43,36656,0.01,10,20526,1,5,random
4,30.0,0.0967066108891905,0.0563489702955797,0.0482443040483108,0.1096964543132819,0.0857576960480797,0.2059449291220582,0.0801066618048511,0.0785975846761483,0.0487931743239084,0.0684110501713066,10_sp_aij_43,36656,0.01,10,20526,1,5,random
