,time,species_0,species_1,species_2,species_3,species_4,species_5,species_6,species_7,species_8,species_9,ground_truth,timeseries_id,noise,n_species,did,n_timeseries,n_timepoints,sampling_scheme
0,13.636363636363637,0.5325528612823086,0.3028666941489306,0.1868346576684129,0.3768053134457866,0.0529029684329612,0.2099210690024213,0.1376048356477007,0.3240739560188881,0.1209206980962221,0.1570202700949017,10_sp_aij_29,36656,0.01,10,11886,1,5,random
1,18.484848484848484,0.5581832697188429,0.3269796684198506,0.1852135461083447,0.3884005128300635,0.0697380371398668,0.2157376524309334,0.1411873012452566,0.3343607071118435,0.136037968068045,0.1349727491967222,10_sp_aij_29,36656,0.01,10,11886,1,5,random
2,22.424242424242426,0.5545621710520853,0.3222534914510123,0.1917992150591163,0.3839380923455572,0.0762949555467608,0.2083421984500488,0.1438807081102485,0.3319163179987023,0.1363079610895618,0.1258489713797771,10_sp_aij_29,36656,0.01,10,11886,1,5,random
3,26.060606060606062,0.5628255481998408,0.3234051867105041,0.1850230648779713,0.3844087839415531,0.0846432363299916,0.2141532255989225,0.1458661032219904,0.334851911140404,0.1393182784609606,0.1296239308716891,10_sp_aij_29,36656,0.01,10,11886,1,5,random
4,30.0,0.5597030921453602,0.3225085266319496,0.1850186940609139,0.3896776761901997,0.0798919346907657,0.2119522115582406,0.1423601040112987,0.3362226726647809,0.1308792114920619,0.1239837280682952,10_sp_aij_29,36656,0.01,10,11886,1,5,random
