,time,species_0,species_1,species_2,species_3,species_4,species_5,species_6,species_7,species_8,species_9,ground_truth,timeseries_id,noise,n_species,did,n_timeseries,n_timepoints,sampling_scheme
0,0.0,0.04,0.05,0.01,0.02,0.02,0.07,0.01,0.09,0.07,0.03,10_sp_aij_15,36656,0.1,10,4059,2,5,even
1,7.272727272727273,0.1278911146444332,0.100234819871221,0.0085925129948308,0.106786344755854,0.0337716566898787,0.1331635990565712,0.0681412889421861,0.1196589191525568,0.1127895749052089,0.0488394469321695,10_sp_aij_15,36656,0.1,10,4059,2,5,even
2,14.84848484848485,0.0702192803557669,0.0732980047140406,0.0235278617861678,0.1179732189049945,0.054128382339741,0.1913515360998712,0.2234137972841054,0.1107995217444239,0.2019286363510888,0.0416608792248333,10_sp_aij_15,36656,0.1,10,4059,2,5,even
3,22.424242424242426,0.1152299297900303,0.1081534656253507,0.039136203973114,0.1205097958732248,0.0564365979360692,0.1636197456224392,0.2024238423986798,0.1002696685313709,0.1906569837896245,0.0302768830194276,10_sp_aij_15,36656,0.1,10,4059,2,5,even
4,30.0,0.0892390333100218,0.0704192519442363,0.0340159979747402,0.1181622348187956,0.068031732068523,0.1660164694833284,0.1480391069913051,0.09731736869152,0.1732822144395102,0.083043471796306,10_sp_aij_15,36656,0.1,10,4059,2,5,even
5,0.0,0.02,0.02,0.02,0.02,0.04,0.09,0.05,0.04,0.02,0.04,10_sp_aij_15,2369231,0.1,10,4059,2,5,even
6,7.272727272727273,0.1382170944123865,0.0990076516795485,0.0198037287224864,0.1061785292251106,0.0551896521059705,0.144977312390364,0.11155353197054,0.2176439756388004,0.122306056009458,0.0223461041233594,10_sp_aij_15,2369231,0.1,10,4059,2,5,even
7,14.84848484848485,0.1201182115484144,0.0979544941004988,0.0137423285959138,0.1423800051240404,0.0517805863738318,0.2197036338451597,0.2156427593848734,0.1513217966957934,0.2101688339107462,0.0593706592627203,10_sp_aij_15,2369231,0.1,10,4059,2,5,even
8,22.424242424242426,0.100709132763776,0.1303600543558338,0.0150213355275024,0.138280593196141,0.0911965434109721,0.1438115775989726,0.2022417070659684,0.1207556927283424,0.1741307697104477,0.0528958561215282,10_sp_aij_15,2369231,0.1,10,4059,2,5,even
9,30.0,0.1730332485446317,0.050565732349088,0.0131120759704518,0.0656169701968037,0.1135545121253017,0.0895577626078665,0.1378987682778194,0.0822665771230636,0.1260407862163697,0.087651083347984,10_sp_aij_15,2369231,0.1,10,4059,2,5,even
