,time,species_0,species_1,species_2,species_3,species_4,species_5,species_6,species_7,species_8,species_9,ground_truth,timeseries_id,noise,n_species,did,n_timeseries,n_timepoints,sampling_scheme
0,0.0,0.04,0.05,0.01,0.02,0.02,0.07,0.01,0.09,0.07,0.03,10_sp_aij_24,36656,0.1,10,9459,2,5,even
1,7.272727272727273,0.1362903286255754,0.166637985148911,0.1377025299614171,0.0541018747035421,0.076415201486613,0.2486281344898505,0.1250857123482606,0.1225100534212892,0.1186372391358083,0.0411062233976221,10_sp_aij_24,36656,0.1,10,9459,2,5,even
2,14.84848484848485,0.0145303242621883,0.2320086323321885,0.1315787718778816,0.0682812437267094,0.1374171473727745,0.215189305419741,0.1339721912717231,0.1915042172155138,0.091841485921891,0.0282847096580555,10_sp_aij_24,36656,0.1,10,9459,2,5,even
3,22.424242424242426,0.0128987500107269,0.2305438860338344,0.1405600779392139,0.086813860620409,0.1382368464494207,0.216657936270378,0.1211725944315296,0.1834971506789063,0.0977155929153782,0.014998501461666,10_sp_aij_24,36656,0.1,10,9459,2,5,even
4,30.0,0.0088143458712732,0.243274010543217,0.0907081082676873,0.0991334328884609,0.1253535241032715,0.2802009195457837,0.0946028763371648,0.1700199729893173,0.0731747516739867,0.0284881783498921,10_sp_aij_24,36656,0.1,10,9459,2,5,even
5,0.0,0.02,0.02,0.02,0.02,0.04,0.09,0.05,0.04,0.02,0.04,10_sp_aij_24,2369231,0.1,10,9459,2,5,even
6,7.272727272727273,0.0849905609240553,0.2698470440355324,0.1068874725887165,0.0525082941483812,0.1769567188635704,0.1971830018627917,0.0792414209929028,0.2553090793716707,0.0956466506454711,0.0315883870731632,10_sp_aij_24,2369231,0.1,10,9459,2,5,even
7,14.84848484848485,0.0597465890163284,0.1736905068331222,0.127055688098366,0.0770741118190741,0.1093687586364006,0.2798833769174448,0.1262865659735323,0.2136346519525184,0.111887885544386,0.0241923646051397,10_sp_aij_24,2369231,0.1,10,9459,2,5,even
8,22.424242424242426,0.0275796269601712,0.2675555357521518,0.1027242217781874,0.0640287482819801,0.1636554054249185,0.2014957196489522,0.1097394477188272,0.1853030086037857,0.0701055654273902,0.026339467262666,10_sp_aij_24,2369231,0.1,10,9459,2,5,even
9,30.0,0.0521994912638214,0.1522201825089887,0.0637306976926593,0.0538602877209823,0.1618503024072216,0.2106382632654735,0.1254523082488956,0.1550487756280023,0.0654471941814536,0.0323192422153974,10_sp_aij_24,2369231,0.1,10,9459,2,5,even
