,time,species_0,species_1,species_2,species_3,species_4,species_5,species_6,species_7,species_8,species_9,ground_truth,timeseries_id,noise,n_species,did,n_timeseries,n_timepoints,sampling_scheme
0,0.0,0.04,0.05,0.01,0.02,0.02,0.07,0.01,0.09,0.07,0.03,10_sp_aij_13,36656,0.1,10,2971,1,10,even
1,3.333333333333333,0.0810592109099888,0.0304101850471844,0.1319101590075595,0.194522926041383,0.2813736959537175,0.1055941188492056,0.2576233068464624,0.0862634915278198,0.1539792322286379,0.0820235387061956,10_sp_aij_13,36656,0.1,10,2971,1,10,even
2,6.666666666666667,0.04010179798334,0.0315881504568564,0.2036076256192805,0.3163469372986732,0.3114570070416804,0.2046759819805508,0.2635694199544642,0.0502996336319943,0.1712861857431422,0.2068724198468818,10_sp_aij_13,36656,0.1,10,2971,1,10,even
3,10.0,0.0107421770752382,0.035288844122232,0.212643010107698,0.3585913658294034,0.3931186584055401,0.1797459296568514,0.2207409494377981,0.0303887029879822,0.1222511204713,0.1235810301546976,10_sp_aij_13,36656,0.1,10,2971,1,10,even
4,13.333333333333334,0.0031938174937974,0.0266712863316183,0.278200312020217,0.3557795243306496,0.2751856860750581,0.2770721475513659,0.2342425978123322,0.0250566079318545,0.146724278518768,0.2007559303559945,10_sp_aij_13,36656,0.1,10,2971,1,10,even
5,16.666666666666668,0.0,0.0165040591897969,0.2416327008190968,0.322320346478651,0.3468241091826119,0.1831939751069213,0.186506241248759,0.0202920208736349,0.1812472816489924,0.2629231961046248,10_sp_aij_13,36656,0.1,10,2971,1,10,even
6,20.0,0.0,0.0298488547158396,0.203565947191029,0.3312833509575705,0.2609770153297898,0.2318350462526178,0.2710462790688498,0.0165308876419217,0.145176840832913,0.1540656963310502,10_sp_aij_13,36656,0.1,10,2971,1,10,even
7,23.333333333333336,0.0,0.0381474678036277,0.2488193250382742,0.2989822090665667,0.3296710485722529,0.1687108747475226,0.2304615266712324,0.0138754871858933,0.1535456682061245,0.2285213386637103,10_sp_aij_13,36656,0.1,10,2971,1,10,even
8,26.666666666666668,0.0,0.0332785496211718,0.1917008940837495,0.333013943565201,0.415482584900364,0.2426526789460188,0.230135506877115,0.007033417436103,0.1503951880644243,0.276045973715124,10_sp_aij_13,36656,0.1,10,2971,1,10,even
9,30.0,0.0,0.0333736904610353,0.2329388795397838,0.3729500521515367,0.2267748144641173,0.2125539200834828,0.1455536356694412,0.0067698770897529,0.1447146998177486,0.2382007908362829,10_sp_aij_13,36656,0.1,10,2971,1,10,even
