,time,species_0,species_1,species_2,species_3,species_4,species_5,species_6,species_7,species_8,species_9,ground_truth,timeseries_id,noise,n_species,did,n_timeseries,n_timepoints,sampling_scheme
0,13.636363636363637,0.0677996529804106,0.0188989057989037,0.0,0.1093172044206962,0.3039260933152007,0.1451290013341259,0.4005916655368448,0.3227076965120936,0.0770150534440022,0.1177610345414619,10_sp_aij_48,36656,0.1,10,23496,1,5,random
1,18.484848484848484,0.1535661623592576,0.0095368417865456,0.0,0.123385683953786,0.3143020157647624,0.125460489665086,0.3010767815623859,0.2974041553359441,0.1353745075588974,0.129931168427644,10_sp_aij_48,36656,0.1,10,23496,1,5,random
2,22.424242424242426,0.1448337963831621,0.0051381598089853,0.0,0.1102500048254193,0.2599313456376472,0.0879846787073278,0.2511192302406471,0.249166352816868,0.1481156001871845,0.0915208323491136,10_sp_aij_48,36656,0.1,10,23496,1,5,random
3,26.060606060606062,0.1826259347988317,0.0066655202123727,0.0,0.1107598319641173,0.3912256500313771,0.0882432130602999,0.2514937374317246,0.1981298616987533,0.1882050642637057,0.1710293921484705,10_sp_aij_48,36656,0.1,10,23496,1,5,random
4,30.0,0.1894770357209242,0.0083103070943213,0.0,0.1802972297952207,0.2755537485466705,0.1201860095632523,0.2170931311524898,0.2078172645181367,0.1764861816952861,0.1522478389083644,10_sp_aij_48,36656,0.1,10,23496,1,5,random
