,time,species_0,species_1,species_2,species_3,species_4,species_5,species_6,species_7,species_8,species_9,ground_truth,timeseries_id,noise,n_species,did,n_timeseries,n_timepoints,sampling_scheme
0,0.0,0.04,0.05,0.01,0.02,0.02,0.07,0.01,0.09,0.07,0.03,10_sp_aij_18,36656,0.1,10,5679,2,5,even
1,7.272727272727273,0.2919664711117162,0.1702197445795227,0.2192051216636309,0.3206172841325632,0.0379063767636197,0.2200799815271448,0.1021325879867296,0.3188389700325674,0.0950972294346138,0.1032749681145689,10_sp_aij_18,36656,0.1,10,5679,2,5,even
2,14.84848484848485,0.212674262156228,0.225711980723257,0.2082075601182882,0.3674425543206642,0.0760268315942508,0.1675520738513891,0.2428078732412936,0.4115894070114368,0.086421862015623,0.0569627573451707,10_sp_aij_18,36656,0.1,10,5679,2,5,even
3,22.424242424242426,0.2321933642534387,0.1929270649511794,0.2308638926758218,0.3572367225188712,0.0634228838215992,0.1738273243645823,0.2100514247082287,0.4300289692913787,0.12377900163879,0.0721920676152882,10_sp_aij_18,36656,0.1,10,5679,2,5,even
4,30.0,0.2148323070935509,0.2056648836040106,0.2012011370858414,0.4382785144836413,0.0704702530170271,0.2344708648389019,0.1612020337086762,0.434533211372183,0.1053059683061758,0.1271011138580961,10_sp_aij_18,36656,0.1,10,5679,2,5,even
5,0.0,0.02,0.02,0.02,0.02,0.04,0.09,0.05,0.04,0.02,0.04,10_sp_aij_18,2369231,0.1,10,5679,2,5,even
6,7.272727272727273,0.2747331645226393,0.2870490976424817,0.1706721985372762,0.2910863134735946,0.109197312848275,0.1596714244092598,0.1558669811691634,0.5259635053120248,0.0777492469309057,0.0736217591754062,10_sp_aij_18,2369231,0.1,10,5679,2,5,even
7,14.84848484848485,0.2886747809108263,0.1584434064010161,0.2315225055097459,0.3853737420406633,0.047760165736888,0.2456742534053188,0.2025879195741803,0.5677871991458946,0.1246853709233543,0.1201310543068274,10_sp_aij_18,2369231,0.1,10,5679,2,5,even
8,22.424242424242426,0.2191354838832685,0.2385325291115299,0.2231459860674167,0.5082214711125785,0.0796720389021831,0.17439875397753,0.2106987424732113,0.4578204263521344,0.0979438036093688,0.1171969539291772,10_sp_aij_18,2369231,0.1,10,5679,2,5,even
9,30.0,0.3478468385997167,0.1357630232320739,0.1375877852647738,0.3242397016034704,0.064112361095396,0.1929855297485918,0.174168964692572,0.3772159040909473,0.0889564205259735,0.1362820022441084,10_sp_aij_18,2369231,0.1,10,5679,2,5,even
