,time,species_0,species_1,species_2,species_3,species_4,species_5,species_6,species_7,species_8,species_9,ground_truth,timeseries_id,noise,n_species,did,n_timeseries,n_timepoints,sampling_scheme
0,0.0,0.04,0.05,0.01,0.02,0.02,0.07,0.01,0.09,0.07,0.03,10_sp_aij_48,36656,0.1,10,23497,1,10,random
1,7.272727272727273,0.1483975905782036,0.0834303092173933,0.00305660854592,0.0998942888059108,0.194571600905989,0.1537742925282319,0.2797110409978773,0.2311959248012175,0.0771507102001302,0.1622945726542133,10_sp_aij_48,36656,0.1,10,23497,1,10,random
2,10.0,0.0931187401256146,0.0541450916982477,0.0,0.1098284831103184,0.358021281467781,0.1046403567400072,0.2670639372621539,0.2857689048377406,0.0867495639579648,0.0780503133768397,10_sp_aij_48,36656,0.1,10,23497,1,10,random
3,13.636363636363637,0.0677996529804106,0.0188989057989037,0.0,0.1093172044206962,0.3039260933152007,0.1451290013341259,0.4005916655368448,0.3227076965120936,0.0770150534440022,0.1177610345414619,10_sp_aij_48,36656,0.1,10,23497,1,10,random
4,14.84848484848485,0.0785879140428381,0.013807608104002,0.0,0.1212473087324418,0.2659925439281448,0.1062359620848155,0.3418191379520559,0.320523789221331,0.0852888855442322,0.1118739160918006,10_sp_aij_48,36656,0.1,10,23497,1,10,random
5,17.272727272727273,0.156051913220798,0.0079841215172162,0.0,0.1208799123104287,0.2765602002499351,0.1055236001983143,0.3248408694717986,0.2420673395457118,0.1331968304535045,0.1430151714868375,10_sp_aij_48,36656,0.1,10,23497,1,10,random
6,20.0,0.1599140883959543,0.0074596724314674,0.0,0.1167567493606944,0.2683788448961345,0.1105979861226538,0.3464282047095729,0.2998083818796643,0.1321382211650372,0.0991916653484145,10_sp_aij_48,36656,0.1,10,23497,1,10,random
7,23.63636363636364,0.1416877835102258,0.0089705906382733,0.0,0.122238458969077,0.2977673469515183,0.0659212751742884,0.3064297370809903,0.2597765545588419,0.1346768978165669,0.1302927429905633,10_sp_aij_48,36656,0.1,10,23497,1,10,random
8,26.060606060606062,0.1826259347988317,0.0066655202123727,0.0,0.1107598319641173,0.3912256500313771,0.0882432130602999,0.2514937374317246,0.1981298616987533,0.1882050642637057,0.1710293921484705,10_sp_aij_48,36656,0.1,10,23497,1,10,random
9,28.484848484848484,0.1766710023192501,0.0066979485948198,0.0,0.1797992431320023,0.2948984329681101,0.1212111796924554,0.2910240469615002,0.1818021578864255,0.168996630849899,0.1624521088568915,10_sp_aij_48,36656,0.1,10,23497,1,10,random
