,time,species_0,species_1,species_2,species_3,species_4,species_5,species_6,species_7,species_8,species_9,ground_truth,timeseries_id,noise,n_species,did,n_timeseries,n_timepoints,sampling_scheme
0,0.0,0.04,0.05,0.01,0.02,0.02,0.07,0.01,0.09,0.07,0.03,10_sp_aij_28,36656,0.01,10,11349,2,5,even
1,7.272727272727273,0.3754708270165922,0.1551244890147967,0.0073792411417492,0.1575120383459597,0.0581265971498557,0.1731457772882244,0.0312936889210592,0.4753776602092216,0.3162603144986473,0.1656143092023131,10_sp_aij_28,36656,0.01,10,11349,2,5,even
2,14.84848484848485,0.363954430392411,0.1512324478535653,0.0104456201504803,0.1474766920829922,0.0493403176146412,0.1735429417739741,0.0768110277177193,0.4814097889694823,0.3130056410288562,0.1547760165276725,10_sp_aij_28,36656,0.01,10,11349,2,5,even
3,22.424242424242426,0.3577931944173965,0.1478574524998649,0.013269339217008,0.1393583506263275,0.0448475991652962,0.1738664021507319,0.0866287309850487,0.4863025628790847,0.3051454984082217,0.1535787786244591,10_sp_aij_28,36656,0.01,10,11349,2,5,even
4,30.0,0.3585990807212945,0.1504143194091651,0.0142457411030894,0.1461260270888824,0.0462609435404641,0.1822850994254079,0.0839641782521321,0.4831923268541976,0.3052538195313879,0.1595235167428738,10_sp_aij_28,36656,0.01,10,11349,2,5,even
5,0.0,0.02,0.02,0.02,0.02,0.04,0.09,0.05,0.04,0.02,0.04,10_sp_aij_28,2369231,0.01,10,11349,2,5,even
6,7.272727272727273,0.3907153843869609,0.1321560091189452,0.0073190165639928,0.158615713868876,0.0702106825748189,0.1828637437458821,0.0562408639771598,0.5155677828917616,0.3325440786159647,0.174385397831231,10_sp_aij_28,2369231,0.01,10,11349,2,5,even
7,14.84848484848485,0.3652809792072696,0.1468184286356281,0.0100202017319278,0.1437855623991691,0.0455999238211919,0.1781224524632337,0.0844014457756939,0.4990061255567726,0.3076551749100803,0.1606471905446106,10_sp_aij_28,2369231,0.01,10,11349,2,5,even
8,22.424242424242426,0.3561752679516998,0.1537920202735008,0.0114879634017326,0.1419106175886698,0.0464117211170225,0.1738064655840729,0.0874059030781436,0.4856695913799849,0.3007803491321214,0.1557184621232852,10_sp_aij_28,2369231,0.01,10,11349,2,5,even
9,30.0,0.3704519450033942,0.1435153764511006,0.0124179718792675,0.1375108981502963,0.045410481245226,0.1730000172534102,0.087367831839895,0.4844833845737175,0.299484789556745,0.1622791413739832,10_sp_aij_28,2369231,0.01,10,11349,2,5,even
