,time,species_0,species_1,species_2,species_3,species_4,species_5,species_6,species_7,species_8,species_9,ground_truth,timeseries_id,noise,n_species,did,n_timeseries,n_timepoints,sampling_scheme
0,13.636363636363637,0.0615994566943013,0.3501187960105925,0.3577203090862558,0.150019696771444,0.2702904013015916,0.1631827331648101,0.0466839624301728,0.3198131996427314,0.060620496682756,0.371402959060334,10_sp_aij_22,36656,0.01,10,8106,1,5,random
1,18.484848484848484,0.0519478938728706,0.3887222260092099,0.3688959996313298,0.1630211479208636,0.29183318498834,0.1692738275183573,0.0462459112518143,0.3245899297420953,0.0890173618351347,0.3724236605632797,10_sp_aij_22,36656,0.01,10,8106,1,5,random
2,22.424242424242426,0.0483899132000913,0.382617133752447,0.3801808968000399,0.1679514039018131,0.2887378512358152,0.1680820674506472,0.0465049302966608,0.3205828576441653,0.0930475390037708,0.3698341688293641,10_sp_aij_22,36656,0.01,10,8106,1,5,random
3,26.060606060606062,0.0471514808765445,0.3782999393431293,0.3694456826577039,0.1671809679151861,0.2982879081666907,0.1671709532915076,0.0442485938800515,0.3200095000795974,0.0923948780498621,0.3842528080022711,10_sp_aij_22,36656,0.01,10,8106,1,5,random
4,30.0,0.0449592041386709,0.3794817123783557,0.376306501365024,0.1714016140696782,0.2850917062872966,0.1687742012828042,0.0429910097034516,0.3185128652748324,0.0900307578851572,0.3696902570645258,10_sp_aij_22,36656,0.01,10,8106,1,5,random
