,time,species_0,species_1,species_2,species_3,species_4,species_5,species_6,species_7,species_8,species_9,ground_truth,timeseries_id,noise,n_species,did,n_timeseries,n_timepoints,sampling_scheme
0,0.0,0.04,0.05,0.01,0.02,0.02,0.07,0.01,0.09,0.07,0.03,10_sp_aij_18,36656,0.1,10,5671,1,10,even
1,3.333333333333333,0.2675440001280544,0.175397224241273,0.1007715658976212,0.069760670325571,0.0441607318447235,0.213367752993293,0.0315999271501947,0.3213729386615674,0.0843727357902559,0.0359977619341452,10_sp_aij_18,36656,0.1,10,5671,1,10,even
2,6.666666666666667,0.3634623583482589,0.2277192640241067,0.1855411822949778,0.2609878914323543,0.0439182047730967,0.2125919561440996,0.0773980283954005,0.339974068232219,0.114920124144556,0.1124611482317919,10_sp_aij_18,36656,0.1,10,5671,1,10,even
3,10.0,0.1639059629248472,0.2263669445285483,0.2026367612011406,0.2995830215985028,0.0785455314152661,0.165386957789098,0.1598379498653674,0.4349649193447045,0.089732419331713,0.0572041506823801,10_sp_aij_18,36656,0.1,10,5671,1,10,even
4,13.333333333333334,0.1674696070334723,0.1948094150221836,0.2797049828913286,0.3546788553116978,0.095245894470629,0.2060977185302616,0.245047383202471,0.5108706773454773,0.0776909611887203,0.0626837861850068,10_sp_aij_18,36656,0.1,10,5671,1,10,even
5,16.666666666666668,0.2927963728766139,0.1480260972373222,0.206398077121468,0.3089619804006184,0.0928047493320967,0.1713716803502277,0.1771628982018731,0.4607734881528651,0.1165233843089383,0.097231037511113,10_sp_aij_18,36656,0.1,10,5671,1,10,even
6,20.0,0.2744745358739557,0.220247786173692,0.1804437120092578,0.3855330712655924,0.0595336746332755,0.2166628395904886,0.2600295796380043,0.4495085597741102,0.1100043863323694,0.0831770811972056,10_sp_aij_18,36656,0.1,10,5671,1,10,even
7,23.333333333333336,0.2062262278306772,0.2399104122243474,0.2040757457780817,0.30234414278743,0.0748049425251206,0.1469101258133578,0.242416271283885,0.4710969411982575,0.1114584068696777,0.0843538767187354,10_sp_aij_18,36656,0.1,10,5671,1,10,even
8,26.666666666666668,0.2908214617697865,0.1856705768579657,0.1504882021630175,0.2834404909841793,0.1172725792214307,0.2279950366265273,0.1983687046290775,0.3938613068631622,0.1230217683033681,0.0936339800335083,10_sp_aij_18,36656,0.1,10,5671,1,10,even
9,30.0,0.2148323070935509,0.2056648836040106,0.2012011370858414,0.4382785144836413,0.0704702530170271,0.2344708648389019,0.1612020337086762,0.434533211372183,0.1053059683061758,0.1271011138580961,10_sp_aij_18,36656,0.1,10,5671,1,10,even
