,time,species_0,species_1,species_2,species_3,species_4,species_5,species_6,species_7,species_8,species_9,ground_truth,timeseries_id,noise,n_species,did,n_timeseries,n_timepoints,sampling_scheme
0,0.0,0.04,0.05,0.01,0.02,0.02,0.07,0.01,0.09,0.07,0.03,10_sp_aij_20,36656,0.01,10,7020,1,5,even
1,7.272727272727273,0.1147844150242471,0.1031074944665688,0.1381555648208381,0.21152617279514,0.0302006535430915,0.3471501897587684,0.1025649354472227,0.2209499799641016,0.147145632386567,0.1536411436225637,10_sp_aij_20,36656,0.01,10,7020,1,5,even
2,14.84848484848485,0.0920037645186918,0.0651180021191932,0.1547963109953236,0.2021353231192499,0.0639149982455036,0.3223629895965753,0.0937125700113638,0.1931028053196651,0.1603670346103366,0.1722600760508271,10_sp_aij_20,36656,0.01,10,7020,1,5,even
3,22.424242424242426,0.0852602062978564,0.0548671278411133,0.1595685437611271,0.2028191209332472,0.0719082006746472,0.3148144779312691,0.0875114813568909,0.1865849883699983,0.1581497646364217,0.169512477858945,10_sp_aij_20,36656,0.01,10,7020,1,5,even
4,30.0,0.0819354838455237,0.0516315798724846,0.1544445062982901,0.2034965520453498,0.0712668713919374,0.317588105728142,0.08071672157635,0.1825898602345487,0.1554476539927489,0.1729186043259154,10_sp_aij_20,36656,0.01,10,7020,1,5,even
