,time,species_0,species_1,species_2,species_3,species_4,species_5,species_6,species_7,species_8,species_9,ground_truth,timeseries_id,noise,n_species,did,n_timeseries,n_timepoints,sampling_scheme
0,13.636363636363637,0.0829725227976855,0.144647023474016,0.3935289685184635,0.3253727372889466,0.1653027821651195,0.3319691855377913,0.1941921022105076,0.3534902497578979,0.0885656757054646,0.2576579663895183,10_sp_aij_26,36656,0.01,10,10266,1,5,random
1,18.484848484848484,0.0865619327470325,0.1533885689953444,0.3853812989769538,0.335722522388084,0.1618352715106707,0.3364879821778956,0.1954805988094115,0.3595948903182468,0.0886019952618524,0.2638164184852842,10_sp_aij_26,36656,0.01,10,10266,1,5,random
2,22.424242424242426,0.0853569567547521,0.1453044621475825,0.3958631862954193,0.3317381472667811,0.1655646174794917,0.3260852110971684,0.1922118561168996,0.3546621992406463,0.0881196855019817,0.2585474182299332,10_sp_aij_26,36656,0.01,10,10266,1,5,random
3,26.060606060606062,0.0874806166151322,0.1457227275675362,0.3856218081399875,0.3345436417291584,0.1747136815437635,0.3304307622428816,0.1927226079605814,0.3532547811047294,0.0903976263988139,0.2695560553114483,10_sp_aij_26,36656,0.01,10,10266,1,5,random
4,30.0,0.0859296638786838,0.1503771158734867,0.3886773750303549,0.3430229023559115,0.1603293805554514,0.3392582608232142,0.1899645756745532,0.3555340432314895,0.0849156498106436,0.2657689783509054,10_sp_aij_26,36656,0.01,10,10266,1,5,random
