,time,species_0,species_1,species_2,species_3,species_4,species_5,species_6,species_7,species_8,species_9,ground_truth,timeseries_id,noise,n_species,did,n_timeseries,n_timepoints,sampling_scheme
0,6.0606060606060606,0.0888284328549617,0.2207027399521711,0.2413706153833888,0.1810820390392258,0.1304348172396237,0.1150105896171708,0.0554626175571167,0.2075356894134752,0.0396853477920693,0.33518492333542,10_sp_aij_22,36656,0.01,10,8103,1,5,seq
1,7.272727272727273,0.0928159918671822,0.2409038297279713,0.2828713056377681,0.1695676869821439,0.1510838244160931,0.1237065438934355,0.0518090100452747,0.2369362185546262,0.0342844754210272,0.336581609431957,10_sp_aij_22,36656,0.01,10,8103,1,5,seq
2,8.484848484848484,0.0898414714967485,0.2706033194827426,0.2983767982046183,0.1587487671909138,0.1823738120103532,0.1338212308183343,0.0474541296414682,0.2655733031558976,0.033879988904113,0.3466500712799953,10_sp_aij_22,36656,0.01,10,8103,1,5,seq
3,10.0,0.0790924694779904,0.3057912132505496,0.313153336169735,0.1528927173208024,0.2235549942115296,0.1413101168084518,0.0453680468081061,0.2911613709381206,0.0383918463890025,0.3414285728728606,10_sp_aij_22,36656,0.01,10,8103,1,5,seq
4,11.212121212121213,0.0712641254599285,0.3194249264311944,0.329353991303344,0.1451687712340302,0.2438274593517166,0.1492588012408722,0.0457205830088772,0.2989893305414143,0.0436171982920415,0.3594214801321214,10_sp_aij_22,36656,0.01,10,8103,1,5,seq
