,time,species_0,species_1,species_2,species_3,species_4,species_5,species_6,species_7,species_8,species_9,ground_truth,timeseries_id,noise,n_species,did,n_timeseries,n_timepoints,sampling_scheme
0,13.636363636363637,0.1239653212830923,0.2186608607831416,0.0438446297702857,0.0464966840895205,0.2066775910212509,0.2593643396422848,0.0847502994753161,0.4963089671393133,0.118016441372383,0.3652170965967278,10_sp_aij_39,36656,0.01,10,17826,1,5,random
1,18.484848484848484,0.1300209811045587,0.226703296482441,0.0382309294508858,0.0574361840386432,0.2087935160580122,0.2552669439071445,0.0856808992835252,0.4945845147494009,0.1231574589721795,0.365432960371387,10_sp_aij_39,36656,0.01,10,17826,1,5,random
2,22.424242424242426,0.1310732413922092,0.2200427262201059,0.0379298328235822,0.0590130406133354,0.2064021472994206,0.2479904109910625,0.0862730634640824,0.4855183296779083,0.1243493754259562,0.3629934908039802,10_sp_aij_39,36656,0.01,10,17826,1,5,random
3,26.060606060606062,0.1356264603293488,0.2224882600540953,0.0355869192929169,0.059741788634388,0.216356539458956,0.252536727381098,0.0848174408927164,0.4880695791456975,0.1248737766651665,0.377939247391668,10_sp_aij_39,36656,0.01,10,17826,1,5,random
4,30.0,0.1298082432370012,0.2229050674349435,0.0340430290860506,0.0626734426904107,0.2049124685801471,0.2550896757474253,0.0836348708315947,0.4865736403980258,0.1225988035183094,0.3638546367667754,10_sp_aij_39,36656,0.01,10,17826,1,5,random
