,time,species_0,species_1,species_2,species_3,species_4,species_5,species_6,species_7,species_8,species_9,ground_truth,timeseries_id,noise,n_species,did,n_timeseries,n_timepoints,sampling_scheme
0,0.0,0.04,0.05,0.01,0.02,0.02,0.07,0.01,0.09,0.07,0.03,10_sp_aij_4,36656,0.1,10,18631,1,10,even
1,3.333333333333333,0.2779831823632979,0.0769812025713328,0.2284719379749953,0.1392582394143324,0.1031908844441362,0.0762277027319365,0.0501500801703447,0.0353485018618124,0.0969659205660894,0.0501594045233965,10_sp_aij_4,36656,0.1,10,18631,1,10,even
2,6.666666666666667,0.4047063179909067,0.0645269866543536,0.4062916511623252,0.2146758488502539,0.2641794608431486,0.1003143951902239,0.0546623344875263,0.0714819476233666,0.1618500235046813,0.0604420705204182,10_sp_aij_4,36656,0.1,10,18631,1,10,even
3,10.0,0.2343166219955555,0.0377409207439152,0.3683524772511979,0.236834566271781,0.3752113115623541,0.0977217818759822,0.0591245237317375,0.0918686124711521,0.146777542310328,0.0282446264427467,10_sp_aij_4,36656,0.1,10,18631,1,10,even
4,13.333333333333334,0.2597260837881419,0.019879079883848,0.53352316209201,0.2749739317389855,0.3267849665564515,0.1721999860745997,0.1066156326670012,0.1027253535140553,0.1798719777758451,0.0362642696560542,10_sp_aij_4,36656,0.1,10,18631,1,10,even
5,16.666666666666668,0.3805082586434674,0.0074496343365165,0.4445728287436024,0.2828445214953619,0.3666689413039325,0.1335148722545495,0.079600923031017,0.1084918012444484,0.2076648299144563,0.0670784821575996,10_sp_aij_4,36656,0.1,10,18631,1,10,even
6,20.0,0.326733986006345,0.0068770816904684,0.4165482052541343,0.2915376306240688,0.2930758838770511,0.1662154716684829,0.0986446792366958,0.1059208714179498,0.1761867230862923,0.0521998054399691,10_sp_aij_4,36656,0.1,10,18631,1,10,even
7,23.333333333333336,0.2771779511061707,0.0051678075185286,0.4526601652134935,0.2534657059779914,0.3492282016831851,0.1167952946668827,0.0841363071102362,0.107308045431583,0.1787701370970981,0.0593870469641493,10_sp_aij_4,36656,0.1,10,18631,1,10,even
8,26.666666666666668,0.3901015679033026,0.0032080437395488,0.368711725007563,0.2216691122278856,0.4079465299452129,0.1548644966577524,0.0561909848875186,0.0752199758596238,0.1777756009084287,0.085586873745752,10_sp_aij_4,36656,0.1,10,18631,1,10,even
9,30.0,0.2803863241722565,0.0,0.3948949580068582,0.3231892558471635,0.2657964502659366,0.1794551603146114,0.0476432376119511,0.06958406769018,0.1406323333533146,0.094273710699528,10_sp_aij_4,36656,0.1,10,18631,1,10,even
