,time,species_0,species_1,species_2,species_3,species_4,species_5,species_6,species_7,species_8,species_9,ground_truth,timeseries_id,noise,n_species,did,n_timeseries,n_timepoints,sampling_scheme
0,6.0606060606060606,0.0185419223506939,0.0749050282335313,0.2974850375890976,0.0695352148059353,0.0585049509466691,0.0406185029445729,0.0901641110435559,0.3481687371018317,0.0842840831637627,0.1269648468586496,10_sp_aij_21,36656,0.01,10,7563,1,5,seq
1,7.272727272727273,0.0160150003108294,0.0739606117147793,0.3328290069532506,0.1294545442290985,0.0719622322667868,0.0396696923183315,0.1259710165140085,0.3878288496969742,0.071522785926602,0.1235578558028009,10_sp_aij_21,36656,0.01,10,7563,1,5,seq
2,8.484848484848484,0.013781284547707,0.0787826530457639,0.3473036154725055,0.2082758057590388,0.086897376137371,0.0460017554283083,0.1554899515664515,0.4274869597671898,0.0633835829265766,0.1142036564690988,10_sp_aij_21,36656,0.01,10,7563,1,5,seq
3,10.0,0.0113525209287239,0.0903925925982284,0.3597630198465154,0.284061071330692,0.1010438965816436,0.0666061547659661,0.1781861709258063,0.455670718582334,0.0599021892833155,0.0916180963010693,10_sp_aij_21,36656,0.01,10,7563,1,5,seq
4,11.212121212121213,0.0102259117793701,0.0983789628876829,0.3715431851731561,0.2999869131756463,0.107202154303718,0.0954601364076047,0.1839627949568184,0.4573127297088206,0.0603027163220201,0.0798710848493591,10_sp_aij_21,36656,0.01,10,7563,1,5,seq
