,time,species_0,species_1,species_2,species_3,species_4,species_5,species_6,species_7,species_8,species_9,ground_truth,timeseries_id,noise,n_species,did,n_timeseries,n_timepoints,sampling_scheme
0,0.0,0.04,0.05,0.01,0.02,0.02,0.07,0.01,0.09,0.07,0.03,10_sp_aij_18,36656,0.1,10,5670,1,5,even
1,7.272727272727273,0.2919664711117162,0.1702197445795227,0.2192051216636309,0.3206172841325632,0.0379063767636197,0.2200799815271448,0.1021325879867296,0.3188389700325674,0.0950972294346138,0.1032749681145689,10_sp_aij_18,36656,0.1,10,5670,1,5,even
2,14.84848484848485,0.212674262156228,0.225711980723257,0.2082075601182882,0.3674425543206642,0.0760268315942508,0.1675520738513891,0.2428078732412936,0.4115894070114368,0.086421862015623,0.0569627573451707,10_sp_aij_18,36656,0.1,10,5670,1,5,even
3,22.424242424242426,0.2321933642534387,0.1929270649511794,0.2308638926758218,0.3572367225188712,0.0634228838215992,0.1738273243645823,0.2100514247082287,0.4300289692913787,0.12377900163879,0.0721920676152882,10_sp_aij_18,36656,0.1,10,5670,1,5,even
4,30.0,0.2148323070935509,0.2056648836040106,0.2012011370858414,0.4382785144836413,0.0704702530170271,0.2344708648389019,0.1612020337086762,0.434533211372183,0.1053059683061758,0.1271011138580961,10_sp_aij_18,36656,0.1,10,5670,1,5,even
