,time,species_0,species_1,species_2,species_3,species_4,species_5,species_6,species_7,species_8,species_9,ground_truth,timeseries_id,noise,n_species,did,n_timeseries,n_timepoints,sampling_scheme
0,6.0606060606060606,0.0702991437986524,0.1158123571789043,0.2546706312078638,0.2737083201485523,0.0413570669011773,0.184024539384447,0.0040749940598006,0.1391556510785774,0.2606797022829473,0.0661994676292463,10_sp_aij_10,36656,0.1,10,1353,1,5,seq
1,7.272727272727273,0.0543093218321319,0.1172623899190971,0.3057362134572312,0.2575447924869264,0.0342000703713238,0.1807982354785279,0.0048951178696668,0.0912083979185443,0.1986133159075678,0.055831959332711,10_sp_aij_10,36656,0.1,10,1353,1,5,seq
2,8.484848484848484,0.0319168314495495,0.156145669827122,0.2751435662839589,0.221795310972934,0.0445049426782247,0.1861256485667102,0.0062397069995303,0.0774027975095925,0.1949711881009359,0.055572538418569,10_sp_aij_10,36656,0.1,10,1353,1,5,seq
3,10.0,0.0126777049632207,0.1769569384047433,0.264640463858947,0.2233224137953663,0.0783812386674414,0.1538387951040606,0.0092566773271676,0.0876905836088573,0.1871564191533318,0.0286144301057963,10_sp_aij_10,36656,0.1,10,1353,1,5,seq
4,11.212121212121213,0.0074407244335245,0.1487277000556212,0.327644838958356,0.1475558769837236,0.0881303119159044,0.1749010008456626,0.015238871931594,0.0844071274033796,0.1621443063030554,0.0301339340871303,10_sp_aij_10,36656,0.1,10,1353,1,5,seq
