,time,species_0,species_1,species_2,species_3,species_4,species_5,species_6,species_7,species_8,species_9,ground_truth,timeseries_id,noise,n_species,did,n_timeseries,n_timepoints,sampling_scheme
0,0.0,0.04,0.05,0.01,0.02,0.02,0.07,0.01,0.09,0.07,0.03,10_sp_aij_42,36656,0.01,10,19980,1,5,even
1,7.272727272727273,0.0611487259826291,0.1228944783578042,0.1425906412586318,0.292012755901515,0.3146352758581857,0.2012735109908817,0.2180130549224635,0.0722184833517842,0.1929730470345773,0.2825020973788884,10_sp_aij_42,36656,0.01,10,19980,1,5,even
2,14.84848484848485,0.0798483829315717,0.0923608034797374,0.2201190094924043,0.3316628755418198,0.3573948544612,0.2217875094795907,0.2303728540073651,0.0137353013225286,0.2117452773512499,0.2234373316553288,10_sp_aij_42,36656,0.01,10,19980,1,5,even
3,22.424242424242426,0.0955487378063073,0.091481008085646,0.2149730177990136,0.3240872558720998,0.341906495321589,0.2181931536211898,0.2127668360278233,0.0058597193337556,0.2059696497088036,0.2191700679613962,10_sp_aij_42,36656,0.01,10,19980,1,5,even
4,30.0,0.0980553721021082,0.092517468434196,0.2040409947702215,0.3267961336195277,0.3412144715633907,0.2201342061589995,0.2047683382468031,0.0036228905619836,0.2000921392653747,0.2242027912939907,10_sp_aij_42,36656,0.01,10,19980,1,5,even
