,time,species_0,species_1,species_2,species_3,species_4,species_5,species_6,species_7,species_8,species_9,ground_truth,timeseries_id,noise,n_species,did,n_timeseries,n_timepoints,sampling_scheme
0,6.0606060606060606,0.1075123450311441,0.1354124377520114,0.0034710373884507,0.0772274388477229,0.2138176297631982,0.1621804834441501,0.2426809801435777,0.2558930089990637,0.0884753920794321,0.1946020689991897,10_sp_aij_48,36656,0.1,10,23493,1,5,seq
1,7.272727272727273,0.1483975905782036,0.0834303092173933,0.00305660854592,0.0998942888059108,0.194571600905989,0.1537742925282319,0.2797110409978773,0.2311959248012175,0.0771507102001302,0.1622945726542133,10_sp_aij_48,36656,0.1,10,23493,1,5,seq
2,8.484848484848484,0.1415027969822459,0.0693269262379607,0.0029423941544781,0.1017357311805649,0.2743261320250329,0.1406906811403415,0.2525969325625504,0.2739307780080913,0.0854490547232441,0.1668209501079287,10_sp_aij_48,36656,0.1,10,23493,1,5,seq
3,10.0,0.0931187401256146,0.0541450916982477,0.0,0.1098284831103184,0.358021281467781,0.1046403567400072,0.2670639372621539,0.2857689048377406,0.0867495639579648,0.0780503133768397,10_sp_aij_48,36656,0.1,10,23493,1,5,seq
4,11.212121212121213,0.0650431150519765,0.0367885182998748,0.0,0.0627572998379583,0.297598042051692,0.1045812546507049,0.2768271027766659,0.2671867281864824,0.0677798490413343,0.0864767431305848,10_sp_aij_48,36656,0.1,10,23493,1,5,seq
