,time,species_0,species_1,species_2,species_3,species_4,species_5,species_6,species_7,species_8,species_9,ground_truth,timeseries_id,noise,n_species,did,n_timeseries,n_timepoints,sampling_scheme
0,6.0606060606060606,0.0838395978061429,0.5315503880677444,0.0513690374377528,0.307022197109637,0.7088848389147628,0.1590166620319618,0.07927506510517,0.1142841211429249,0.3008452958313274,0.6152819515754064,10_sp_aij_5,36656,0.01,10,24303,1,5,seq
1,7.272727272727273,0.0793833205942466,0.542648259574471,0.1183698876637548,0.3286105773219898,0.7707917959255377,0.1400151107804919,0.0781716411516954,0.1363923156602427,0.3420665040488901,0.6486579206928073,10_sp_aij_5,36656,0.01,10,24303,1,5,seq
2,8.484848484848484,0.0763489904422196,0.5448512718780301,0.2134991453300969,0.3423878656596787,0.8340729008076233,0.1158818900569572,0.0795718731998823,0.1811086648403625,0.3788099251848001,0.6772861702043275,10_sp_aij_5,36656,0.01,10,24303,1,5,seq
3,10.0,0.0742583519175705,0.544423493723084,0.3113910147314461,0.3751334299218442,0.8790479216883051,0.0826510233008736,0.0951735397608968,0.2537076074260876,0.4244920757107365,0.6629821526159732,10_sp_aij_5,36656,0.01,10,24303,1,5,seq
4,11.212121212121213,0.0738749684744323,0.5219942125760243,0.3558366382974664,0.3744513716212251,0.9021445685357994,0.0641526499869047,0.118407002289431,0.2913774734024304,0.4448723950972042,0.6918546323636716,10_sp_aij_5,36656,0.01,10,24303,1,5,seq
