,time,species_0,species_1,species_2,species_3,species_4,species_5,species_6,species_7,species_8,species_9,ground_truth,timeseries_id,noise,n_species,did,n_timeseries,n_timepoints,sampling_scheme
0,0.0,0.04,0.05,0.01,0.02,0.02,0.07,0.01,0.09,0.07,0.03,10_sp_aij_22,36656,0.01,10,8100,1,5,even
1,7.272727272727273,0.0928159918671822,0.2409038297279713,0.2828713056377681,0.1695676869821439,0.1510838244160931,0.1237065438934355,0.0518090100452747,0.2369362185546262,0.0342844754210272,0.336581609431957,10_sp_aij_22,36656,0.01,10,8100,1,5,even
2,14.84848484848485,0.0585624019774193,0.3615902242562759,0.3583381826404332,0.1548869066388372,0.2761602319678735,0.1616924600982222,0.0475232207265828,0.317681591436172,0.0705227053713992,0.3707673442328392,10_sp_aij_22,36656,0.01,10,8100,1,5,even
3,22.424242424242426,0.0483899132000913,0.382617133752447,0.3801808968000399,0.1679514039018131,0.2887378512358152,0.1680820674506472,0.0465049302966608,0.3205828576441653,0.0930475390037708,0.3698341688293641,10_sp_aij_22,36656,0.01,10,8100,1,5,even
4,30.0,0.0449592041386709,0.3794817123783557,0.376306501365024,0.1714016140696782,0.2850917062872966,0.1687742012828042,0.0429910097034516,0.3185128652748324,0.0900307578851572,0.3696902570645258,10_sp_aij_22,36656,0.01,10,8100,1,5,even
