,time,species_0,species_1,species_2,species_3,species_4,species_5,species_6,species_7,species_8,species_9,ground_truth,timeseries_id,noise,n_species,did,n_timeseries,n_timepoints,sampling_scheme
0,6.0606060606060606,0.2023473872688461,0.152527822486674,0.2416888075162548,0.0459144358333583,0.0201146417462892,0.0942300563787839,0.0864541206173094,0.1913219634648456,0.2560883911712492,0.2077043242115225,10_sp_aij_49,36656,0.1,10,24033,1,5,seq
1,7.272727272727273,0.2270337349878304,0.1135525388120104,0.3045733751138769,0.0392241929015766,0.0116174690831138,0.089696184322119,0.1216319010280431,0.1524796060118122,0.2054213360601029,0.1679641721098353,10_sp_aij_49,36656,0.1,10,24033,1,5,seq
2,8.484848484848484,0.2083381720279164,0.1059090249329911,0.2820208317913218,0.0304010109154789,0.0116982486014755,0.0986013523848224,0.1305139295517888,0.1576008314076007,0.2073351989704335,0.1681542657865525,10_sp_aij_49,36656,0.1,10,24033,1,5,seq
3,10.0,0.1489886172051122,0.1032747932643834,0.2649954958419769,0.0274467089009388,0.0162548395671428,0.0897354417240493,0.1245877487354392,0.172236323264095,0.2174279431916062,0.0938198906650711,10_sp_aij_49,36656,0.1,10,24033,1,5,seq
4,11.212121212121213,0.1354310703391159,0.0840944555426042,0.3096218337594973,0.0145713070704195,0.0171980977673975,0.1048900015574816,0.1336945043227402,0.1435338040354372,0.186860888726304,0.1148527472707376,10_sp_aij_49,36656,0.1,10,24033,1,5,seq
