,time,species_0,species_1,species_2,species_3,species_4,species_5,species_6,species_7,species_8,species_9,ground_truth,timeseries_id,noise,n_species,did,n_timeseries,n_timepoints,sampling_scheme
0,0.0,0.04,0.05,0.01,0.02,0.02,0.07,0.01,0.09,0.07,0.03,10_sp_aij_8,36656,0.1,10,26199,2,5,even
1,7.272727272727273,0.6064119764698824,0.831803947770152,0.3110650058454495,0.2002057862346733,0.610924289163073,0.5623008368472462,0.2381709996302627,0.7102552422913891,0.3272282492390412,0.3492638188211041,10_sp_aij_8,36656,0.1,10,26199,2,5,even
2,14.84848484848485,0.8197131278176564,1.5374466011120371,0.9482356826011826,0.7309265228914804,0.9638515507024036,1.1387450512773432,0.6760018967491683,1.3144020580105704,1.043337936526066,0.7623914587349571,10_sp_aij_8,36656,0.1,10,26199,2,5,even
3,22.424242424242426,0.8520798140483805,1.9664709805373872,0.9770469856803168,0.879891281948001,1.10100628875205,1.3311097537617806,0.6660824661077125,1.5636407618432049,0.9781015974321964,0.7362245590203782,10_sp_aij_8,36656,0.1,10,26199,2,5,even
4,30.0,0.9223293723135992,1.682872790559136,0.9591833757431756,1.0405215242403525,1.0864290236303225,1.592027873691127,0.7088252009644469,1.452204270528534,1.2533083338940485,0.7701149500896171,10_sp_aij_8,36656,0.1,10,26199,2,5,even
5,0.0,0.02,0.02,0.02,0.02,0.04,0.09,0.05,0.04,0.02,0.04,10_sp_aij_8,2369231,0.1,10,26199,2,5,even
6,7.272727272727273,0.6820478192741206,1.0332567233874728,0.3518925004132512,0.1814698152097233,0.7972325384978971,0.4996681532529767,0.2780892263775852,1.0195274591883898,0.4007516466895054,0.3892592639965707,10_sp_aij_8,2369231,0.1,10,26199,2,5,even
7,14.84848484848485,1.0782802118831294,1.4324476983703571,1.055330929680485,1.0271269361182331,1.08351710369752,1.5133163162999954,0.8158931699819746,1.965873837450988,1.1706592337876591,0.9280963217303034,10_sp_aij_8,2369231,0.1,10,26199,2,5,even
8,22.424242424242426,0.8697197293964701,1.873764783353116,1.0065388998255085,0.9720754235025116,1.4846556120590506,1.2263019952096603,0.8248526819193814,1.578571625857794,1.073548650673842,0.8040734690579141,10_sp_aij_8,2369231,0.1,10,26199,2,5,even
9,30.0,1.0493813841920363,1.2202031286008364,0.7501059012374487,0.760577942818225,1.3272733031322417,1.3351691430491126,0.7569037483172181,1.459863051528358,0.911054740567654,1.07265808295995,10_sp_aij_8,2369231,0.1,10,26199,2,5,even
