,time,species_0,species_1,species_2,species_3,species_4,species_5,species_6,species_7,species_8,species_9,ground_truth,timeseries_id,noise,n_species,did,n_timeseries,n_timepoints,sampling_scheme
0,0.0,0.04,0.05,0.01,0.02,0.02,0.07,0.01,0.09,0.07,0.03,10_sp_aij_48,36656,0.01,10,23221,1,10,even
1,3.333333333333333,0.0634797482007568,0.133594480649577,0.0080446915118345,0.0426770017705138,0.1415772645145326,0.1120838120727322,0.1255058830192395,0.1594363619639502,0.0939589065465843,0.100247030727757,10_sp_aij_48,36656,0.01,10,23221,1,10,even
2,6.666666666666667,0.1308556923706157,0.0835542819830271,0.0039231957088426,0.0926364789661776,0.2841016850275826,0.1442533222789858,0.2966051111422448,0.2911034548003643,0.0916435997907835,0.1589651930369801,10_sp_aij_48,36656,0.01,10,23221,1,10,even
3,10.0,0.1754952027332064,0.0406647455970128,0.0,0.1179327225086483,0.3398582599333828,0.1214416620748089,0.2941416332225927,0.321840510420619,0.1163562416079205,0.1307257397101151,10_sp_aij_48,36656,0.01,10,23221,1,10,even
4,13.333333333333334,0.1839492798397277,0.0262510512614776,0.0,0.1160913507657161,0.3241748063108626,0.1106607222089905,0.2883991334552939,0.2995176069383439,0.1417319765426959,0.1289420637498993,10_sp_aij_48,36656,0.01,10,23221,1,10,even
5,16.666666666666668,0.2030029782113091,0.0214584992760327,0.0,0.1113758745534678,0.3248819111781693,0.1016200072522114,0.2701961454565086,0.2701565383824705,0.1584793998302854,0.1362571350416607,10_sp_aij_48,36656,0.01,10,23221,1,10,even
6,20.0,0.2059312784358426,0.0224293401681932,0.0,0.1114108734947901,0.3128579256619354,0.103544232337093,0.2735218181334737,0.2589868826997001,0.1660686200473782,0.1356219426434998,10_sp_aij_48,36656,0.01,10,23221,1,10,even
7,23.333333333333336,0.2063254557029721,0.0237155987511081,0.0,0.1102135038082255,0.316961147416798,0.0998924894962034,0.2674234613411624,0.24948875011674,0.1698689502092611,0.1421223665809704,10_sp_aij_48,36656,0.01,10,23221,1,10,even
8,26.666666666666668,0.2202542321646572,0.0249883933544383,0.0,0.1117697273079632,0.3270571852298266,0.1044234716546749,0.2624435028864662,0.2375463837838593,0.1764647664247934,0.1471924350991025,10_sp_aij_48,36656,0.01,10,23221,1,10,even
9,30.0,0.2184468603458869,0.027067658560771,0.0,0.1191376473601988,0.3135863508036476,0.1067954378344387,0.2564605589567673,0.2421872829103273,0.1779133814700641,0.1474607222224584,10_sp_aij_48,36656,0.01,10,23221,1,10,even
