,time,species_0,species_1,species_2,species_3,species_4,species_5,species_6,species_7,species_8,species_9,ground_truth,timeseries_id,noise,n_species,did,n_timeseries,n_timepoints,sampling_scheme
0,6.0606060606060606,0.394259878922732,0.0695390795753371,0.0476759867881741,0.156968525755215,0.096915822808143,0.0575907516514443,0.0652597001706691,0.3369066799295778,0.3375446204869572,0.2920650803948478,10_sp_aij_37,36656,0.01,10,16743,1,5,seq
1,7.272727272727273,0.4074391930601718,0.0719208718935781,0.0779594901973197,0.1972312331570888,0.1024721739920859,0.037350554900088,0.109931949137766,0.3220095290092113,0.3769229848777067,0.3088180348881421,10_sp_aij_37,36656,0.01,10,16743,1,5,seq
2,8.484848484848484,0.4045063491536034,0.0805884280629159,0.1177419181898869,0.2372412078782626,0.1134751414687995,0.0253551595594128,0.1603149654128611,0.2991702110573737,0.3972171505661798,0.3148326824297237,10_sp_aij_37,36656,0.01,10,16743,1,5,seq
3,10.0,0.3971681909581437,0.0978703919995697,0.1618788585212877,0.2854633648972554,0.1303133070344659,0.0171369778671923,0.2114399808978161,0.2636078660330357,0.4007712267732964,0.2914307975206365,10_sp_aij_37,36656,0.01,10,16743,1,5,seq
4,11.212121212121213,0.393173384523822,0.1151647289787046,0.1851565786529473,0.302770964096045,0.1356630794793082,0.0144906266666897,0.2340226684551731,0.2382571803363032,0.3918552184797408,0.2868329756923531,10_sp_aij_37,36656,0.01,10,16743,1,5,seq
