,time,species_0,species_1,species_2,species_3,species_4,species_5,species_6,species_7,species_8,species_9,ground_truth,timeseries_id,noise,n_species,did,n_timeseries,n_timepoints,sampling_scheme
0,13.636363636363637,0.1793231012534049,0.2076458109438638,0.2694113344849648,0.3165575897464611,0.0989014812459171,0.2175987800712167,0.2773250878197428,0.4501808008908459,0.0748282581003225,0.0664287784523672,10_sp_aij_18,36656,0.1,10,5676,1,5,random
1,18.484848484848484,0.2630498186897162,0.2604812573974295,0.1842939079435651,0.3724145523363859,0.0705565997966378,0.2611923424734347,0.2097379920315304,0.488490495719885,0.1186050283129069,0.1075421242426979,10_sp_aij_18,36656,0.1,10,5676,1,5,random
2,22.424242424242426,0.2321933642534387,0.1929270649511794,0.2308638926758218,0.3572367225188712,0.0634228838215992,0.1738273243645823,0.2100514247082287,0.4300289692913787,0.12377900163879,0.0721920676152882,10_sp_aij_18,36656,0.1,10,5676,1,5,random
3,26.060606060606062,0.2700822674312192,0.1969189278929896,0.1542281496659673,0.3317920975254383,0.1022274353466351,0.1912652493144062,0.199880870668825,0.4021533488346809,0.1323408313133833,0.0910838552842343,10_sp_aij_18,36656,0.1,10,5676,1,5,random
4,30.0,0.2148323070935509,0.2056648836040106,0.2012011370858414,0.4382785144836413,0.0704702530170271,0.2344708648389019,0.1612020337086762,0.434533211372183,0.1053059683061758,0.1271011138580961,10_sp_aij_18,36656,0.1,10,5676,1,5,random
