,time,species_0,species_1,species_2,species_3,species_4,species_5,species_6,species_7,species_8,species_9,ground_truth,timeseries_id,noise,n_species,did,n_timeseries,n_timepoints,sampling_scheme
0,13.636363636363637,0.0081344885483203,0.0840321671715957,0.1657154402940845,0.3619695507652378,0.4859868578730761,0.0604742223462775,0.1299565879317955,0.0652773551811113,0.2225728851679702,0.5154072941278898,10_sp_aij_11,36656,0.01,10,1626,1,5,random
1,18.484848484848484,0.0074309680659067,0.0869648462610635,0.1636952832582048,0.3632961606038217,0.4696722261134663,0.054201760796187,0.1342915277679776,0.0780844114360399,0.2182328620597133,0.5036862818670331,10_sp_aij_11,36656,0.01,10,1626,1,5,random
2,22.424242424242426,0.0076094602293815,0.0854826765582583,0.1725074571379425,0.3609933216201745,0.4593846495362845,0.0498901853815213,0.1360840402227101,0.0795103462526376,0.218441052418745,0.4980729851036528,10_sp_aij_11,36656,0.01,10,1626,1,5,random
3,26.060606060606062,0.0078867226176788,0.0849341469462482,0.1656816023320515,0.3613176975446476,0.4782134619731127,0.0487439577094533,0.1320381240955309,0.0796516519543477,0.2195940881514054,0.5165836715177875,10_sp_aij_11,36656,0.01,10,1626,1,5,random
4,30.0,0.0075588144929017,0.0838573022926625,0.1644705422695427,0.3660820986434496,0.4549368481478332,0.050813429079261,0.130825179976316,0.0820961956191782,0.212765574438647,0.4967376547444314,10_sp_aij_11,36656,0.01,10,1626,1,5,random
