,time,species_0,species_1,species_2,species_3,species_4,species_5,species_6,species_7,species_8,species_9,ground_truth,timeseries_id,noise,n_species,did,n_timeseries,n_timepoints,sampling_scheme
0,13.636363636363637,0.2528143141974726,0.037970400812645,0.1797693684716468,0.0515160925109529,0.0107465064103045,0.1271166506940348,0.1280489187994195,0.0627679668321666,0.0518780985256145,0.0937441064800177,10_sp_aij_6,36656,0.1,10,25116,1,5,random
1,18.484848484848484,0.2995830069704955,0.0478910458675271,0.0946319294458348,0.0917088347000028,0.008078911027129,0.1327605297526023,0.1002559536110786,0.0682373815592399,0.0765944220673727,0.1303097042147026,10_sp_aij_6,36656,0.1,10,25116,1,5,random
2,22.424242424242426,0.2789004834902364,0.0520841897158439,0.1413483458720547,0.1002162962700458,0.0064386879395214,0.0925966605789817,0.0909239278911865,0.0583194286258607,0.0747485250813922,0.0773717280582395,10_sp_aij_6,36656,0.1,10,25116,1,5,random
3,26.060606060606062,0.3321950662657602,0.0530406415407025,0.1175091866325597,0.1018626613790266,0.0098167281936546,0.0857170839823223,0.0900575702367623,0.0514071287456251,0.0716629212059452,0.1317195850158879,10_sp_aij_6,36656,0.1,10,25116,1,5,random
4,30.0,0.2345821035523581,0.0528073961150652,0.1183393343954653,0.1485432894818101,0.0085177519723387,0.123718290631708,0.0739472124235578,0.0525046050537633,0.0507817851873354,0.1096015314266791,10_sp_aij_6,36656,0.1,10,25116,1,5,random
