,time,species_0,species_1,species_2,species_3,species_4,species_5,species_6,species_7,species_8,species_9,ground_truth,timeseries_id,noise,n_species,did,n_timeseries,n_timepoints,sampling_scheme
0,13.636363636363637,0.0269178985474846,0.2664890973147933,0.11409525442693,0.0869484574777231,0.2280193310346548,0.0942825634188404,0.0326212807025939,0.0471219114519786,0.0515621625059619,0.306815794598799,10_sp_aij_7,36656,0.1,10,25656,1,5,random
1,18.484848484848484,0.0441704173913433,0.3484296191307383,0.0568710914767501,0.1005202481579227,0.2207342094668302,0.1064256071723375,0.0259629252703967,0.0773846695302159,0.0754375416262901,0.2871863545769252,10_sp_aij_7,36656,0.1,10,25656,1,5,random
2,22.424242424242426,0.0604989682922747,0.2727981414777803,0.0986096185049962,0.0924673192304195,0.192772594541607,0.0674885461022037,0.0346459276253274,0.0623224503246108,0.0708414621765598,0.2455605592377054,10_sp_aij_7,36656,0.1,10,25656,1,5,random
3,26.060606060606062,0.0799844871162409,0.2541567517016863,0.067104147638918,0.0982655105373767,0.3146453762159644,0.062097378485554,0.0254606436841378,0.0443482932160094,0.0956067982862046,0.3738721452829256,10_sp_aij_7,36656,0.1,10,25656,1,5,random
4,30.0,0.0501934385157285,0.2513083626377504,0.0449475830410001,0.1216144331059225,0.2023345979991062,0.1051623916963137,0.0177734252821033,0.0405142082772202,0.0680735244651797,0.2813086441295219,10_sp_aij_7,36656,0.1,10,25656,1,5,random
