,time,species_0,species_1,species_2,species_3,species_4,species_5,species_6,species_7,species_8,species_9,ground_truth,timeseries_id,noise,n_species,did,n_timeseries,n_timepoints,sampling_scheme
0,6.0606060606060606,0.1076236208457721,0.1525208161072808,0.0176504531219594,0.0750172018621172,0.0519870405150935,0.1661106083663969,0.0445587237149094,0.0639292455612152,0.0523849476349745,0.0957031619433663,10_sp_aij_43,36656,0.1,10,20793,1,5,seq
1,7.272727272727273,0.1264076157553143,0.1081955245449533,0.0236799038644523,0.0873215445495521,0.0397540251839921,0.1645244911300662,0.0554743410942971,0.0471947744959484,0.0392716474287736,0.075920910964594,10_sp_aij_43,36656,0.1,10,20793,1,5,seq
2,8.484848484848484,0.1053890445110027,0.09849566355419,0.0301964966828589,0.0862520566382168,0.0467612892661362,0.1721165804147687,0.0561108405204969,0.0503193314447815,0.0339311881319835,0.0753738994688266,10_sp_aij_43,36656,0.1,10,20793,1,5,seq
3,10.0,0.0568870607574768,0.0946368223314939,0.0311201844324836,0.0852948214649429,0.0727681156539597,0.1487219477200748,0.059741036500851,0.0599649676137909,0.0309816221944242,0.0439223446512453,10_sp_aij_43,36656,0.1,10,20793,1,5,seq
4,11.212121212121213,0.0432109087122863,0.0780960574059624,0.036764979042217,0.0479454345081104,0.0771568149175848,0.1624302582242991,0.0693593356289427,0.0546223259628569,0.0254817074715948,0.0544464201572877,10_sp_aij_43,36656,0.1,10,20793,1,5,seq
