,time,species_0,species_1,species_2,species_3,species_4,species_5,species_6,species_7,species_8,species_9,ground_truth,timeseries_id,noise,n_species,did,n_timeseries,n_timepoints,sampling_scheme
0,0.0,0.04,0.05,0.01,0.02,0.02,0.07,0.01,0.09,0.07,0.03,10_sp_aij_12,36656,0.01,10,2160,1,5,even
1,7.272727272727273,0.0509969241032772,0.30325245605188,0.1190436475661105,0.1905204888310655,0.0237682642875261,0.1643554852130911,0.3100950826394882,0.0360116536758603,0.144812245063622,0.1755725068469733,10_sp_aij_12,36656,0.01,10,2160,1,5,even
2,14.84848484848485,0.0575522063636052,0.3980030982544909,0.1000239852930297,0.1767984847843005,0.0558207025377909,0.160980052678196,0.3558195362965764,0.0671839845620045,0.0917642242021652,0.2921476524881263,10_sp_aij_12,36656,0.01,10,2160,1,5,even
3,22.424242424242426,0.0565571134092698,0.3800082508026067,0.0992082365976782,0.1707624456446304,0.0610529377759112,0.1790411403377374,0.3401173834914087,0.0860285154401719,0.0913306523264647,0.2610876399898588,10_sp_aij_12,36656,0.01,10,2160,1,5,even
4,30.0,0.0544769403254243,0.3836384373343718,0.0960782052568264,0.1748521964250804,0.0630824631785313,0.1839817126251832,0.3409766669442543,0.0848854039887394,0.0883535144379711,0.2692117420404774,10_sp_aij_12,36656,0.01,10,2160,1,5,even
