,time,species_0,species_1,species_2,species_3,species_4,species_5,species_6,species_7,species_8,species_9,ground_truth,timeseries_id,noise,n_species,did,n_timeseries,n_timepoints,sampling_scheme
0,6.0606060606060606,0.086198174584669,0.5593469784600806,0.0453760643811544,0.0607561105679968,0.1373329066981664,0.0983397582383672,0.0440917227765842,0.0443361305731371,0.3107021082181579,0.0661885988216134,10_sp_aij_47,36656,0.1,10,22953,1,5,seq
1,7.272727272727273,0.0951121634566943,0.4496994580913225,0.0575585852736254,0.0669127119857069,0.1102174376557797,0.0766437397264224,0.0517193734628856,0.0277873442108613,0.2402177824935773,0.0696479527457837,10_sp_aij_47,36656,0.1,10,22953,1,5,seq
2,8.484848484848484,0.0837898050915023,0.4815798778980926,0.0694726328013486,0.0694779737282729,0.1447329223225974,0.0645780716567904,0.0537826799231801,0.0248357852760252,0.2457188075096374,0.0894493434898047,10_sp_aij_47,36656,0.1,10,22953,1,5,seq
3,10.0,0.042517134019075,0.5269048763869358,0.0674143816717049,0.0804670878972828,0.1992277097371988,0.0537321371390313,0.0528819575927566,0.0271390822723743,0.2370954793381633,0.057872746351031,10_sp_aij_47,36656,0.1,10,22953,1,5,seq
4,11.212121212121213,0.0347182641605943,0.415786735685777,0.0746566459760391,0.0511487667632927,0.1714864920448732,0.0610826547709619,0.056847736824653,0.0242190215238601,0.2105163609459109,0.0688566379247861,10_sp_aij_47,36656,0.1,10,22953,1,5,seq
