,time,species_0,species_1,species_2,species_3,species_4,species_5,species_6,species_7,species_8,species_9,ground_truth,timeseries_id,noise,n_species,did,n_timeseries,n_timepoints,sampling_scheme
0,0.0,0.04,0.05,0.01,0.02,0.02,0.07,0.01,0.09,0.07,0.03,10_sp_aij_5,36656,0.1,10,24579,2,5,even
1,7.272727272727273,0.0833012028547844,0.4540977351027052,0.0872076870954779,0.3178876226995032,0.5717726174842407,0.143647264861489,0.0552687361992255,0.1042865956302626,0.2611445597022322,0.5585738673965418,10_sp_aij_5,36656,0.1,10,24579,2,5,even
2,14.84848484848485,0.0263177273823225,0.5127618340213699,0.3331612322322707,0.3907500983995834,0.7509729208139229,0.0493707592424278,0.210106107409649,0.253367261039886,0.5333690232818453,0.6603433792807607,10_sp_aij_5,36656,0.1,10,24579,2,5,even
3,22.424242424242426,0.0325252203592743,0.5166954872189284,0.4365281785997854,0.359097802070791,0.7174213326701837,0.0263320964307973,0.1779041916774569,0.289003634304449,0.4650090167572409,0.5792868622176705,10_sp_aij_5,36656,0.1,10,24579,2,5,even
4,30.0,0.0205063718037279,0.4140254483520769,0.320564322680288,0.4167037345169782,0.7331834471110176,0.029559776444408,0.1623163322419872,0.2882669662966708,0.4625295064104052,0.5590189730097718,10_sp_aij_5,36656,0.1,10,24579,2,5,even
5,0.0,0.02,0.02,0.02,0.02,0.04,0.09,0.05,0.04,0.02,0.04,10_sp_aij_5,2369231,0.1,10,24579,2,5,even
6,7.272727272727273,0.1066143669159318,0.6153203578911262,0.1326218544565338,0.3017445869042744,0.8308348872252104,0.1358819999948776,0.0551212871474969,0.1601229723578763,0.3195190999387307,0.6188995241016664,10_sp_aij_5,2369231,0.1,10,24579,2,5,even
7,14.84848484848485,0.0834956030205038,0.3598969725389186,0.4583488790194457,0.4365149978629815,0.7470174791355217,0.0524484710034949,0.1443291781392218,0.4018370920103712,0.4698811047695953,0.6942758811397302,10_sp_aij_5,2369231,0.1,10,24579,2,5,even
8,22.424242424242426,0.0439948750017445,0.5165664241154239,0.367046162964889,0.4973018169154517,0.9946516168526606,0.0373787857871877,0.1857777400879032,0.3027792826643982,0.4715005534182359,0.6269238372115215,10_sp_aij_5,2369231,0.1,10,24579,2,5,even
9,30.0,0.0586056166108202,0.3004603625706461,0.2842753213141752,0.3608021166346538,0.8154070527040242,0.011235618996693,0.1915943367674045,0.268065155411042,0.3904770043856224,0.7956773744564576,10_sp_aij_5,2369231,0.1,10,24579,2,5,even
