,time,species_0,species_1,species_2,species_3,species_4,species_5,species_6,species_7,species_8,species_9,ground_truth,timeseries_id,noise,n_species,did,n_timeseries,n_timepoints,sampling_scheme
0,0.0,0.04,0.05,0.01,0.02,0.02,0.07,0.01,0.09,0.07,0.03,10_sp_aij_34,36656,0.1,10,15390,1,5,even
1,7.272727272727273,0.2992669265099326,0.313433534797053,0.0706012620845928,0.5374365414085898,0.0100674007003219,0.2810006317940111,0.0112185384952735,0.0046712060344679,0.0822546906327549,0.3724991775041781,10_sp_aij_34,36656,0.1,10,15390,1,5,even
2,14.84848484848485,0.3728616865322697,0.348243238299433,0.2468149532256378,0.599510601294746,0.0221136985323745,0.2032354325304825,0.0915698314338378,0.0,0.1226627285364729,0.5312584513797056,10_sp_aij_34,36656,0.1,10,15390,1,5,even
3,22.424242424242426,0.4576006411201259,0.4258828631789833,0.3245949116280904,0.7139404898806465,0.082600162869435,0.1430324797854346,0.1314437403216672,0.0,0.0951558057646092,0.6166689851051561,10_sp_aij_34,36656,0.1,10,15390,1,5,even
4,30.0,0.536630842882086,0.4544874183257615,0.3077909538952325,0.9651527532760484,0.1079035654109122,0.153583699425458,0.139922462701278,0.0,0.081549909975943,0.6613679911842189,10_sp_aij_34,36656,0.1,10,15390,1,5,even
