,time,species_0,species_1,species_2,species_3,species_4,species_5,species_6,species_7,species_8,species_9,ground_truth,timeseries_id,noise,n_species,did,n_timeseries,n_timepoints,sampling_scheme
0,0.0,0.04,0.05,0.01,0.02,0.02,0.07,0.01,0.09,0.07,0.03,10_sp_aij_14,36656,0.1,10,3510,1,5,even
1,7.272727272727273,0.3917949628845005,0.1894019782535865,0.5449380085384092,0.0946458053204964,0.0666544060086729,0.2100361696521489,0.1821649062999438,0.0149376761059549,0.143441333793121,0.0271004343881744,10_sp_aij_14,36656,0.1,10,3510,1,5,even
2,14.84848484848485,0.3734741235187013,0.1537752226411355,0.5148937359703913,0.1451174240599959,0.1074822216299995,0.2205396906941284,0.2189431833391335,0.0028186388691854,0.2005351286844784,0.0387373799620548,10_sp_aij_14,36656,0.1,10,3510,1,5,even
3,22.424242424242426,0.3646152059788901,0.2086110936599137,0.5214265555756165,0.2483638648199474,0.0561522151448924,0.1528436226439523,0.1444375261077596,0.0038081787851203,0.2017962482587104,0.0730825343960577,10_sp_aij_14,36656,0.1,10,3510,1,5,even
4,30.0,0.3211466492767414,0.1633325354914949,0.3807427870264792,0.2935664353540191,0.0352575275131219,0.2043091133371457,0.1471768371158632,0.0051320012229727,0.2114854136858674,0.1349178999063383,10_sp_aij_14,36656,0.1,10,3510,1,5,even
