,time,species_0,species_1,species_2,species_3,species_4,species_5,species_6,species_7,species_8,species_9,ground_truth,timeseries_id,noise,n_species,did,n_timeseries,n_timepoints,sampling_scheme
0,0.0,0.04,0.05,0.01,0.02,0.02,0.07,0.01,0.09,0.07,0.03,10_sp_aij_26,36656,0.1,10,10530,1,5,even
1,7.272727272727273,0.1036169973016107,0.1382171490782178,0.3048379131196979,0.304288039951392,0.0529680520469459,0.2727711659077241,0.1141008771112939,0.2091076969875968,0.0671039007645729,0.173838154904158,10_sp_aij_26,36656,0.1,10,10530,1,5,even
2,14.84848484848485,0.0392015117252687,0.096200184874787,0.416431497634764,0.3174174899136527,0.163246351416463,0.2639529889063106,0.1886111858619873,0.3141607084751007,0.1202994051312025,0.2131044486219116,10_sp_aij_26,36656,0.1,10,10530,1,5,even
3,22.424242424242426,0.066201420551946,0.1026261340207714,0.4563685194921899,0.3077393877593152,0.1518321554845796,0.2769051799779192,0.1559143393328089,0.3245879080682697,0.1094030902786721,0.1999371188022858,10_sp_aij_26,36656,0.1,10,10530,1,5,even
4,30.0,0.0723324379171737,0.1478167645479363,0.3859588519617513,0.4224805182819974,0.1129278259353615,0.4127771322946882,0.1390535818658984,0.3410782759419279,0.0778704369338085,0.2752120237278604,10_sp_aij_26,36656,0.1,10,10530,1,5,even
