,time,species_0,species_1,species_2,species_3,species_4,species_5,species_6,species_7,species_8,species_9,ground_truth,timeseries_id,noise,n_species,did,n_timeseries,n_timepoints,sampling_scheme
0,0.0,0.04,0.05,0.01,0.02,0.02,0.07,0.01,0.09,0.07,0.03,10_sp_aij_47,36656,0.1,10,22959,2,5,even
1,7.272727272727273,0.0951121634566943,0.4496994580913225,0.0575585852736254,0.0669127119857069,0.1102174376557797,0.0766437397264224,0.0517193734628856,0.0277873442108613,0.2402177824935773,0.0696479527457837,10_sp_aij_47,36656,0.1,10,22959,2,5,even
2,14.84848484848485,0.029573186581971,0.4633444960262673,0.0861031652649531,0.1397561432731163,0.1596824797102007,0.0776774109233099,0.0919023791975992,0.032628695381007,0.2660109695458475,0.1187482573716677,10_sp_aij_47,36656,0.1,10,22959,2,5,even
3,22.424242424242426,0.0620850005730276,0.4801687030264496,0.105528784582119,0.13214880061967,0.1558675611557977,0.059991316895349,0.0743672959493254,0.0463564955915159,0.2679818522730937,0.0973171733645121,10_sp_aij_47,36656,0.1,10,22959,2,5,even
4,30.0,0.0574263610084536,0.4140158044285093,0.0821914022980587,0.2073226157048987,0.1175879014030703,0.0714429462404235,0.0424453505575669,0.0493516766966434,0.2448007957233562,0.1338086446362736,10_sp_aij_47,36656,0.1,10,22959,2,5,even
5,0.0,0.02,0.02,0.02,0.02,0.04,0.09,0.05,0.04,0.02,0.04,10_sp_aij_47,2369231,0.1,10,22959,2,5,even
6,7.272727272727273,0.1070590503423921,0.600372061001615,0.0744602954285435,0.145386494628032,0.1782596429524551,0.0738311496681828,0.0698583582147533,0.0971818073890258,0.2440471109783342,0.0686464836001525,10_sp_aij_47,2369231,0.1,10,22959,2,5,even
7,14.84848484848485,0.1168762523926716,0.3735666365197361,0.1123090501931723,0.1415983256047345,0.139111071982329,0.0429021212022007,0.0703458227156669,0.0468429010932713,0.3056711695377634,0.1662326118771088,10_sp_aij_47,2369231,0.1,10,22959,2,5,even
8,22.424242424242426,0.0969076126629145,0.519375491871534,0.1180633077828873,0.1885950968563902,0.1977267131192338,0.0428381657952094,0.0724224689417712,0.0487741989295191,0.278847493048762,0.1157416550331422,10_sp_aij_47,2369231,0.1,10,22959,2,5,even
9,30.0,0.1456582376300185,0.3048840449455158,0.0784253446494183,0.1516426333987581,0.1694085645034122,0.0317887261048549,0.0603922328924472,0.0426443485162129,0.2138955056456796,0.165216066994196,10_sp_aij_47,2369231,0.1,10,22959,2,5,even
