,time,species_0,species_1,species_2,species_3,species_4,species_5,species_6,species_7,species_8,species_9,ground_truth,timeseries_id,noise,n_species,did,n_timeseries,n_timepoints,sampling_scheme
0,0.0,0.04,0.05,0.01,0.02,0.02,0.07,0.01,0.09,0.07,0.03,10_sp_aij_21,36656,0.1,10,7831,1,10,even
1,3.333333333333333,0.0288178059988532,0.0911116103495829,0.0986768933159403,0.019069166407098,0.0256932364635373,0.0462430784005865,0.028122273025977,0.1767254903883783,0.1211621662723529,0.0620910143743788,10_sp_aij_21,36656,0.1,10,7831,1,10,even
2,6.666666666666667,0.0223805227716483,0.0897618630367279,0.29555275207208,0.0736875063373827,0.0399358529327906,0.032895616537658,0.0735410716507988,0.3125409504234626,0.090072193933993,0.1458527186528246,10_sp_aij_21,36656,0.1,10,7831,1,10,even
3,10.0,0.0063521926423546,0.0674217021115972,0.3172008248190486,0.2540123875302973,0.0767445961635043,0.0276097504807674,0.1298014972402129,0.4164162949560829,0.0413871628394611,0.0617111085479282,10_sp_aij_21,36656,0.1,10,7831,1,10,even
4,13.333333333333334,0.0,0.0573344560823408,0.4369233406707105,0.3396194753699474,0.1034550226940196,0.1100178053474106,0.1910347291446198,0.5232927749420514,0.0337974479120394,0.0630332073938884,10_sp_aij_21,36656,0.1,10,7831,1,10,even
5,16.666666666666668,0.0,0.0454748196432003,0.3083367500694091,0.2781147896512012,0.1161430603616954,0.1496589627057726,0.1312109891664596,0.4211653660301688,0.0792647310787357,0.0498625353257966,10_sp_aij_21,36656,0.1,10,7831,1,10,even
6,20.0,0.0,0.085484020883911,0.3013665838425658,0.2430994063752217,0.1090522886783027,0.1877501951043322,0.1915723598046159,0.4091568317877244,0.1117736657621048,0.0241996824572691,10_sp_aij_21,36656,0.1,10,7831,1,10,even
7,23.333333333333336,0.0,0.0976079984957895,0.3519142010142384,0.2215252113648643,0.1536253000929243,0.137721309201946,0.1497236353819422,0.4415505587899365,0.1162562478675504,0.0235293225438226,10_sp_aij_21,36656,0.1,10,7831,1,10,even
8,26.666666666666668,0.0,0.0849927679245598,0.2719742004117825,0.1877925688946777,0.2342221910905254,0.1886187849340737,0.132863360339771,0.356466821192211,0.1417445942285883,0.0361896472293804,10_sp_aij_21,36656,0.1,10,7831,1,10,even
9,30.0,0.0,0.0938210859299452,0.3205927137541309,0.2419480064728095,0.1234330346467582,0.1843774645334083,0.1080191726282874,0.3826386475874025,0.1351505601113529,0.0398526842203857,10_sp_aij_21,36656,0.1,10,7831,1,10,even
