,time,species_0,species_1,species_2,species_3,species_4,species_5,species_6,species_7,species_8,species_9,ground_truth,timeseries_id,noise,n_species,did,n_timeseries,n_timepoints,sampling_scheme
0,0.0,0.04,0.05,0.01,0.02,0.02,0.07,0.01,0.09,0.07,0.03,10_sp_aij_49,36656,0.01,10,23769,2,5,even
1,7.272727272727273,0.2327567439974734,0.1253866322951722,0.267773857274326,0.0356452712195295,0.0254309225853915,0.0949263447489248,0.1323297623205113,0.1969666080385582,0.2585899416580166,0.1839164679287432,10_sp_aij_49,36656,0.01,10,23769,2,5,even
2,14.84848484848485,0.2534299747901412,0.115306174053521,0.2772865759445722,0.0147933730594942,0.0167891604447556,0.1066857458051511,0.1766619071604613,0.1982907590485055,0.2697969268634549,0.1827569366196746,10_sp_aij_49,36656,0.01,10,23769,2,5,even
3,22.424242424242426,0.2507508512532721,0.1170421533528715,0.2812108302209733,0.0088803162845826,0.0120298942692249,0.1058463723286416,0.1737138290761775,0.1983509219373349,0.2644897679448139,0.1788418472168269,10_sp_aij_49,36656,0.01,10,23769,2,5,even
4,30.0,0.2423129114279956,0.1183586082593675,0.2731212420068928,0.0069956991764419,0.0104506689107904,0.1089772360271016,0.1651039317147207,0.2047880335739165,0.2623832064028893,0.1851816723780482,10_sp_aij_49,36656,0.01,10,23769,2,5,even
5,0.0,0.02,0.02,0.02,0.02,0.04,0.09,0.05,0.04,0.02,0.04,10_sp_aij_49,2369231,0.01,10,23769,2,5,even
6,7.272727272727273,0.263588656528251,0.0784446663768614,0.2598419852206294,0.0381976483098229,0.0467416927628887,0.0927451878032795,0.1476139720110189,0.1959219178969306,0.3077661361484785,0.1993812650672994,10_sp_aij_49,2369231,0.01,10,23769,2,5,even
7,14.84848484848485,0.2691107691107365,0.0951405251645235,0.2835710510373732,0.0143088719031176,0.0197655806297061,0.0973946749478647,0.1801894037477372,0.1923095627626611,0.2844162122616496,0.202606174408558,10_sp_aij_49,2369231,0.01,10,23769,2,5,even
8,22.424242424242426,0.2496006425036475,0.115694073720967,0.2801409781977227,0.0091224368466801,0.0141633580752668,0.1019314952482716,0.174537607658975,0.1999022494398732,0.2650592888310266,0.1845285454182015,10_sp_aij_49,2369231,0.01,10,23769,2,5,even
9,30.0,0.2553680018363315,0.1133285752282895,0.2704996574477443,0.006503173553307,0.0116507918183725,0.1023890434400119,0.1716836673855361,0.1986364303069375,0.2579903997511938,0.1905026460226438,10_sp_aij_49,2369231,0.01,10,23769,2,5,even
