,time,species_0,species_1,species_2,species_3,species_4,species_5,species_6,species_7,species_8,species_9,ground_truth,timeseries_id,noise,n_species,did,n_timeseries,n_timepoints,sampling_scheme
0,0.0,0.04,0.05,0.01,0.02,0.02,0.07,0.01,0.09,0.07,0.03,10_sp_aij_8,36656,0.1,10,26191,1,10,even
1,3.333333333333333,0.4172976812402105,0.4963134499311474,0.0548492178146356,0.0999783688389386,0.1349630737008336,0.0747316469580438,0.0274902428328465,0.349538745178784,0.1251832290425349,0.0644036880550294,10_sp_aij_8,36656,0.1,10,26191,1,10,even
2,6.666666666666667,0.7635630246271945,0.9352794182015516,0.1846618688416157,0.1332028907379811,0.688867534199645,0.4566384621505607,0.1736641898495451,0.6586042908825948,0.3666611644794569,0.3366702862618689,10_sp_aij_8,36656,0.1,10,26191,1,10,even
3,10.0,0.6204384100658746,1.330148437792627,0.5153451502796328,0.4864082019128872,0.8260163818127441,0.7427588501024553,0.4119791955852342,1.0466329057688446,0.6115166622397559,0.3440140338763124,10_sp_aij_8,36656,0.1,10,26191,1,10,even
4,13.333333333333334,0.6838953057667996,1.443510556372464,0.9750488846150348,0.7364929516543505,0.8280196322815025,1.2939998572545248,0.6542108919680225,1.5566329200332043,0.9813906487526152,0.7048280683680002,10_sp_aij_8,36656,0.1,10,26191,1,10,even
5,16.666666666666668,1.1805859036442223,1.7233884368759254,0.7903509675215217,0.8926686460899969,1.4894160354892354,1.269862851658485,0.6411245280011636,1.48827035442659,1.0190567301469449,0.9550274360026676,10_sp_aij_8,36656,0.1,10,26191,1,10,even
6,20.0,0.95718032066199,1.8216510440740543,0.864524243052194,0.7848477082262655,1.1147833496990216,1.2714288113970045,0.9715114448460088,1.6071754400160354,1.024997506897056,0.9388484202417164,10_sp_aij_8,36656,0.1,10,26191,1,10,even
7,23.333333333333336,0.8314464112905577,1.8521818360768971,0.9267504133946114,0.7136629868724425,1.3046142820521751,1.188517721598392,0.7976705863446992,1.6008999689804215,0.9931750902023944,0.8411227809836888,10_sp_aij_8,36656,0.1,10,26191,1,10,even
8,26.666666666666668,1.1570170158474484,1.883497331870396,0.8008700859577772,0.888503153349444,1.644528706732674,1.787724940653217,0.7250149033103337,1.544138574892832,0.971151352753318,0.8407990503046322,10_sp_aij_8,36656,0.1,10,26191,1,10,even
9,30.0,0.9223293723135992,1.682872790559136,0.9591833757431756,1.0405215242403525,1.0864290236303225,1.592027873691127,0.7088252009644469,1.452204270528534,1.2533083338940485,0.7701149500896171,10_sp_aij_8,36656,0.1,10,26191,1,10,even
