,time,species_0,species_1,species_2,species_3,species_4,species_5,species_6,species_7,species_8,species_9,ground_truth,timeseries_id,noise,n_species,did,n_timeseries,n_timepoints,sampling_scheme
0,6.0606060606060606,0.1263600082682385,0.1248702295983808,0.007829398300148,0.0963421046476825,0.0418500034066497,0.1405900059524528,0.0476759476498707,0.1505244410943511,0.1299333603301955,0.0497024702081012,10_sp_aij_15,36656,0.1,10,4053,1,5,seq
1,7.272727272727273,0.1278911146444332,0.100234819871221,0.0085925129948308,0.106786344755854,0.0337716566898787,0.1331635990565712,0.0681412889421861,0.1196589191525568,0.1127895749052089,0.0488394469321695,10_sp_aij_15,36656,0.1,10,4053,1,5,seq
2,8.484848484848484,0.1046300257093975,0.1079202546920586,0.0092970591815171,0.1010255772300139,0.0413486834853761,0.1362810885520048,0.079546770352915,0.1301729676321525,0.1169419324145077,0.0579728971155007,10_sp_aij_15,36656,0.1,10,4053,1,5,seq
3,10.0,0.0611705333631613,0.1091554684857239,0.0095431806527113,0.1026512752180747,0.0629309268990675,0.1267167950217026,0.0902139218312433,0.1397726442275165,0.1275347001007124,0.031804943235305,10_sp_aij_15,36656,0.1,10,4053,1,5,seq
4,11.212121212121213,0.052277888595696,0.0904728570683661,0.0109169769047857,0.0632942019123648,0.0664233900620445,0.1528197071545713,0.1040575730220955,0.1129882185956905,0.1101006147385484,0.0336243527157887,10_sp_aij_15,36656,0.1,10,4053,1,5,seq
