,time,species_0,species_1,species_2,species_3,species_4,species_5,species_6,species_7,species_8,species_9,ground_truth,timeseries_id,noise,n_species,did,n_timeseries,n_timepoints,sampling_scheme
0,0.0,0.04,0.05,0.01,0.02,0.02,0.07,0.01,0.09,0.07,0.03,10_sp_aij_21,36656,0.1,10,7837,1,10,random
1,7.272727272727273,0.0190938466494927,0.0656094732791808,0.3672774431079146,0.1121589602816107,0.0362008478922434,0.0306369637141741,0.0887701243409494,0.301656203704042,0.0633972136564148,0.1301847129985049,10_sp_aij_21,36656,0.1,10,7837,1,10,random
2,10.0,0.0063521926423546,0.0674217021115972,0.3172008248190486,0.2540123875302973,0.0767445961635043,0.0276097504807674,0.1298014972402129,0.4164162949560829,0.0413871628394611,0.0617111085479282,10_sp_aij_21,36656,0.1,10,7837,1,10,random
3,13.636363636363637,0.0,0.0597691072360113,0.4148393300175816,0.3091923168171349,0.107934157214071,0.1318810804691301,0.2155105744902438,0.4577959256553086,0.0332530516848854,0.0620827673483291,10_sp_aij_21,36656,0.1,10,7837,1,10,random
4,14.84848484848485,0.0,0.0704933732944066,0.3558193080542316,0.3438776159045505,0.0943936391108281,0.1466605324606945,0.1978849140325976,0.4020773952524045,0.0447270746416529,0.0427189099552149,10_sp_aij_21,36656,0.1,10,7837,1,10,random
5,17.272727272727273,0.0,0.0618295511825637,0.3027147822841002,0.2773267299472101,0.0920371855552532,0.1715919383054821,0.1624915243208633,0.376269523757071,0.0910576029505559,0.0501452164047483,10_sp_aij_21,36656,0.1,10,7837,1,10,random
6,20.0,0.0,0.085484020883911,0.3013665838425658,0.2430994063752217,0.1090522886783027,0.1877501951043322,0.1915723598046159,0.4091568317877244,0.1117736657621048,0.0241996824572691,10_sp_aij_21,36656,0.1,10,7837,1,10,random
7,23.63636363636364,0.0,0.1244154410808799,0.3824493346782758,0.2833622796260845,0.1509410135836995,0.1260289695742278,0.157867958597033,0.4728331288757614,0.1118472485150186,0.0246381546302306,10_sp_aij_21,36656,0.1,10,7837,1,10,random
8,26.060606060606062,0.0,0.0850678890953322,0.2758483780863072,0.2472054810779733,0.2193327025345614,0.1634876665928346,0.1293830060897159,0.3950504258414681,0.143198758979166,0.034898748808613,10_sp_aij_21,36656,0.1,10,7837,1,10,random
9,28.484848484848484,0.0,0.0917973489075562,0.2822712888787816,0.2219446382375575,0.180587553522755,0.1800517628702831,0.1415283137959622,0.3806149236248928,0.1443275316145687,0.0343299924804724,10_sp_aij_21,36656,0.1,10,7837,1,10,random
