,time,species_0,species_1,species_2,species_3,species_4,species_5,species_6,species_7,species_8,species_9,ground_truth,timeseries_id,noise,n_species,did,n_timeseries,n_timepoints,sampling_scheme
0,6.0606060606060606,0.1006951693443438,0.2430225109302828,0.0446558969211946,0.0170217475480413,0.1312390282012903,0.2175132742263739,0.0623243428671345,0.4182016348833616,0.1298347594042938,0.4068128532780189,10_sp_aij_39,36656,0.1,10,18093,1,5,seq
1,7.272727272727273,0.1188438503051953,0.201217092815393,0.0488769195425903,0.0186498908738045,0.1097636869894878,0.2142936378024692,0.0760151058338487,0.3595263275590761,0.0950282203581755,0.3179826890860303,10_sp_aij_39,36656,0.1,10,18093,1,5,seq
2,8.484848484848484,0.104188181271593,0.2256872102346592,0.0503812938636467,0.0189049057399693,0.1472477858408546,0.2089086423838216,0.0736949090060499,0.3999365286194599,0.0893587588074923,0.3475939228660295,10_sp_aij_39,36656,0.1,10,18093,1,5,seq
3,10.0,0.0618138441973176,0.2235640073948739,0.0498778834394708,0.0211320049868853,0.2158426517636356,0.1938824869326231,0.0639966037890701,0.437417397946283,0.0980580170284334,0.2041966090951398,10_sp_aij_39,36656,0.1,10,18093,1,5,seq
4,11.212121212121213,0.0489666870703568,0.171791370865946,0.064162146053704,0.0126986778985526,0.1986191689644647,0.2318409652441041,0.061127756874454,0.3905470777432835,0.0924191216381338,0.2951829185218112,10_sp_aij_39,36656,0.1,10,18093,1,5,seq
