,time,species_0,species_1,species_2,species_3,species_4,species_5,species_6,species_7,species_8,species_9,ground_truth,timeseries_id,noise,n_species,did,n_timeseries,n_timepoints,sampling_scheme
0,13.636363636363637,0.3983505825415072,0.2002313599835967,0.1815492057569856,0.2958941707514123,0.051434119392421,0.1998728627003451,0.1802435963993027,0.337091393662873,0.0887346176519301,0.2024877342577967,10_sp_aij_29,36656,0.1,10,12156,1,5,random
1,18.484848484848484,0.5111324981871608,0.3307322594763068,0.1714481910044158,0.4232664283494413,0.0457842179976029,0.2552675861445626,0.1208922964626326,0.3450794792491352,0.1594744834735488,0.1589251672199496,10_sp_aij_29,36656,0.1,10,12156,1,5,random
2,22.424242424242426,0.453441146365637,0.2721529547088623,0.2375549040764349,0.3847830027681529,0.0518183899692336,0.1824512128711744,0.1269821282864289,0.2874778126099135,0.1532011157510854,0.1267107176359164,10_sp_aij_29,36656,0.1,10,12156,1,5,random
3,26.060606060606062,0.5214062983921208,0.279086203516356,0.1621311156364583,0.3827419786974136,0.1161534874913364,0.2406339192091578,0.1395040460461067,0.3108035388972918,0.1809042088482619,0.2183079461725693,10_sp_aij_29,36656,0.1,10,12156,1,5,random
4,30.0,0.4834381891095433,0.2683057559712938,0.1633523462579068,0.4465041000980616,0.0600869062956499,0.2196338585834942,0.1076145957582264,0.3242622916885626,0.0919463727756681,0.1547810811475827,10_sp_aij_29,36656,0.1,10,12156,1,5,random
