,time,species_0,species_1,species_2,species_3,species_4,species_5,species_6,species_7,species_8,species_9,ground_truth,timeseries_id,noise,n_species,did,n_timeseries,n_timepoints,sampling_scheme
0,13.636363636363637,0.0290557858248921,0.0518728698814697,0.2292215967941868,0.030492860066851,0.0548972064929052,0.1556715576239592,0.164745774800834,0.2889035862817411,0.072283048214704,0.0367322248166729,10_sp_aij_2,36656,0.01,10,6486,1,5,random
1,18.484848484848484,0.0252288122674899,0.0490806010243204,0.2159813111949139,0.0279019599165442,0.0518286163617961,0.1612837744360111,0.1766658098568577,0.2984626313738726,0.0949480859198103,0.0262201073533511,10_sp_aij_2,36656,0.01,10,6486,1,5,random
2,22.424242424242426,0.0229367864572926,0.0450763689416667,0.2222401948341471,0.0258143153643034,0.0509255529652536,0.1591736970151161,0.1796490760607094,0.2992426914785758,0.1020915798894142,0.019996029939823,10_sp_aij_2,36656,0.01,10,6486,1,5,random
3,26.060606060606062,0.0213118231859813,0.0431705616520739,0.2159279340596241,0.025070204239289,0.054396430935911,0.1611216329172849,0.1818946194068863,0.2982193963926132,0.1051762445179702,0.0177758242835466,10_sp_aij_2,36656,0.01,10,6486,1,5,random
4,30.0,0.0197093328323476,0.0413214017724381,0.2161954952652186,0.0251547264086754,0.0512755739096271,0.1647502187010925,0.179044926323346,0.2986362197349632,0.1048947277209651,0.0162630960279399,10_sp_aij_2,36656,0.01,10,6486,1,5,random
