,time,species_0,species_1,species_2,species_3,species_4,species_5,species_6,species_7,species_8,species_9,ground_truth,timeseries_id,noise,n_species,did,n_timeseries,n_timepoints,sampling_scheme
0,0.0,0.04,0.05,0.01,0.02,0.02,0.07,0.01,0.09,0.07,0.03,10_sp_aij_35,36656,0.1,10,15930,1,5,even
1,7.272727272727273,0.0928998619367505,0.1001272489386366,0.1114083590450763,0.0840772439992966,0.2210362062325518,0.0377582095355869,0.0966560069537779,0.1355569164579163,0.1518216482181707,0.1140056428368336,10_sp_aij_35,36656,0.1,10,15930,1,5,even
2,14.84848484848485,0.0576864135682626,0.2245188060156828,0.1520677877014798,0.0658913616897655,0.2088026645831651,0.15484383745665,0.1823882002569712,0.2133347188278299,0.1401224376321985,0.1577859209412742,10_sp_aij_35,36656,0.1,10,15930,1,5,even
3,22.424242424242426,0.0843798006566147,0.2175817743812514,0.1547968256287854,0.0902634668072642,0.2159194578820821,0.1483819753209326,0.1717169722766316,0.2149637947172751,0.1261198814294366,0.1375158791835676,10_sp_aij_35,36656,0.1,10,15930,1,5,even
4,30.0,0.0605902511903753,0.197387510401258,0.1093449611899344,0.1457860622516522,0.2337564440806994,0.1432374836020133,0.1506216825238348,0.2453459180650851,0.0918576615277005,0.1754789694156631,10_sp_aij_35,36656,0.1,10,15930,1,5,even
