,time,species_0,species_1,species_2,species_3,species_4,species_5,species_6,species_7,species_8,species_9,ground_truth,timeseries_id,noise,n_species,did,n_timeseries,n_timepoints,sampling_scheme
0,0.0,0.04,0.05,0.01,0.02,0.02,0.07,0.01,0.09,0.07,0.03,10_sp_aij_2,36656,0.1,10,6750,1,5,even
1,7.272727272727273,0.0532772614506849,0.0452959008272615,0.1713383381668334,0.0376893279028097,0.0286175594546684,0.122642777035468,0.0376426088598345,0.1990600929569773,0.0404978200086702,0.0598148135587215,10_sp_aij_2,36656,0.1,10,6750,1,5,even
2,14.84848484848485,0.0090823914217785,0.0317319369177467,0.2422127061751223,0.0327635624872771,0.0366320698910831,0.1465588207755148,0.1835072507337415,0.2339436022784626,0.0568556736655847,0.0211869666360993,10_sp_aij_2,36656,0.1,10,6750,1,5,even
3,22.424242424242426,0.0111878371855046,0.017741730170251,0.2510177054159616,0.0214042371774965,0.031454387347993,0.1491411338816911,0.1702795145051895,0.269922266368335,0.14337865972717,0.0109797076637771,10_sp_aij_2,36656,0.1,10,6750,1,5,even
4,30.0,0.0087732346330616,0.013523765352207,0.1982044911175123,0.0271351964855541,0.0375934543812155,0.1858184350161524,0.1406254543317711,0.2585243997818121,0.1204810365918819,0.0179013574335439,10_sp_aij_2,36656,0.1,10,6750,1,5,even
