,time,species_0,species_1,species_2,species_3,species_4,species_5,species_6,species_7,species_8,species_9,ground_truth,timeseries_id,noise,n_species,did,n_timeseries,n_timepoints,sampling_scheme
0,6.0606060606060606,0.2034580083078328,0.2841841703311504,0.0375228042012353,0.0688306159535274,0.0474847201660934,0.0137477554395156,0.2779348929294323,0.0950689177817839,0.209994797862588,0.1828341930804468,10_sp_aij_25,36656,0.01,10,9723,1,5,seq
1,7.272727272727273,0.1970365506441063,0.3108330144222739,0.0449199252050997,0.0932007110994084,0.048098096740363,0.0112766155518779,0.2970798033403259,0.0946297043063438,0.2282203509023359,0.2232351618169838,10_sp_aij_25,36656,0.01,10,9723,1,5,seq
2,8.484848484848484,0.1835936767983558,0.3334394074121581,0.0519740733127353,0.1162408469966939,0.049543948755372,0.0095966777846083,0.2978360033418338,0.0927771582102489,0.250559367558442,0.2519250210615882,10_sp_aij_25,36656,0.01,10,9723,1,5,seq
3,10.0,0.1664048680939905,0.3522302649689829,0.0600567415638231,0.1395251983731109,0.0508768849419415,0.007864603350438,0.2972994334041832,0.086668376751531,0.2742685064926202,0.2594445592512068,10_sp_aij_25,36656,0.01,10,9723,1,5,seq
4,11.212121212121213,0.1577620220934035,0.3515769521834341,0.0675634574526161,0.1466304662717692,0.0495009497549658,0.0069351505575498,0.2987891847694193,0.0803857359327398,0.2829253705459016,0.2770230768184644,10_sp_aij_25,36656,0.01,10,9723,1,5,seq
