,time,species_0,species_1,species_2,species_3,species_4,species_5,species_6,species_7,species_8,species_9,ground_truth,timeseries_id,noise,n_species,did,n_timeseries,n_timepoints,sampling_scheme
0,13.636363636363637,0.0393964734101751,0.0543820193502537,0.0558290619238495,0.0623042360489657,0.1050014639889697,0.2436209483094567,0.1062659379347383,0.0583418909198455,0.0266597486265011,0.0949464592873246,10_sp_aij_43,36656,0.1,10,20796,1,5,random
1,18.484848484848484,0.0594019001000924,0.0524137920283276,0.0237159449579489,0.0780031843683465,0.104718471120137,0.2535790215681045,0.0915807099675289,0.08785801291743,0.0370059960487402,0.1157839418991225,10_sp_aij_43,36656,0.1,10,20796,1,5,random
2,22.424242424242426,0.0682739887220762,0.0348109978382107,0.0367997323371643,0.0907926582904999,0.0818580389407278,0.1891768238548704,0.0877112719546498,0.0749279175142367,0.0396222121966812,0.063136058549624,10_sp_aij_43,36656,0.1,10,20796,1,5,random
3,26.060606060606062,0.0876905968541036,0.0386596998587604,0.0335633833546303,0.0876929827638327,0.1343115933305132,0.2106486407371403,0.0876192268861915,0.0609197210795197,0.045895367595923,0.1190109760266411,10_sp_aij_43,36656,0.1,10,20796,1,5,random
4,30.0,0.0576861714615643,0.0345203203395377,0.0277491976766512,0.111069219906806,0.0856282083259351,0.2499681935194619,0.0648894859102131,0.0632565871599656,0.0219345983851037,0.1086284178167225,10_sp_aij_43,36656,0.1,10,20796,1,5,random
