,time,species_0,species_1,species_2,species_3,species_4,species_5,species_6,species_7,species_8,species_9,ground_truth,timeseries_id,noise,n_species,did,n_timeseries,n_timepoints,sampling_scheme
0,0.0,0.04,0.05,0.01,0.02,0.02,0.07,0.01,0.09,0.07,0.03,10_sp_aij_4,36656,0.01,10,18369,2,5,even
1,7.272727272727273,0.3442839120811363,0.0397018491852163,0.4477694824500112,0.2458934428553907,0.3192295130902737,0.1187593881868101,0.0671406172306631,0.0858094592299116,0.1486618766484308,0.0578695106349728,10_sp_aij_4,36656,0.01,10,18369,2,5,even
2,14.84848484848485,0.3551938524008872,0.0168160511287437,0.4431176206943559,0.2616407091042533,0.3291008749153952,0.1471829255339268,0.0556810566400299,0.1073779277736093,0.1781320031131398,0.0673950419480104,10_sp_aij_4,36656,0.01,10,18369,2,5,even
3,22.424242424242426,0.3526976154123979,0.0099364742866053,0.4388773900067074,0.2536468592032732,0.3187220350748738,0.1460874013120593,0.0427392848413531,0.1033324466895485,0.1753231267833019,0.0783768590854928,10_sp_aij_4,36656,0.01,10,18369,2,5,even
4,30.0,0.3493970720523863,0.0076946382482404,0.4216537617220409,0.2529778927773033,0.3111990855551159,0.1482076915692185,0.035779953024124,0.0966611063071629,0.1686064794448385,0.0873352943358029,10_sp_aij_4,36656,0.01,10,18369,2,5,even
5,0.0,0.02,0.02,0.02,0.02,0.04,0.09,0.05,0.04,0.02,0.04,10_sp_aij_4,2369231,0.01,10,18369,2,5,even
6,7.272727272727273,0.352664829300225,0.023025516607919,0.4638877459163767,0.2865253697527325,0.3765903295767522,0.1332587387976117,0.115697445293206,0.1001853648775731,0.1212585926215533,0.0314476564282964,10_sp_aij_4,2369231,0.01,10,18369,2,5,even
7,14.84848484848485,0.3642545136459281,0.0082496471775679,0.4565560421858066,0.2763451931047693,0.3392612698758434,0.1531425130546197,0.0645319478609895,0.1193898916371215,0.1771400485953552,0.0546769008798525,10_sp_aij_4,2369231,0.01,10,18369,2,5,even
8,22.424242424242426,0.3509371408405692,0.0053050513590629,0.4351307661862394,0.2637081442399663,0.3320455951243587,0.1448932127446793,0.0458922470312655,0.1055284934067545,0.1707698189694731,0.0755645933060439,10_sp_aij_4,2369231,0.01,10,18369,2,5,even
9,30.0,0.364380938727619,0.004291315173137,0.4186149942442258,0.2442105013277897,0.3144230675032438,0.1384289488665943,0.0354254747315232,0.0999840590290793,0.1644729192065296,0.086000750835691,10_sp_aij_4,2369231,0.01,10,18369,2,5,even
