,time,species_0,species_1,species_2,species_3,species_4,species_5,species_6,species_7,species_8,species_9,ground_truth,timeseries_id,noise,n_species,did,n_timeseries,n_timepoints,sampling_scheme
0,0.0,0.04,0.05,0.01,0.02,0.02,0.07,0.01,0.09,0.07,0.03,10_sp_aij_46,36656,0.1,10,22419,2,5,even
1,7.272727272727273,0.1446562419428557,0.149224543563692,0.257237842960346,0.2083420138177198,0.0248386253250002,0.2292460952556607,0.0,0.3541030581651614,0.3718534275274547,0.2569491638130042,10_sp_aij_46,36656,0.1,10,22419,2,5,even
2,14.84848484848485,0.2525969278330598,0.0458359497636503,0.4993866279401947,0.219059938425693,0.0143821447963412,0.3411631169389595,0.0,0.477178538351267,0.7536011783772866,0.4956156554069029,10_sp_aij_46,36656,0.1,10,22419,2,5,even
3,22.424242424242426,0.2997605857077637,0.0104149782544866,0.6554156498099292,0.2233378513979299,0.0065413392611876,0.3876628139318087,0.0,0.5432443887788033,0.7401551834853541,0.5188820583951012,10_sp_aij_46,36656,0.1,10,22419,2,5,even
4,30.0,0.3509493073376247,0.0044847711484071,0.5620003619395005,0.3239721881209065,0.0055554533556671,0.4531503791868874,0.0,0.5857259414081051,0.901399562268968,0.545752757578629,10_sp_aij_46,36656,0.1,10,22419,2,5,even
5,0.0,0.02,0.02,0.02,0.02,0.04,0.09,0.05,0.04,0.02,0.04,10_sp_aij_46,2369231,0.1,10,22419,2,5,even
6,7.272727272727273,0.201916230732414,0.1732613029249238,0.2616956919822616,0.186497127709335,0.0762226050696641,0.2457370358908755,0.005875189809376,0.5688666800432952,0.4339311738655457,0.271790794743222,10_sp_aij_46,2369231,0.1,10,22419,2,5,even
7,14.84848484848485,0.3339317176947642,0.0521417358810822,0.5784736363362131,0.267839845087657,0.0163828733351694,0.4091023580648595,0.0,0.718760465250206,0.7521328150876546,0.5671633645478961,10_sp_aij_46,2369231,0.1,10,22419,2,5,even
8,22.424242424242426,0.2999474376047953,0.0254386739197068,0.5771962071406409,0.3093095475722876,0.0121685799196226,0.3475054329958772,0.0,0.5713052572831445,0.7446898440294696,0.5078971281892587,10_sp_aij_46,2369231,0.1,10,22419,2,5,even
9,30.0,0.4297133492226452,0.0121524901826778,0.425909158253961,0.2343397579171999,0.0127953915146234,0.3867568995332934,0.0,0.4980562118561066,0.6077924782988247,0.6668705484484854,10_sp_aij_46,2369231,0.1,10,22419,2,5,even
