,time,species_0,species_1,species_2,species_3,species_4,species_5,species_6,species_7,species_8,species_9,ground_truth,timeseries_id,noise,n_species,did,n_timeseries,n_timepoints,sampling_scheme
0,6.0606060606060606,0.3227882987804085,0.0876883643504156,0.0805164685823128,0.0412799600863545,0.0191098500814291,0.0898707231037034,0.086461738199104,0.0712825270379246,0.0659436474931808,0.1099619975794255,10_sp_aij_6,36656,0.01,10,24843,1,5,seq
1,7.272727272727273,0.3258753241058292,0.0863760233984179,0.0898203845292116,0.0505681041231923,0.0175257857617652,0.0843416517493427,0.1050069924148944,0.0734040306986119,0.0614979496149781,0.1077523106939171,10_sp_aij_6,36656,0.01,10,24843,1,5,seq
2,8.484848484848484,0.3198146005034764,0.0853628146569237,0.0952081191454586,0.0586271045219904,0.0168886492862059,0.080812485550639,0.114760028563585,0.0772294490015555,0.0595915424537249,0.1063274745275256,10_sp_aij_6,36656,0.01,10,24843,1,5,seq
3,10.0,0.311014206642526,0.0832836872848701,0.0985611448675171,0.0659813802478297,0.01674378288128,0.0773835448943083,0.1194339627927192,0.0812248362182131,0.0591515171737223,0.0987702978626555,10_sp_aij_6,36656,0.01,10,24843,1,5,seq
4,11.212121212121213,0.3086726757921133,0.0807383856923976,0.1018239544345034,0.0664399390687845,0.0162109722191647,0.0771729485654548,0.1210462926925542,0.0823308267913564,0.058333105722907,0.0984385842523788,10_sp_aij_6,36656,0.01,10,24843,1,5,seq
