,time,species_0,species_1,species_2,species_3,species_4,species_5,species_6,species_7,species_8,species_9,ground_truth,timeseries_id,noise,n_species,did,n_timeseries,n_timepoints,sampling_scheme
0,0.0,0.04,0.05,0.01,0.02,0.02,0.07,0.01,0.09,0.07,0.03,10_sp_aij_10,36656,0.01,10,1089,2,5,even
1,7.272727272727273,0.0605507357284886,0.1244057469222882,0.2540350943030198,0.2443759243611165,0.0652260957110441,0.1901902948944515,0.0092675073765849,0.1211711329726434,0.2239208132205534,0.0621441495188347,10_sp_aij_10,36656,0.01,10,1089,2,5,even
2,14.84848484848485,0.0146336534043736,0.2079171660534339,0.2825396254284423,0.2263940530543041,0.1497555861923173,0.2452076631117497,0.1133485676983636,0.1019295746751281,0.2353155639385574,0.0645125457074136,10_sp_aij_10,36656,0.01,10,1089,2,5,even
3,22.424242424242426,0.0146729083424556,0.2061652715207969,0.2292376465242017,0.2203233916121201,0.2155205839749691,0.2965237511334029,0.1946293490004589,0.0999770021484219,0.2165223326168337,0.0663711383144639,10_sp_aij_10,36656,0.01,10,1089,2,5,even
4,30.0,0.0228954579740991,0.207673362807659,0.2174854834491346,0.2225184236973872,0.2164064926990738,0.3022174007671225,0.1907284673810449,0.1072413534035742,0.2099893898601322,0.0725630997969443,10_sp_aij_10,36656,0.01,10,1089,2,5,even
5,0.0,0.02,0.02,0.02,0.02,0.04,0.09,0.05,0.04,0.02,0.04,10_sp_aij_10,2369231,0.01,10,1089,2,5,even
6,7.272727272727273,0.0955626935939178,0.1381983088396003,0.1963052019206149,0.2407759126263593,0.1014295536294372,0.2142658369427925,0.0361846817980977,0.139823520885669,0.1830257024705284,0.0514115691588512,10_sp_aij_10,2369231,0.01,10,1089,2,5,even
7,14.84848484848485,0.02289522325933,0.1995374068200195,0.2702416696636415,0.2295825683671353,0.1715829601975036,0.2686921914040248,0.1447165965004118,0.1085909672959663,0.2406423804164544,0.0695629050503971,10_sp_aij_10,2369231,0.01,10,1089,2,5,even
8,22.424242424242426,0.0229012332724694,0.2079848707422022,0.230129452628771,0.2272415157067156,0.2194153087005917,0.2908952635217402,0.1918060938310082,0.1065744874340402,0.2169618704445258,0.0699289629084209,10_sp_aij_10,2369231,0.01,10,1089,2,5,even
9,30.0,0.0290096934029175,0.1963577726779836,0.2196240086319879,0.2225203346047594,0.2150520602601341,0.2923478259353046,0.1853488571511288,0.1082547244202772,0.2137030462016917,0.0735338830398802,10_sp_aij_10,2369231,0.01,10,1089,2,5,even
