,time,species_0,species_1,species_2,species_3,species_4,species_5,species_6,species_7,species_8,species_9,ground_truth,timeseries_id,noise,n_species,did,n_timeseries,n_timepoints,sampling_scheme
0,0.0,0.04,0.05,0.01,0.02,0.02,0.07,0.01,0.09,0.07,0.03,10_sp_aij_31,36656,0.01,10,13509,2,5,even
1,7.272727272727273,0.0675266129108373,0.1064007135992284,0.3183919490757603,0.3614030752551698,0.0072368271196275,0.0707169301116597,0.0978032226876645,0.0429726935451178,0.108306956884689,0.1401666020433429,10_sp_aij_31,36656,0.01,10,13509,2,5,even
2,14.84848484848485,0.1456869160475096,0.0640397997570603,0.3216087086169361,0.3449823882121128,0.0050354546745606,0.0853324588066573,0.0983518762147957,0.027573839737225,0.1421710700445521,0.1013692763036073,10_sp_aij_31,36656,0.01,10,13509,2,5,even
3,22.424242424242426,0.1557293135312846,0.0638903290856267,0.3259521033258779,0.3418138906677077,0.0052597649541703,0.0911086689809776,0.0955377370565663,0.0240357096795527,0.1383070694345332,0.0912287245433881,10_sp_aij_31,36656,0.01,10,13509,2,5,even
4,30.0,0.1510801391545645,0.06713611950159,0.3206685227332525,0.3495830481604722,0.0057646489477502,0.093457107524115,0.0959056817567241,0.0216139481417217,0.1352341114422386,0.0957118609732025,10_sp_aij_31,36656,0.01,10,13509,2,5,even
5,0.0,0.02,0.02,0.02,0.02,0.04,0.09,0.05,0.04,0.02,0.04,10_sp_aij_31,2369231,0.01,10,13509,2,5,even
6,7.272727272727273,0.1418912285710598,0.1250713620062656,0.3028287045914912,0.3410638306125035,0.0075316112930264,0.062235350732826,0.1198837659341542,0.0312584599518381,0.0713080215652563,0.1244253122123242,10_sp_aij_31,2369231,0.01,10,13509,2,5,even
7,14.84848484848485,0.1470607900579618,0.0754159377624247,0.3305116679904899,0.3502634457069835,0.0048794006019156,0.0917892924192561,0.0923980072419363,0.0296084046626489,0.1389335143089551,0.1055823946772056,10_sp_aij_31,2369231,0.01,10,13509,2,5,even
8,22.424242424242426,0.1508382151941446,0.0726013999026052,0.3258884434419729,0.3539355460812257,0.0048576512584,0.091205504888942,0.0960549363201983,0.0247572231082319,0.135106767304298,0.0950808391599136,10_sp_aij_31,2369231,0.01,10,13509,2,5,even
9,30.0,0.1587859664465315,0.0678468944465057,0.3147532850340257,0.3404365176052891,0.0052833135279139,0.0889238695168582,0.0953378246430778,0.0231834982822092,0.1327815210100413,0.0982871125784776,10_sp_aij_31,2369231,0.01,10,13509,2,5,even
