,time,species_0,species_1,species_2,species_3,species_4,species_5,species_6,species_7,species_8,species_9,ground_truth,timeseries_id,noise,n_species,did,n_timeseries,n_timepoints,sampling_scheme
0,13.636363636363637,0.1460189424847531,0.222491412910614,0.123935093959747,0.0278375815702566,0.1303495968746896,0.1191574569032557,0.2705544106983479,0.1615751086153525,0.0889401256227153,0.395893199028042,10_sp_aij_41,36656,0.01,10,19446,1,5,random
1,18.484848484848484,0.1587090587970858,0.2167596356621127,0.0599635257058171,0.0492901599936024,0.12499969053394,0.077437134134207,0.2826454895425747,0.1374907617227012,0.0607617470292871,0.3747635099266725,10_sp_aij_41,36656,0.01,10,19446,1,5,random
2,22.424242424242426,0.1590757274262001,0.1897513323088693,0.0407669571895842,0.0655168870064072,0.1122015040736847,0.0630863834700157,0.2754983355187548,0.1229878468052458,0.0522098364204799,0.3673151602565723,10_sp_aij_41,36656,0.01,10,19446,1,5,random
3,26.060606060606062,0.1616119035013286,0.1754645175261115,0.0311774324599205,0.071771020389242,0.1072470115625064,0.0591530448340283,0.2727230138977124,0.1162768621161513,0.0513069703941317,0.3810085027240645,10_sp_aij_41,36656,0.01,10,19446,1,5,random
4,30.0,0.1573681796093257,0.1682538032959872,0.0257325344114415,0.0760127410188537,0.0935960776164568,0.0593434400519265,0.2660937495340935,0.1166914981587324,0.050267191709007,0.3695100680910572,10_sp_aij_41,36656,0.01,10,19446,1,5,random
