,time,species_0,species_1,species_2,species_3,species_4,species_5,species_6,species_7,species_8,species_9,ground_truth,timeseries_id,noise,n_species,did,n_timeseries,n_timepoints,sampling_scheme
0,6.0606060606060606,0.0964514917877285,0.2418690808923817,0.2165639535122771,0.198072827996548,0.0972452653410279,0.1163560495122966,0.0406891877862123,0.1816030772870391,0.0328386023236562,0.3854747081867813,10_sp_aij_22,36656,0.1,10,8373,1,5,seq
1,7.272727272727273,0.1114569833415521,0.1817048120527475,0.2994205342982111,0.1763623816832731,0.0761246836931312,0.1081463165512623,0.0359206057734237,0.1693135745618395,0.0179369437092208,0.3111918445467034,10_sp_aij_22,36656,0.1,10,8373,1,5,seq
2,8.484848484848484,0.0935590423321949,0.2144762686792576,0.2746302557700665,0.1404988191487148,0.0997430570008185,0.1151562441723873,0.0238400719659014,0.214722383369237,0.0137402870227086,0.3269171385718089,10_sp_aij_22,36656,0.1,10,8373,1,5,seq
3,10.0,0.0452358600725864,0.282368383679485,0.2618257823224634,0.1390315869309713,0.1797625438263977,0.1035278916977331,0.0195277525823063,0.261480027560406,0.0170420786650737,0.1788201071563131,10_sp_aij_22,36656,0.1,10,8373,1,5,seq
4,11.212121212121213,0.0279925703190761,0.2642013472649969,0.2956780320652361,0.0894288585520817,0.2070474706189214,0.1268131783555288,0.0225392267195017,0.2345508993935983,0.0189293821864981,0.2570267155651509,10_sp_aij_22,36656,0.1,10,8373,1,5,seq
