,time,species_0,species_1,species_2,species_3,species_4,species_5,species_6,species_7,species_8,species_9,ground_truth,timeseries_id,noise,n_species,did,n_timeseries,n_timepoints,sampling_scheme
0,13.636363636363637,0.3707503363055012,0.3776714133524584,0.1738067112944726,0.6976159743261366,0.3824996176423869,0.0417302648806521,0.8381545927865747,0.7699117790074921,0.7684415776170866,0.0,10_sp_aij_19,36656,0.1,10,6216,1,5,random
1,18.484848484848484,0.4007188599395748,0.3586341014501758,0.0642176973566874,0.6867940075904226,0.3466091412049155,0.083490724900179,0.6642960567819649,0.7185285625633432,0.6272153591412299,0.0,10_sp_aij_19,36656,0.1,10,6216,1,5,random
2,22.424242424242426,0.3121389348275882,0.2690861780176518,0.1096979383396817,0.6325841403742904,0.3035280419497428,0.0748071273120993,0.5685255161868552,0.6710203022120445,0.5829970577480555,0.0,10_sp_aij_19,36656,0.1,10,6216,1,5,random
3,26.060606060606062,0.3805778844152687,0.2757547138751396,0.0935836128740975,0.715796261082296,0.4594354911320343,0.0717215151010378,0.5999214751282843,0.7127640968543116,0.7681407116845319,0.0,10_sp_aij_19,36656,0.1,10,6216,1,5,random
4,30.0,0.3085552094056366,0.2671898840293187,0.064606533743896,0.7201559120872779,0.2538678597141628,0.0988151608438935,0.5235476317223973,0.6021059489172701,0.655134816449932,0.0,10_sp_aij_19,36656,0.1,10,6216,1,5,random
