,time,species_0,species_1,species_2,species_3,species_4,species_5,species_6,species_7,species_8,species_9,ground_truth,timeseries_id,noise,n_species,did,n_timeseries,n_timepoints,sampling_scheme
0,6.0606060606060606,0.3271726915216319,0.2343467677027599,0.204680588024656,0.2785138846761033,0.0474046941378316,0.2517548289415814,0.0611472635484946,0.3758447723706398,0.0990904020356474,0.1100058981474133,10_sp_aij_18,36656,0.1,10,5673,1,5,seq
1,7.272727272727273,0.2919664711117162,0.1702197445795227,0.2192051216636309,0.3206172841325632,0.0379063767636197,0.2200799815271448,0.1021325879867296,0.3188389700325674,0.0950972294346138,0.1032749681145689,10_sp_aij_18,36656,0.1,10,5673,1,5,seq
2,8.484848484848484,0.2281279990389129,0.1840757910894221,0.1987178441198803,0.3057047793095523,0.0521543971340728,0.1981999955404929,0.1430152432821058,0.3757607487729277,0.0957487380138709,0.1135858916101525,10_sp_aij_18,36656,0.1,10,5673,1,5,seq
3,10.0,0.1639059629248472,0.2263669445285483,0.2026367612011406,0.2995830215985028,0.0785455314152661,0.165386957789098,0.1598379498653674,0.4349649193447045,0.089732419331713,0.0572041506823801,10_sp_aij_18,36656,0.1,10,5673,1,5,seq
4,11.212121212121213,0.1517953127354054,0.2095667985662705,0.2260542613477423,0.179546245370094,0.0715740605945579,0.1779990831742127,0.1626415574963593,0.3763798147320939,0.0694138231128833,0.0518867431350883,10_sp_aij_18,36656,0.1,10,5673,1,5,seq
