,time,species_0,species_1,species_2,species_3,species_4,species_5,species_6,species_7,species_8,species_9,ground_truth,timeseries_id,noise,n_species,did,n_timeseries,n_timepoints,sampling_scheme
0,6.0606060606060606,0.0341006490633228,0.1587348811257362,0.3042274097198961,0.3865057520179257,0.0068965570304461,0.0801875644104544,0.061701126528009,0.059034311644609,0.0965526382939539,0.1776605194425645,10_sp_aij_31,36656,0.1,10,13773,1,5,seq
1,7.272727272727273,0.049241782413662,0.0969702450854079,0.3650640790150266,0.3831387287557248,0.0035625832177895,0.0717015026032919,0.071999224180957,0.0367260188937629,0.0943043797851641,0.1356571306697298,10_sp_aij_31,36656,0.1,10,13773,1,5,seq
2,8.484848484848484,0.067299707234717,0.0795228040692862,0.3104484582946517,0.3344441900655717,0.0030880885343486,0.0686640797206397,0.0675823552347952,0.0303568360827674,0.1089247200532136,0.1254551384882535,10_sp_aij_31,36656,0.1,10,13773,1,5,seq
3,10.0,0.0509400017422745,0.0743798942202192,0.2815523240404106,0.3507383627035277,0.0036400094656361,0.0548632689755565,0.070781467040433,0.0282161586909935,0.1156193618526672,0.063873230238293,10_sp_aij_31,36656,0.1,10,13773,1,5,seq
4,11.212121212121213,0.0500590556560729,0.0647941436477381,0.3113932115563299,0.2319998200953411,0.003386864789421,0.0572962129586219,0.0793960618392222,0.023709314513983,0.0953863876494711,0.0729251977039039,10_sp_aij_31,36656,0.1,10,13773,1,5,seq
