,time,species_0,species_1,species_2,species_3,species_4,species_5,species_6,species_7,species_8,species_9,ground_truth,timeseries_id,noise,n_species,did,n_timeseries,n_timepoints,sampling_scheme
0,0.0,0.04,0.05,0.01,0.02,0.02,0.07,0.01,0.09,0.07,0.03,10_sp_aij_5,36656,0.01,10,24300,1,5,even
1,7.272727272727273,0.0793833205942466,0.542648259574471,0.1183698876637548,0.3286105773219898,0.7707917959255377,0.1400151107804919,0.0781716411516954,0.1363923156602427,0.3420665040488901,0.6486579206928073,10_sp_aij_5,36656,0.01,10,24300,1,5,even
2,14.84848484848485,0.0691670022171516,0.5177628844132545,0.3916658354520841,0.3985824865777414,0.9058145730637462,0.0339271527557145,0.187277844686101,0.3255463691894501,0.490377900931503,0.7048823767214427,10_sp_aij_5,36656,0.01,10,24300,1,5,even
3,22.424242424242426,0.0529145667662122,0.5098133928365831,0.3839802651278974,0.3868782478673431,0.8898975353659907,0.0166167946226444,0.2049386844431909,0.3240750205024477,0.4845500466015257,0.6861403028759112,10_sp_aij_5,36656,0.01,10,24300,1,5,even
4,30.0,0.0416120836311331,0.4981542786582321,0.3616806968772947,0.38900895654155,0.8875811142433179,0.0124085709336425,0.2074067297782459,0.3201479481579125,0.4866134391088203,0.6772227791208647,10_sp_aij_5,36656,0.01,10,24300,1,5,even
