,time,species_0,species_1,species_2,species_3,species_4,species_5,species_6,species_7,species_8,species_9,ground_truth,timeseries_id,noise,n_species,did,n_timeseries,n_timepoints,sampling_scheme
0,6.0606060606060606,0.2120145136183265,0.254401675491888,0.2252492643443581,0.2752803052263998,0.0806820986997447,0.1166225024867873,0.0298768848525543,0.4746999816061474,0.265012796188431,0.1925604793699548,10_sp_aij_32,36656,0.01,10,14043,1,5,seq
1,7.272727272727273,0.2286792743738756,0.2615607104027579,0.2596686841241337,0.2539379651493937,0.070459817164137,0.1204265395995102,0.034498654576426,0.4686354784038912,0.249358805016741,0.1964948230333334,10_sp_aij_32,36656,0.01,10,14043,1,5,seq
2,8.484848484848484,0.2258733223875747,0.2626562555351642,0.2644003705407821,0.2367460884660402,0.0666907857494189,0.1264247189715612,0.0380242823343794,0.4697011779769167,0.2405118960146846,0.20614998353081,10_sp_aij_32,36656,0.01,10,14043,1,5,seq
3,10.0,0.2155008267290001,0.260394141875972,0.2571359436513854,0.2338732644332886,0.0673077971205542,0.1301380434445861,0.0419849106514883,0.4716640417665391,0.2379079373206547,0.2033609217354071,10_sp_aij_32,36656,0.01,10,14043,1,5,seq
4,11.212121212121213,0.2119707287481973,0.2524260293752304,0.257787000185397,0.2259010153229038,0.066970458922267,0.134421334061829,0.0453991031218741,0.4665451482074565,0.2349025962519356,0.2112040173362504,10_sp_aij_32,36656,0.01,10,14043,1,5,seq
