,time,species_0,species_1,species_2,species_3,species_4,species_5,species_6,species_7,species_8,species_9,ground_truth,timeseries_id,noise,n_species,did,n_timeseries,n_timepoints,sampling_scheme
0,0.0,0.04,0.05,0.01,0.02,0.02,0.07,0.01,0.09,0.07,0.03,10_sp_aij_48,36656,0.1,10,23491,1,10,even
1,3.333333333333333,0.0670058659298314,0.1657109455822416,0.0056839343063976,0.0426409057338939,0.0950848849129077,0.0982090815999026,0.1125539517752349,0.122621403623611,0.103137826253786,0.0751323604521282,10_sp_aij_48,36656,0.1,10,23491,1,10,even
2,6.666666666666667,0.1535209169125345,0.1219252809259096,0.0027094368904692,0.0771035061501572,0.215985830862876,0.1471524660077203,0.2701671748827426,0.2377292248728574,0.0939674875278985,0.1830180919300028,10_sp_aij_48,36656,0.1,10,23491,1,10,even
3,10.0,0.0931187401256146,0.0541450916982477,0.0,0.1098284831103184,0.358021281467781,0.1046403567400072,0.2670639372621539,0.2857689048377406,0.0867495639579648,0.0780503133768397,10_sp_aij_48,36656,0.1,10,23491,1,10,even
4,13.333333333333334,0.0645178697261262,0.019789303636879,0.0,0.1237521153862458,0.2848539465081547,0.1369795092309551,0.3645872399291512,0.359479258287424,0.0799039513373571,0.1106112203983214,10_sp_aij_48,36656,0.1,10,23491,1,10,even
5,16.666666666666668,0.1390458456836807,0.006467841524438,0.0,0.1141610280889007,0.3647054153350302,0.0906347817885642,0.2610502649314145,0.284792329734397,0.1144639374684777,0.1446827824143627,10_sp_aij_48,36656,0.1,10,23491,1,10,even
6,20.0,0.1599140883959543,0.0074596724314674,0.0,0.1167567493606944,0.2683788448961345,0.1105979861226538,0.3464282047095729,0.2998083818796643,0.1321382211650372,0.0991916653484145,10_sp_aij_48,36656,0.1,10,23491,1,10,even
7,23.333333333333336,0.1271891476585983,0.0069702186307732,0.0,0.0975717607278293,0.305380690593222,0.0733459173602485,0.2954418931243449,0.2437207556146298,0.1397338957430967,0.1269488791817978,10_sp_aij_48,36656,0.1,10,23491,1,10,even
8,26.666666666666668,0.2202781714102133,0.0064684335653866,0.0,0.1024827204271486,0.4139883061023202,0.1030727365801526,0.2646735052995287,0.1636037951412869,0.1718183418013581,0.1637835672991089,10_sp_aij_48,36656,0.1,10,23491,1,10,even
9,30.0,0.1894770357209242,0.0083103070943213,0.0,0.1802972297952207,0.2755537485466705,0.1201860095632523,0.2170931311524898,0.2078172645181367,0.1764861816952861,0.1522478389083644,10_sp_aij_48,36656,0.1,10,23491,1,10,even
