,time,species_0,species_1,species_2,species_3,species_4,species_5,species_6,species_7,species_8,species_9,ground_truth,timeseries_id,noise,n_species,did,n_timeseries,n_timepoints,sampling_scheme
0,0.0,0.04,0.05,0.01,0.02,0.02,0.07,0.01,0.09,0.07,0.03,10_sp_aij_20,36656,0.1,10,7299,2,5,even
1,7.272727272727273,0.1302854438073188,0.1010539004101865,0.1520103349863872,0.2295709545271994,0.0117283547278373,0.357103677368559,0.0997703714660846,0.1864066726178306,0.12024940064764,0.1418873794438425,10_sp_aij_20,36656,0.1,10,7299,2,5,even
2,14.84848484848485,0.0426802481823808,0.0445574914354487,0.1702071245048224,0.201686035596021,0.037007782542087,0.3004559690167548,0.105000609366785,0.1641122604231795,0.1798890585410401,0.1403701959900718,10_sp_aij_20,36656,0.1,10,7299,2,5,even
3,22.424242424242426,0.0476616961566287,0.0309140842085359,0.2036691502003338,0.218148780310861,0.045844707105735,0.2896667393109662,0.0801946276429019,0.1622495529287954,0.1643192149312421,0.1140776374402471,10_sp_aij_20,36656,0.1,10,7299,2,5,even
4,30.0,0.0474058584549275,0.025167463210539,0.1449733417310713,0.2231718537410792,0.0468531150610625,0.3307361508260205,0.042043775379508,0.1419454138228129,0.1363436646350065,0.1673079020049595,10_sp_aij_20,36656,0.1,10,7299,2,5,even
5,0.0,0.02,0.02,0.02,0.02,0.04,0.09,0.05,0.04,0.02,0.04,10_sp_aij_20,2369231,0.1,10,7299,2,5,even
6,7.272727272727273,0.1046010706061012,0.101890556144978,0.1497647110176543,0.2035555196641283,0.0638554972098596,0.3048423227011277,0.0756387924997972,0.2862141078912001,0.1334317092563414,0.1128759803161499,10_sp_aij_20,2369231,0.1,10,7299,2,5,even
7,14.84848484848485,0.0936609675136042,0.0464873541330849,0.1793211525842156,0.2207467705546058,0.0368604735854276,0.3667997279796631,0.0711130967731432,0.2250440174791377,0.1684317343243747,0.1948956183510811,10_sp_aij_20,2369231,0.1,10,7299,2,5,even
8,22.424242424242426,0.0780913929679399,0.085037653550927,0.1830264047592252,0.2576068038149351,0.0465044029597107,0.2654030992603347,0.0632822078244369,0.1959830554911733,0.1436688898134027,0.1355212976083595,10_sp_aij_20,2369231,0.1,10,7299,2,5,even
9,30.0,0.1366945831945537,0.0412346429040482,0.1322063080244172,0.1919338299960374,0.074884789456704,0.2650503335688171,0.0784607229747754,0.1584882081509595,0.1194410215572172,0.2139699971119492,10_sp_aij_20,2369231,0.1,10,7299,2,5,even
