,time,species_0,species_1,species_2,species_3,species_4,species_5,species_6,species_7,species_8,species_9,ground_truth,timeseries_id,noise,n_species,did,n_timeseries,n_timepoints,sampling_scheme
0,13.636363636363637,0.0403223749761202,0.0483594445007069,0.2115784576962918,0.1772831088827943,0.0380440101283433,0.4031424729089314,0.1105282176293015,0.184090272675696,0.1621353331195364,0.1550046283115028,10_sp_aij_20,36656,0.1,10,7296,1,5,random
1,18.484848484848484,0.0433066277077675,0.0367923750406706,0.1336550159894636,0.2013518021590397,0.0428225858574152,0.3623779388350936,0.0717963833389746,0.180985084379715,0.168376399083989,0.1482736754884884,10_sp_aij_20,36656,0.1,10,7296,1,5,random
2,22.424242424242426,0.0476616961566287,0.0309140842085359,0.2036691502003338,0.218148780310861,0.045844707105735,0.2896667393109662,0.0801946276429019,0.1622495529287954,0.1643192149312421,0.1140776374402471,10_sp_aij_20,36656,0.1,10,7296,1,5,random
3,26.060606060606062,0.0604081482010935,0.0295639724933749,0.1510252655049343,0.2095431067101602,0.0874932743391435,0.3089257559369942,0.0779261425495738,0.1391410176134432,0.1928591068124567,0.216295150692627,10_sp_aij_20,36656,0.1,10,7296,1,5,random
4,30.0,0.0474058584549275,0.025167463210539,0.1449733417310713,0.2231718537410792,0.0468531150610625,0.3307361508260205,0.042043775379508,0.1419454138228129,0.1363436646350065,0.1673079020049595,10_sp_aij_20,36656,0.1,10,7296,1,5,random
