,time,species_0,species_1,species_2,species_3,species_4,species_5,species_6,species_7,species_8,species_9,ground_truth,timeseries_id,noise,n_species,did,n_timeseries,n_timepoints,sampling_scheme
0,13.636363636363637,0.3140360055912917,0.077607694359115,0.1071940895284427,0.0742856393834212,0.015774395333861,0.0810699372993467,0.1239742023790251,0.0846168475030786,0.0604472926718667,0.0991198918569056,10_sp_aij_6,36656,0.01,10,24846,1,5,random
1,18.484848484848484,0.3196960376265295,0.0814837306614274,0.1026100401594218,0.0801428557965062,0.014162034824208,0.0816021294071784,0.1181569604900857,0.0867526313826373,0.0634807623587273,0.098773642062331,10_sp_aij_6,36656,0.01,10,24846,1,5,random
2,22.424242424242426,0.3182011905543363,0.0812677225264016,0.1078539692323738,0.081131565258424,0.0131922691357839,0.0783853071224212,0.1164319245594261,0.0859533879353717,0.0633850248689439,0.0924808003304498,10_sp_aij_6,36656,0.01,10,24846,1,5,random
3,26.060606060606062,0.3239044996087312,0.0812468296540531,0.1069187820691305,0.0816983728559404,0.013234084447691,0.0774836274015568,0.1158995422644555,0.085266283167765,0.0632189777499959,0.0967380542803069,10_sp_aij_6,36656,0.01,10,24846,1,5,random
4,30.0,0.3145640741207593,0.081340198904731,0.1067849431788352,0.0850925046719659,0.0125220285801838,0.0808590944796704,0.1133427608618761,0.0858348492529389,0.0612025648259267,0.0950053678543376,10_sp_aij_6,36656,0.01,10,24846,1,5,random
