,time,species_0,species_1,species_2,species_3,species_4,species_5,species_6,species_7,species_8,species_9,ground_truth,timeseries_id,noise,n_species,did,n_timeseries,n_timepoints,sampling_scheme
0,6.0606060606060606,0.3069805320132786,0.2058410481917481,0.2047711900706952,0.3108964685227414,0.0716601645040116,0.2498100173706241,0.1049229192231491,0.3992775559806324,0.0932937122668775,0.1266243499394413,10_sp_aij_18,36656,0.01,10,5403,1,5,seq
1,7.272727272727273,0.2917773081595595,0.2093517377033724,0.2032733703843026,0.34622913474004,0.0736185872086184,0.2305620949532917,0.1464607307935436,0.4177556831530124,0.1083189833413335,0.1319841973964979,10_sp_aij_18,36656,0.01,10,5403,1,5,seq
2,8.484848484848484,0.2794481554926324,0.218950384081139,0.1974094842165178,0.3486976794157521,0.0749710703019326,0.2213630795183079,0.175207231450754,0.4439537321747067,0.1188407785856859,0.1305461303053064,10_sp_aij_18,36656,0.01,10,5403,1,5,seq
3,10.0,0.2717928270814636,0.2302090297106522,0.1938991156472171,0.3456504347512185,0.0734892445874312,0.2146826118242519,0.1894297773969737,0.4620611179376196,0.1238130152841096,0.1177547118555087,10_sp_aij_18,36656,0.01,10,5403,1,5,seq
4,11.212121212121213,0.2703311631964761,0.2299530165743315,0.1939274612687832,0.3294310942847956,0.0692061226360838,0.2159153691901379,0.1927687522683092,0.4582434161904595,0.1226546571773662,0.1134548546263075,10_sp_aij_18,36656,0.01,10,5403,1,5,seq
