,time,species_0,species_1,species_2,species_3,species_4,species_5,species_6,species_7,species_8,species_9,ground_truth,timeseries_id,noise,n_species,did,n_timeseries,n_timepoints,sampling_scheme
0,0.0,0.04,0.05,0.01,0.02,0.02,0.07,0.01,0.09,0.07,0.03,10_sp_aij_42,36656,0.1,10,20251,1,10,even
1,3.333333333333333,0.0709836733959927,0.1892275269582957,0.0318468083146235,0.1305835450056522,0.0420578105126132,0.0927344975892432,0.0369236955897823,0.152723859814194,0.1553281265985908,0.178699843402564,10_sp_aij_42,36656,0.1,10,20251,1,10,even
2,6.666666666666667,0.0762406103898941,0.166463209954023,0.0866236705868875,0.2447455043295441,0.1938644996372672,0.1782582073596422,0.1833475744588069,0.101983350569455,0.205626099092948,0.3238849452428398,10_sp_aij_42,36656,0.1,10,20251,1,10,even
3,10.0,0.0327885620132768,0.1103403970131036,0.1883027100509729,0.3019635022519187,0.3599330872057681,0.1675686656311175,0.1795175917930785,0.0399418551231355,0.179955252818262,0.1340768910973839,10_sp_aij_42,36656,0.1,10,20251,1,10,even
4,13.333333333333334,0.0273754149026137,0.077025816327418,0.3002015800002343,0.3396122507183454,0.3088772293372693,0.2481846892554663,0.2399387926094564,0.0239635208254163,0.23227336790573,0.1966267740715028,10_sp_aij_42,36656,0.1,10,20251,1,10,even
5,16.666666666666668,0.039828300614023,0.0465886548000662,0.2609474254338832,0.382939547913665,0.4223302587519522,0.2004786941637197,0.2218831548285607,0.0083082777329387,0.2655465959698873,0.2607592195291769,10_sp_aij_42,36656,0.1,10,20251,1,10,even
6,20.0,0.0480967151578328,0.0672858321590858,0.2293890936635298,0.3581680644945613,0.3498643554151934,0.2332715396940263,0.3083211974960479,0.0025702814344224,0.2074486052059508,0.1698601094391997,10_sp_aij_42,36656,0.1,10,20251,1,10,even
7,23.333333333333336,0.0481838357594631,0.0836840317292742,0.2709430493547164,0.3202078479324886,0.3551352286455575,0.1857535197000549,0.2658670103892884,0.0,0.2239581251500618,0.2090890083331472,10_sp_aij_42,36656,0.1,10,20251,1,10,even
8,26.666666666666668,0.0866357415182605,0.0659460219386008,0.2034672906164994,0.3313402571079019,0.4673443734524001,0.2556069004561294,0.2211257408878912,0.0,0.2310639425105484,0.2641390386907329,10_sp_aij_42,36656,0.1,10,20251,1,10,even
9,30.0,0.0502734405652136,0.0622947107521284,0.2145823785317585,0.4205662171299262,0.3244073214457882,0.2405833719981429,0.1862050984597442,0.0,0.1968364342701195,0.2151673576689323,10_sp_aij_42,36656,0.1,10,20251,1,10,even
