,time,species_0,species_1,species_2,species_3,species_4,species_5,species_6,species_7,species_8,species_9,ground_truth,timeseries_id,noise,n_species,did,n_timeseries,n_timepoints,sampling_scheme
0,0.0,0.04,0.05,0.01,0.02,0.02,0.07,0.01,0.09,0.07,0.03,10_sp_aij_37,36656,0.1,10,17010,1,5,even
1,7.272727272727273,0.4043663349103287,0.0853263226667453,0.0687656495056081,0.2100485500301824,0.0473574594473715,0.0372610436035513,0.0725775695392359,0.283317574657401,0.3102461447385033,0.2762001376270316,10_sp_aij_37,36656,0.1,10,17010,1,5,even
2,14.84848484848485,0.337257281951562,0.1007968962859822,0.2073858133663625,0.339184592776837,0.1384168788348258,0.019238271737401,0.2569192684424163,0.1541051076967493,0.391412905035382,0.2432870493910457,10_sp_aij_37,36656,0.1,10,17010,1,5,even
3,22.424242424242426,0.3473051300888864,0.1650852392130027,0.2361712698534761,0.3398411743531808,0.1050366864216991,0.0234123335170744,0.2290632445926862,0.1788689145427661,0.3736451524288571,0.1971692239715753,10_sp_aij_37,36656,0.1,10,17010,1,5,even
4,30.0,0.306186975476403,0.1443279582757463,0.1980308959237392,0.4007421983017352,0.1640072572767053,0.0450058887778932,0.206380474987537,0.1774269092060756,0.3680222605367175,0.2431087128770752,10_sp_aij_37,36656,0.1,10,17010,1,5,even
