,time,species_0,species_1,species_2,species_3,species_4,species_5,species_6,species_7,species_8,species_9,ground_truth,timeseries_id,noise,n_species,did,n_timeseries,n_timepoints,sampling_scheme
0,0.0,0.04,0.05,0.01,0.02,0.02,0.07,0.01,0.09,0.07,0.03,10_sp_aij_36,36656,0.01,10,16200,1,5,even
1,7.272727272727273,0.1979538189934649,0.1707807645011632,0.3019404294110756,0.1186598363368785,0.3483081050686633,0.2128441310968547,0.0,0.0522019460297387,0.1707495339957162,0.0683631744177544,10_sp_aij_36,36656,0.01,10,16200,1,5,even
2,14.84848484848485,0.1196785458407736,0.1065131130010613,0.4663445333830122,0.1736220678081364,0.4622393980245655,0.2971249324624438,0.0,0.0146991668629864,0.1557715518736546,0.1650953596870616,10_sp_aij_36,36656,0.01,10,16200,1,5,even
3,22.424242424242426,0.0963902342962901,0.0849799006343711,0.5006080436415733,0.1779726645943695,0.4805221924577936,0.3140708850719021,0.0,0.0035068339545766,0.147306986867361,0.1814911544914528,10_sp_aij_36,36656,0.01,10,16200,1,5,even
4,30.0,0.0869181313317108,0.0769904759373111,0.5079382282539079,0.1831651937786956,0.4848426898525034,0.3253111936472632,0.0,0.0,0.1424053003919871,0.1898621844423548,10_sp_aij_36,36656,0.01,10,16200,1,5,even
