,time,species_0,species_1,species_2,species_3,species_4,species_5,species_6,species_7,species_8,species_9,ground_truth,timeseries_id,noise,n_species,did,n_timeseries,n_timepoints,sampling_scheme
0,6.0606060606060606,0.2202575882863008,0.2280698025699183,0.219288463636241,0.1059764967593722,0.2804841738942287,0.1969482204997419,0.0,0.0695651907969077,0.2011702881919626,0.0423456614413088,10_sp_aij_36,36656,0.1,10,16473,1,5,seq
1,7.272727272727273,0.2081522273247226,0.1577837105760566,0.3122197649519087,0.1217521749839434,0.2415621189959686,0.2084206459325611,0.0,0.046329782841904,0.1533017104532099,0.0452520974898382,10_sp_aij_36,36656,0.1,10,16473,1,5,seq
2,8.484848484848484,0.1468764914515604,0.1478073060508559,0.3256922020591727,0.1074076496945145,0.3481491809266048,0.2262024538961797,0.0,0.039456382482085,0.1463197007507624,0.0604104535511657,10_sp_aij_36,36656,0.1,10,16473,1,5,seq
3,10.0,0.0887286037970909,0.1482819463867705,0.3344457487741502,0.1301943329167314,0.4692341526408438,0.191941848017117,0.0,0.0305499303099524,0.1429783802655982,0.0439090785999478,10_sp_aij_36,36656,0.1,10,16473,1,5,seq
4,11.212121212121213,0.0784955651687175,0.1232318818963648,0.3990369630912289,0.089230172741689,0.4146267244377125,0.2078468748429593,0.0,0.0212586467335917,0.1224047790436715,0.0584891417043628,10_sp_aij_36,36656,0.1,10,16473,1,5,seq
