,time,species_0,species_1,species_2,species_3,species_4,species_5,species_6,species_7,species_8,species_9,ground_truth,timeseries_id,noise,n_species,did,n_timeseries,n_timepoints,sampling_scheme
0,6.0606060606060606,0.1370643959817847,0.2207236298446266,0.1073874830101757,0.0477142829459,0.0917155695781508,0.2506688756585531,0.1006934641822657,0.1437198079313406,0.1433657134553448,0.0463716391454077,10_sp_aij_24,36656,0.1,10,9453,1,5,seq
1,7.272727272727273,0.1362903286255754,0.166637985148911,0.1377025299614171,0.0541018747035421,0.076415201486613,0.2486281344898505,0.1250857123482606,0.1225100534212892,0.1186372391358083,0.0411062233976221,10_sp_aij_24,36656,0.1,10,9453,1,5,seq
2,8.484848484848484,0.1002008219754993,0.1813172292794148,0.1543663259188777,0.0537801582224213,0.0981706899951129,0.2459686676898775,0.119263623743919,0.1580160266216307,0.1151367449301587,0.0472994432584454,10_sp_aij_24,36656,0.1,10,9453,1,5,seq
3,10.0,0.0477807196001003,0.2223906601683137,0.1405730197793929,0.0602393261146304,0.1547043681893006,0.1990562992668562,0.1165730606634247,0.1959401337455111,0.1033935555898667,0.0254461144153314,10_sp_aij_24,36656,0.1,10,9453,1,5,seq
4,11.212121212121213,0.0285923118335884,0.1980426716163302,0.1391187295136435,0.0357145253996275,0.1488731481571476,0.2185842731958884,0.1140802619296161,0.1798701154846673,0.0784515492190616,0.0245190987874013,10_sp_aij_24,36656,0.1,10,9453,1,5,seq
