,time,species_0,species_1,species_2,species_3,species_4,species_5,species_6,species_7,species_8,species_9,ground_truth,timeseries_id,noise,n_species,did,n_timeseries,n_timepoints,sampling_scheme
0,13.636363636363637,0.0169886500135318,0.2089549528646514,0.2976723707091703,0.2259736603721593,0.1356684182518791,0.2400467995286687,0.0824156975907066,0.1049681545311117,0.2332577798217615,0.0642822626854219,10_sp_aij_10,36656,0.01,10,1086,1,5,random
1,18.484848484848484,0.0126644233525826,0.2092966572772886,0.2399616267600034,0.2212254538999536,0.195742258352696,0.2836924069011584,0.1738348537513117,0.0996348012296784,0.2227549390530001,0.067425293438847,10_sp_aij_10,36656,0.01,10,1086,1,5,random
2,22.424242424242426,0.0146729083424556,0.2061652715207969,0.2292376465242017,0.2203233916121201,0.2155205839749691,0.2965237511334029,0.1946293490004589,0.0999770021484219,0.2165223326168337,0.0663711383144639,10_sp_aij_10,36656,0.01,10,1086,1,5,random
3,26.060606060606062,0.0180566466637311,0.2061394821230237,0.2170873824318953,0.2211288793212734,0.2296124467863115,0.3022453168265829,0.1988480768320888,0.1007322582602684,0.2174332967836774,0.0712089308353438,10_sp_aij_10,36656,0.01,10,1086,1,5,random
4,30.0,0.0228954579740991,0.207673362807659,0.2174854834491346,0.2225184236973872,0.2164064926990738,0.3022174007671225,0.1907284673810449,0.1072413534035742,0.2099893898601322,0.0725630997969443,10_sp_aij_10,36656,0.01,10,1086,1,5,random
