,time,species_0,species_1,species_2,species_3,species_4,species_5,species_6,species_7,species_8,species_9,ground_truth,timeseries_id,noise,n_species,did,n_timeseries,n_timepoints,sampling_scheme
0,13.636363636363637,0.0761477356540484,0.0936393635054094,0.2230900592282121,0.3278734686568028,0.3604555676202041,0.2275084096915333,0.2332844684103713,0.0170294709771464,0.2107078660656202,0.2260814827618797,10_sp_aij_42,36656,0.01,10,19986,1,5,random
1,18.484848484848484,0.0884860446672581,0.0933695442836302,0.2138043844981339,0.3313263004086041,0.3600809764478866,0.2264439255130152,0.2252192548992979,0.0085977644682875,0.2085442587339992,0.2246871384716695,10_sp_aij_42,36656,0.01,10,19986,1,5,random
2,22.424242424242426,0.0955487378063073,0.091481008085646,0.2149730177990136,0.3240872558720998,0.341906495321589,0.2181931536211898,0.2127668360278233,0.0058597193337556,0.2059696497088036,0.2191700679613962,10_sp_aij_42,36656,0.01,10,19986,1,5,random
3,26.060606060606062,0.1012639603523643,0.0927376801597616,0.2047223988346404,0.3226855023640352,0.352179564005126,0.2200831813163808,0.2086614232220897,0.0045003772460027,0.2084391180380015,0.230025009755124,10_sp_aij_42,36656,0.01,10,19986,1,5,random
4,30.0,0.0980553721021082,0.092517468434196,0.2040409947702215,0.3267961336195277,0.3412144715633907,0.2201342061589995,0.2047683382468031,0.0036228905619836,0.2000921392653747,0.2242027912939907,10_sp_aij_42,36656,0.01,10,19986,1,5,random
