,time,species_0,species_1,species_2,species_3,species_4,species_5,species_6,species_7,species_8,species_9,ground_truth,timeseries_id,noise,n_species,did,n_timeseries,n_timepoints,sampling_scheme
0,0.0,0.04,0.05,0.01,0.02,0.02,0.07,0.01,0.09,0.07,0.03,10_sp_aij_36,36656,0.01,10,16209,2,5,even
1,7.272727272727273,0.1979538189934649,0.1707807645011632,0.3019404294110756,0.1186598363368785,0.3483081050686633,0.2128441310968547,0.0,0.0522019460297387,0.1707495339957162,0.0683631744177544,10_sp_aij_36,36656,0.01,10,16209,2,5,even
2,14.84848484848485,0.1196785458407736,0.1065131130010613,0.4663445333830122,0.1736220678081364,0.4622393980245655,0.2971249324624438,0.0,0.0146991668629864,0.1557715518736546,0.1650953596870616,10_sp_aij_36,36656,0.01,10,16209,2,5,even
3,22.424242424242426,0.0963902342962901,0.0849799006343711,0.5006080436415733,0.1779726645943695,0.4805221924577936,0.3140708850719021,0.0,0.0035068339545766,0.147306986867361,0.1814911544914528,10_sp_aij_36,36656,0.01,10,16209,2,5,even
4,30.0,0.0869181313317108,0.0769904759373111,0.5079382282539079,0.1831651937786956,0.4848426898525034,0.3253111936472632,0.0,0.0,0.1424053003919871,0.1898621844423548,10_sp_aij_36,36656,0.01,10,16209,2,5,even
5,0.0,0.02,0.02,0.02,0.02,0.04,0.09,0.05,0.04,0.02,0.04,10_sp_aij_36,2369231,0.01,10,16209,2,5,even
6,7.272727272727273,0.1964463083367465,0.1338571310483635,0.3175064097782368,0.0927087647269178,0.3790921181638692,0.1934577467575797,0.0404248269104108,0.0438852773346763,0.1543465396738211,0.1015519486046332,10_sp_aij_36,2369231,0.01,10,16209,2,5,even
7,14.84848484848485,0.1610549281562837,0.0997491141972876,0.4356796447962871,0.164246852707209,0.470871077353378,0.2699674220133605,0.0807729722516522,0.0231380266504387,0.1677571709240496,0.1947664829867128,10_sp_aij_36,2369231,0.01,10,16209,2,5,even
8,22.424242424242426,0.1704680250097398,0.0809949991119865,0.4332094527134595,0.162496259779626,0.5051721402709128,0.2504420831353508,0.1260653452721634,0.0166547146001972,0.1672160635290727,0.2194978818561812,10_sp_aij_36,2369231,0.01,10,16209,2,5,even
9,30.0,0.1841531414023952,0.071002845158772,0.4165202845489315,0.154491169888119,0.4900986545495008,0.2484811631910382,0.1283109925044111,0.0153114272142416,0.1640073870438156,0.2326074138500172,10_sp_aij_36,2369231,0.01,10,16209,2,5,even
