,time,species_0,species_1,species_2,species_3,species_4,species_5,species_6,species_7,species_8,species_9,ground_truth,timeseries_id,noise,n_species,did,n_timeseries,n_timepoints,sampling_scheme
0,0.0,0.04,0.05,0.01,0.02,0.02,0.07,0.01,0.09,0.07,0.03,10_sp_aij_43,36656,0.1,10,20799,2,5,even
1,7.272727272727273,0.1264076157553143,0.1081955245449533,0.0236799038644523,0.0873215445495521,0.0397540251839921,0.1645244911300662,0.0554743410942971,0.0471947744959484,0.0392716474287736,0.075920910964594,10_sp_aij_43,36656,0.1,10,20799,2,5,even
2,14.84848484848485,0.0442339668741715,0.0513055335960836,0.0425739862182096,0.0693361973737927,0.0934005311297558,0.1843515589448554,0.1060600861858179,0.0587288156859356,0.0313030801970986,0.090239152648065,10_sp_aij_43,36656,0.1,10,20799,2,5,even
3,22.424242424242426,0.0682739887220762,0.0348109978382107,0.0367997323371643,0.0907926582904999,0.0818580389407278,0.1891768238548704,0.0877112719546498,0.0749279175142367,0.0396222121966812,0.063136058549624,10_sp_aij_43,36656,0.1,10,20799,2,5,even
4,30.0,0.0576861714615643,0.0345203203395377,0.0277491976766512,0.111069219906806,0.0856282083259351,0.2499681935194619,0.0648894859102131,0.0632565871599656,0.0219345983851037,0.1086284178167225,10_sp_aij_43,36656,0.1,10,20799,2,5,even
5,0.0,0.02,0.02,0.02,0.02,0.04,0.09,0.05,0.04,0.02,0.04,10_sp_aij_43,2369231,0.1,10,20799,2,5,even
6,7.272727272727273,0.0724309731085247,0.0701572718791067,0.0183127429178606,0.0574403876527313,0.1169758904798589,0.1836229761470399,0.0668370189542133,0.1175127582258986,0.0259106807048732,0.0828924426513194,10_sp_aij_43,2369231,0.1,10,20799,2,5,even
7,14.84848484848485,0.0873871714297871,0.037391953578567,0.0323219769360397,0.1212538118335472,0.0530861777741507,0.2349028160757188,0.0821088421638065,0.1044429032017336,0.0316537335534546,0.091390385561041,10_sp_aij_43,2369231,0.1,10,20799,2,5,even
8,22.424242424242426,0.0557815335226105,0.0347039950517901,0.021751206866958,0.1351913851647651,0.0926078968434816,0.174143550341855,0.0996124574387302,0.1119764721668053,0.014174905380417,0.0835791042940365,10_sp_aij_43,2369231,0.1,10,20799,2,5,even
9,30.0,0.1164210752576435,0.0223276633824878,0.0103988895102404,0.0966873780673501,0.094781984509482,0.1774574537195471,0.1007705149480993,0.0948719437260011,0.0213713890464018,0.1176630881214172,10_sp_aij_43,2369231,0.1,10,20799,2,5,even
