,time,species_0,species_1,species_2,species_3,species_4,species_5,species_6,species_7,species_8,species_9,ground_truth,timeseries_id,noise,n_species,did,n_timeseries,n_timepoints,sampling_scheme
0,0.0,0.04,0.05,0.01,0.02,0.02,0.07,0.01,0.09,0.07,0.03,10_sp_aij_44,36656,0.01,10,21060,1,5,even
1,7.272727272727273,0.2001354518935471,0.0261215473894778,0.0804502593004551,0.0548896733561524,0.3015768062380399,0.180052170317582,0.1162796878978953,0.1694502378281775,0.0333969246872324,0.2718667565825233,10_sp_aij_44,36656,0.01,10,21060,1,5,even
2,14.84848484848485,0.1625970563759659,0.0195185829874291,0.074130623315609,0.1125602599950841,0.2969635326377667,0.1502882175405334,0.1297150350804223,0.1961049494330849,0.0289715321210201,0.2791423016545835,10_sp_aij_44,36656,0.01,10,21060,1,5,even
3,22.424242424242426,0.163272669353808,0.0186083121180198,0.078328056422572,0.1217054684456099,0.3076445047801127,0.150269226568272,0.1211421894954177,0.1993160220500332,0.0309830029161041,0.2771516226919388,10_sp_aij_44,36656,0.01,10,21060,1,5,even
4,30.0,0.1612986608803477,0.0185094008931845,0.0728189327736743,0.1274288842705077,0.3052641377924837,0.149548994043694,0.116942569955088,0.2048740134112455,0.030823548138797,0.2780031229133605,10_sp_aij_44,36656,0.01,10,21060,1,5,even
