,time,species_0,species_1,species_2,species_3,species_4,species_5,species_6,species_7,species_8,species_9,ground_truth,timeseries_id,noise,n_species,did,n_timeseries,n_timepoints,sampling_scheme
0,6.0606060606060606,0.1262009136817316,0.1487598456268094,0.118851927835695,0.2368910287052129,0.015014682711606,0.3761019521544959,0.0910550106821958,0.2516666820226057,0.1490160198368644,0.1481051733798574,10_sp_aij_20,36656,0.1,10,7293,1,5,seq
1,7.272727272727273,0.1302854438073188,0.1010539004101865,0.1520103349863872,0.2295709545271994,0.0117283547278373,0.357103677368559,0.0997703714660846,0.1864066726178306,0.12024940064764,0.1418873794438425,10_sp_aij_20,36656,0.1,10,7293,1,5,seq
2,8.484848484848484,0.1022582599548318,0.0931718456340682,0.1565966401643392,0.1957238587144981,0.0148872231488906,0.3437042168687332,0.085366195733235,0.1909830097236509,0.1244487308111363,0.1628143593986838,10_sp_aij_20,36656,0.1,10,7293,1,5,seq
3,10.0,0.055492532851096,0.0899224922520561,0.1457587145209339,0.1975997181057958,0.0230898165649029,0.2821314622689817,0.0792129079225656,0.2000800822965282,0.1371139973916716,0.0869255047910611,10_sp_aij_20,36656,0.1,10,7293,1,5,seq
4,11.212121212121213,0.0437252682997556,0.0770251869688733,0.1737425140721125,0.130595836025529,0.0255388469741187,0.3180516803295858,0.0915765680109406,0.1790295597774535,0.1233124510741826,0.1048641770127191,10_sp_aij_20,36656,0.1,10,7293,1,5,seq
