,time,species_0,species_1,species_2,species_3,species_4,species_5,species_6,species_7,species_8,species_9,ground_truth,timeseries_id,noise,n_species,did,n_timeseries,n_timepoints,sampling_scheme
0,0.0,0.04,0.05,0.01,0.02,0.02,0.07,0.01,0.09,0.07,0.03,10_sp_aij_0,36656,0.1,10,270,1,5,even
1,7.272727272727273,0.2082821499429473,0.0629718773030052,0.1423011932735608,0.2083224138017739,0.0154241375854985,0.0916728492003036,0.1532426375217734,0.0397956023677922,0.1613003191837745,0.1622715151233849,10_sp_aij_0,36656,0.1,10,270,1,5,even
2,14.84848484848485,0.2229117585159004,0.0454839779482315,0.2682414474268154,0.1377508693942051,0.0599931207466807,0.1499622940295622,0.2109701749032048,0.0199532377801618,0.2251145577950799,0.229936567775842,10_sp_aij_0,36656,0.1,10,270,1,5,even
3,22.424242424242426,0.2264838363464184,0.0558049367345056,0.2379126491394691,0.1890663621667054,0.0539541713466799,0.1447589916961302,0.1874400201789017,0.030799841455464,0.1477311843070918,0.2081210468845519,10_sp_aij_0,36656,0.1,10,270,1,5,even
4,30.0,0.226980552525901,0.1026520293735304,0.1993794208455181,0.2365791380693469,0.0720455738065997,0.2073057084145486,0.1882990406797316,0.0377141007596396,0.1024411331518633,0.2382043498853728,10_sp_aij_0,36656,0.1,10,270,1,5,even
