,time,species_0,species_1,species_2,species_3,species_4,species_5,species_6,species_7,species_8,species_9,ground_truth,timeseries_id,noise,n_species,did,n_timeseries,n_timepoints,sampling_scheme
0,13.636363636363637,0.0474699192166129,0.254709626169859,0.0999241716260801,0.0842255343070603,0.1796270902434506,0.2558225310402313,0.1421887488663827,0.1976369032575926,0.1174620941063185,0.0298395872540842,10_sp_aij_24,36656,0.01,10,9186,1,5,random
1,18.484848484848484,0.0334296703524397,0.2692426437585371,0.0873131135728833,0.0858868774638156,0.1733360023033045,0.2514238943578671,0.1371100182815579,0.1949911061513546,0.1077149122384693,0.0216720023260101,10_sp_aij_24,36656,0.01,10,9186,1,5,random
2,22.424242424242426,0.0266232512780764,0.262383659589135,0.0878496805082964,0.0829292981026381,0.1664848632374989,0.2425337759011007,0.1334560650768387,0.1910331110217136,0.1007422226520207,0.0167350621096042,10_sp_aij_24,36656,0.01,10,9186,1,5,random
3,26.060606060606062,0.0231226494249375,0.2618952872303605,0.0847802761086212,0.0801361237775898,0.1701562326550449,0.2446462142392653,0.1318389012318939,0.1894322003154356,0.0972454268420056,0.0156534812655057,10_sp_aij_24,36656,0.01,10,9186,1,5,random
4,30.0,0.0196971364739233,0.2636977427103399,0.0827881211315354,0.0803985419398929,0.1598409405524364,0.2462105641465372,0.1269774599486092,0.1890266975275917,0.0915738844274211,0.0145062796675759,10_sp_aij_24,36656,0.01,10,9186,1,5,random
