,time,species_0,species_1,species_2,species_3,species_4,species_5,species_6,species_7,species_8,species_9,ground_truth,timeseries_id,noise,n_species,did,n_timeseries,n_timepoints,sampling_scheme
0,6.0606060606060606,0.1738615127168497,0.1795353914848989,0.0383249152563483,0.057942947571467,0.1679940068845478,0.0817308242842186,0.0123940100273653,0.1811006779599672,0.2477066220174529,0.0663439185664945,10_sp_aij_33,36656,0.01,10,14583,1,5,seq
1,7.272727272727273,0.1905865740978084,0.1905502001816012,0.0494512727468215,0.0746585157219239,0.1519011048584202,0.0787226408546266,0.0125907852222396,0.171546851684327,0.2534662370840144,0.0750939715534496,10_sp_aij_33,36656,0.01,10,14583,1,5,seq
2,8.484848484848484,0.1983354156874679,0.2048868798322808,0.0615830559453439,0.0916160996058612,0.1454649858186596,0.0756557012568062,0.0127671511668156,0.1661923220365256,0.2680401298649656,0.0869261435781632,10_sp_aij_33,36656,0.01,10,14583,1,5,seq
3,10.0,0.2056861036109723,0.2214358279585288,0.0750294034782635,0.1132271197687319,0.1433251759242604,0.0709208230624756,0.0134362296004638,0.1599835937012407,0.285772541268679,0.0947296138723704,10_sp_aij_33,36656,0.01,10,14583,1,5,seq
4,11.212121212121213,0.2127068464625361,0.2275893172346091,0.0863512520048728,0.1236923548682423,0.1357874669640141,0.0686265141610592,0.0141916301566726,0.1520010311782758,0.2942967534850033,0.1053751881542933,10_sp_aij_33,36656,0.01,10,14583,1,5,seq
