,time,species_0,species_1,species_2,species_3,species_4,species_5,species_6,species_7,species_8,species_9,ground_truth,timeseries_id,noise,n_species,did,n_timeseries,n_timepoints,sampling_scheme
0,13.636363636363637,0.0883449582390466,0.0432539618428006,0.3648662034787293,0.3134858512983318,0.0035819870493685,0.0865895153702944,0.1229192175530108,0.0191326816034475,0.131640280740427,0.0954558700395494,10_sp_aij_31,36656,0.1,10,13776,1,5,random
1,18.484848484848484,0.1324320090612063,0.0364796327547949,0.2943708085478024,0.3471672777689098,0.0028272594559027,0.1014473279313135,0.1093424332651492,0.0160557796912326,0.1502925859594918,0.0974599767479973,10_sp_aij_31,36656,0.1,10,13776,1,5,random
2,22.424242424242426,0.167726305236167,0.0321110198337881,0.3673604313327995,0.3361959303677474,0.0,0.0828248085364798,0.0907935594678397,0.0130166630718957,0.1425136521051236,0.0526135031315826,10_sp_aij_31,36656,0.1,10,13776,1,5,random
3,26.060606060606062,0.1909976860388264,0.0375145237770759,0.2659404342864262,0.3510968623891306,0.0,0.0851174535804557,0.0854001667022051,0.0087955575871039,0.1618944919564822,0.0951813177192549,10_sp_aij_31,36656,0.1,10,13776,1,5,random
4,30.0,0.1230088397873664,0.0405647934053102,0.3072574127141015,0.4199350758691008,0.0,0.0949332143881702,0.0897337415604523,0.0057511595203587,0.1127480900132891,0.0992812725612761,10_sp_aij_31,36656,0.1,10,13776,1,5,random
