,time,species_0,species_1,species_2,species_3,species_4,species_5,species_6,species_7,species_8,species_9,ground_truth,timeseries_id,noise,n_species,did,n_timeseries,n_timepoints,sampling_scheme
0,6.0606060606060606,0.2115313467231459,0.155644132314683,0.0774030656612211,0.2087985812601376,0.249390961222734,0.0648795358030394,0.2421133543565881,0.0371965382164708,0.1335977278862416,0.0869299214209035,10_sp_aij_30,36656,0.1,10,13233,1,5,seq
1,7.272727272727273,0.2154754001275422,0.1298653764190642,0.0957843907030058,0.2339947007052475,0.1890597815554167,0.0499452073570245,0.2746414546378082,0.0235180676748816,0.1144183365817098,0.0895414061741177,10_sp_aij_30,36656,0.1,10,13233,1,5,seq
2,8.484848484848484,0.1739029365488934,0.1484099204034555,0.1002051579267457,0.2020620019674783,0.2303277803137021,0.0399212898612151,0.2527888202045119,0.0204099550245618,0.1233944923704065,0.1107131108095856,10_sp_aij_30,36656,0.1,10,13233,1,5,seq
3,10.0,0.122805216317896,0.1955453989752209,0.0969777529953617,0.1906543299761392,0.3052276780298442,0.030943447639589,0.2773525686171653,0.0198512543695466,0.1370792133925541,0.0644974452032351,10_sp_aij_30,36656,0.1,10,13233,1,5,seq
4,11.212121212121213,0.11673909956493,0.1755505710806593,0.1140266556459595,0.109577793437407,0.2711691483118702,0.0362738509318326,0.3044738118024673,0.013483799093275,0.1257875956208034,0.0789580202551612,10_sp_aij_30,36656,0.1,10,13233,1,5,seq
