,time,species_0,species_1,species_2,species_3,species_4,species_5,species_6,species_7,species_8,species_9,ground_truth,timeseries_id,noise,n_species,did,n_timeseries,n_timepoints,sampling_scheme
0,13.636363636363637,0.0,0.0408495787956689,0.1811120560007114,0.0138041401086174,0.0179455257909944,0.0564218311472926,0.1051845140660199,0.1051430012121833,0.0240249530918723,0.0655497196351112,10_sp_aij_9,36656,0.1,10,26736,1,5,random
1,18.484848484848484,0.0,0.0306774936092131,0.077990555361865,0.0125857908186248,0.0139589268093364,0.0617135850111222,0.1105271444586944,0.1224364212351073,0.0420880732765711,0.1175323619597014,10_sp_aij_9,36656,0.1,10,26736,1,5,random
2,22.424242424242426,0.0,0.020145449845864,0.1005892193825806,0.0117051558827785,0.0098680092952942,0.0504675811367719,0.1062487902753957,0.0965881201301655,0.04829657920713,0.0908425789223844,10_sp_aij_9,36656,0.1,10,26736,1,5,random
3,26.060606060606062,0.0,0.0206030889742709,0.0756323378054071,0.0110552489241292,0.0161962372004527,0.0509344395114325,0.1052666386807815,0.0841037348441085,0.0474105655976628,0.1632188416568187,10_sp_aij_9,36656,0.1,10,26736,1,5,random
4,30.0,0.0,0.0172423615760744,0.0573513886953889,0.0147156645450804,0.0108021236511449,0.0987760378644533,0.0935850668911661,0.081772257897164,0.0280842922807577,0.144891213215927,10_sp_aij_9,36656,0.1,10,26736,1,5,random
