nan,nan,nan,nan,nan,nan,nan,nan,nan,nan
2.947143974543104950e-01,-3.048567036260284580e-01,-1.664863792227777362e+00,-6.930163392541645317e-02,4.366464971669047068e-02,2.513367306927721812e-01,-2.401417036240875436e-01,7.073307365439844840e-01,4.279605843244342900e-01,-2.411492336896290389e-01
3.249769353635918456e-01,8.253542935155521176e-01,-1.797069383333645742e+00,1.120340526569671147e-01,7.826720005776834077e-02,-1.512856056377809288e-01,-1.686068127544458228e+00,1.768092053118866414e+00,7.417862758760099817e-01,-2.487868735983527202e+00
-5.141728686792901293e-02,-4.320934069535535826e-01,-1.420335142308340348e+00,-1.037918748027912563e-01,1.196632167791516696e-02,3.903488654310522943e-01,2.613429091239305446e-02,1.065468936111086951e+00,3.593261564474167780e-01,1.026050020572519539e-01
-8.375592100419684272e-01,1.283516879918194631e+00,2.625380808593533288e+00,4.475066729950252231e-01,-3.408626124905418386e-01,1.021290674577778335e+00,-1.089066857439967118e+00,-3.768729702815305060e+00,-1.716880695128894185e+00,2.940665468856503484e+00
8.646227487696817038e-02,-7.531489236728228231e-01,-7.669160971255374326e-01,-1.477722115235889089e-01,1.697412828042344987e-02,2.603712615263502062e-01,6.802068708968995736e-01,1.389418535565599133e-01,1.330366117686300198e-01,8.125340552232556135e-01
-1.091143409143093823e-01,1.220073153652812881e+00,1.091617834256507491e-01,2.871351848216128211e-01,-8.662386532555303720e-02,2.224399734487671476e-01,-1.665465548098832294e+00,-4.888527096036419106e-01,-2.495570129787985647e-01,-6.153089342081454749e-01
-3.257916737123648376e-01,7.086868956546636955e-01,1.507121088543072140e+00,2.035171969942566328e-01,-1.186964458893728230e-01,1.449872265369776259e-01,-4.749412696158768488e-01,-1.470638378068827246e+00,-6.897000413107724492e-01,7.172329736018863144e-01
5.436953913263853355e-01,-4.997304165527294839e-01,8.971925707368628711e-01,-1.895076732189676094e-01,1.923011878811380360e-01,-1.243802664632214894e+00,1.252207189715325963e+00,4.594537391789213499e-01,4.115410130786906207e-01,-1.398910992628502381e+00
3.163017529037045472e-01,-4.032833033223360841e-01,-1.132035001849903466e+00,-1.085778548746299116e-01,7.475906466009707430e-02,-4.943603597822267270e-02,1.506502554916107073e-01,7.240901972998621261e-01,4.321784615804605267e-01,-4.310445497098777112e-01
