nan,nan,nan,nan,nan,nan,nan,nan,nan,nan
9.332468499441226584e-02,-1.563482788031083093e+00,-2.434413605568251926e-01,3.205027501947490531e-01,7.828931229170880135e-01,8.760336931840699837e-01,-2.092958562403647971e+00,-1.214806924560901003e+00,9.117942030999315328e-02,-5.043013661900987155e-02
-3.223943663443312735e-01,5.022181007077263004e+00,5.079516271401457450e-02,-6.967936417591682474e-01,-1.601034651222846605e+00,-1.334655073011794757e+00,4.306516889458094965e+00,3.065360757056665442e+00,-1.740179001150530036e+00,1.058382447483895872e+00
-5.832792812150808248e-03,1.274423139753940171e-01,4.072224222432879737e-02,-4.324088663008396338e-02,-1.162198154351482271e-01,-1.550577641034076304e-01,3.230393783430169918e-01,1.510419369020384595e-01,6.387690161353344609e-02,-4.577408341439869605e-02
3.478465531609875594e-01,-4.747980107536826644e+00,6.347633150262631530e-01,2.344222518663053034e-01,4.207934809936086928e-02,-3.568709540844196559e-01,-1.702427542972809071e+00,-1.881872893108759381e+00,3.006165955176970161e+00,-2.029440783017133931e+00
7.423554488191830281e-02,-1.132669701622913472e+00,-4.483528982833758642e-02,1.508587268183880781e-01,3.562773216314209512e-01,2.050242787299706715e-01,-7.072221489762139379e-01,-6.275061012607443534e-01,4.647095479370899063e-01,-2.872316511099323733e-01
1.315029652193979715e-01,-1.800260572091436639e+00,6.154607497253539172e-01,3.135779073776642778e-02,-2.729003183027652879e-01,7.683226988785143985e-02,-1.704050368283876349e+00,-8.749552521318919585e-01,1.027327155333097597e+00,-7.089682637343938110e-01
-8.378011493816378552e-02,7.506175990167326395e-01,-4.091622892360734509e-01,2.317731551908924770e-01,8.324897841104292873e-01,1.362229566034739436e+00,-2.107668392950916569e+00,-5.217038849934864109e-01,-1.572493770279499437e+00,1.101186269547748342e+00
1.230189029471777662e-01,-1.370440286380324002e+00,5.653317935038394415e-01,-1.555295435974049512e-01,-7.903317976491421870e-01,-8.835286075349885193e-01,5.360038895795824487e-01,-5.043015875580367929e-02,1.518267716975884474e+00,-1.094628400827745818e+00
4.072349890665248329e-01,-6.267603331433896585e+00,-2.187244589378993243e-01,8.665432312161081008e-01,1.991792351522980065e+00,1.487329245647402320e+00,-4.807254694002759621e+00,-3.686449352665866375e+00,2.259976470195799170e+00,-1.406655042486501417e+00
