nan,nan,nan,nan,nan,nan,nan,nan,nan,nan
-1.145363678814681485e-03,-2.948703133035983272e-03,-1.883234742256194305e-02,4.530240669498606931e-01,-2.013806504275020282e-01,9.292309773502380188e-02,-3.042898542580831089e-02,7.960827709713597100e-02,-3.878012575647394877e-01,5.251873966523515902e-01
7.574302039774538642e-02,-9.219785853477428794e-04,-3.968652197635063050e-01,-9.833271610826129772e-01,-9.178785987858772977e-02,-2.417420032603678770e-01,2.325564341579644534e-02,7.214888380976841598e-02,2.112532516389408199e-01,-7.913470784082650145e-01
9.005735401987269295e-02,7.472695923290249495e-03,-5.005227380977905760e-01,-4.382373154146416150e-01,-5.186397440775857293e-01,-1.609143210607829610e-01,-2.762229827299007567e-01,1.681499903492810477e-01,-3.522318333923157851e-01,-3.959277205020095280e-02
8.883313846021911875e-02,-1.557375912887214858e-02,-5.062674028440341534e-01,-6.140395209412243815e-01,-2.999981266029359550e-01,-1.556771043949269351e-01,1.939211777853946939e-01,2.258823369201154452e-01,-2.562221362600960450e-01,-3.327496037905244286e-01
4.547206904718248399e-02,-6.107747633645778385e-04,-2.643999029642192244e-01,-7.152702444287589723e-02,-3.133958343894733822e-01,-4.515042865666893390e-02,-8.644704490602087010e-02,1.255227389375720148e-01,-3.188270023167143474e-01,1.441455670890381402e-01
1.302198662349924874e-01,-2.388530772964535601e-02,-7.557330946829845519e-01,-6.495258530959824306e-01,-5.591003561745617745e-01,-1.782105991660576372e-01,2.550755965126082492e-01,3.748033561881771170e-01,-5.937545684710158200e-01,-1.921185797794326966e-01
-8.033028576920323016e-02,1.338293245313497588e-02,5.233207584064821782e-01,-7.606712122156860101e-01,9.308845741795414019e-01,-1.114129385992871646e-01,9.519586923001138734e-02,-4.095094257298433904e-01,1.359682865882654745e+00,-1.272567793396201852e+00
3.830527829256291650e-02,-2.906794024762009501e-02,-2.411731912642785525e-01,-2.301836066411452331e-01,-2.873108310037014723e-02,-2.340798254508268811e-02,4.965647940630817936e-01,1.893184163185574753e-01,-2.033653488269613341e-01,-1.768897501191966370e-01
7.161687804481497999e-02,2.276850133619150521e-02,-4.118883909575895563e-01,2.432940417992056625e-01,-7.961421532103736265e-01,-4.192733180243353452e-02,-6.513635259018633050e-01,1.621639513128425858e-01,-7.407127131694124511e-01,7.313107483963106059e-01
