nan,nan,nan,nan,nan,nan,nan,nan,nan,nan
-1.350277103705877224e-01,-3.971172655798622664e-01,5.836999997362929404e-01,6.095800621739458358e-02,-4.393570418251663279e-01,4.887449541550290544e-01,-1.314017177946555259e+00,-3.675119818651809145e-01,4.212340126458137546e-02,5.795013155629958890e-01
1.640868275211366800e-01,4.646171797750014432e-01,1.311693957132584187e-01,-1.534779219638603642e+00,1.057950234385550137e-01,-4.710234579541261457e-01,1.591932975376726844e+00,1.498449531423734493e-01,7.862414494320836278e-01,-7.362669878244324506e-01
7.616760820787726871e-02,1.323359667932318684e-01,-4.838616179333885547e-01,-1.592335079605301518e-01,-1.327872932306404796e-01,-1.847482087742068346e-01,3.934517428422334984e-01,1.862210881720507416e-01,-2.571236867056279074e-01,-5.979715245015246872e-01
5.567455578975777364e-02,9.171719798900124232e-02,-1.206339836846990199e-01,-5.215397911810071285e-01,-2.159239275271170322e-01,-1.009243098699106334e-01,2.861213705456191470e-01,5.380877932339424297e-02,4.422475013165300117e-02,-4.460689295327252002e-01
-9.906353950448129608e-04,-6.682590448928707461e-02,-7.111155235233671545e-01,9.155838507486889766e-01,-2.189660519999006572e-02,-6.332618948686632651e-03,-2.962476822454540581e-01,1.867901867009184869e-01,-7.786337184923312060e-01,-1.994387945550875618e-01
-1.363933326110448874e-01,-4.184338299380093162e-01,1.058409852334688095e+00,-7.833436641996105454e-01,-7.178093440854218521e-01,5.709459783433974422e-01,-1.356752246380024785e+00,-5.425560549361287954e-01,5.035704776575408159e-01,5.462516796815061193e-01
-9.323017165528446615e-02,-2.628863135259707495e-01,1.729019662119147260e-01,4.684715049363856743e-01,-1.552550810790767621e-01,2.961703473293529343e-01,-8.824885720577659853e-01,-1.674122824514282515e-01,-1.948605416845040073e-01,4.275166716141357570e-01
-9.362549776666145851e-03,-4.229732516486558319e-02,3.123170327397160606e-01,-5.053110967198419790e-01,-2.122305195394175725e-01,8.434321450311271784e-02,-1.255505071474865841e-01,-1.285980527646616023e-01,2.663002103829895661e-01,3.708270135997171479e-03
4.309097323724331297e-02,4.299953645669127994e-02,-2.640629422747007293e-01,-2.380885801786186140e-01,-2.331860245663006093e-01,-6.525023596908260948e-02,1.063051013584935811e-01,7.670918927717773617e-02,-1.622658998691902110e-01,-4.309964037017850469e-01
