nan,nan,nan,nan,nan,nan,nan,nan,nan,nan
7.125124621783822387e-03,5.346496723786682559e-03,-7.833877287827217817e-02,2.281225761882020586e-03,2.788586696318996055e-02,5.369895676258172601e-02,-2.420049599866402196e-02,-1.714945993039857647e-02,3.671909952783097841e-02,-3.126219901250926192e-02
1.820598103275967716e-01,-2.148228492374432697e-01,-1.594863681691419011e+00,5.053485249476260543e-01,-1.080565286259890373e-01,1.740502745182133937e-01,2.412348887262001917e-01,-6.383227438087671901e-01,-6.886344891991627026e-01,-3.979664957854651131e-01
-5.376143283474421608e-02,2.508650769027217370e-02,3.919309072641140590e-01,-8.300387319756664661e-01,-3.017916364181938982e-01,-6.308664422535469329e-01,-2.939267771859851996e-01,-1.985283724441940234e-01,8.710853071796503810e-02,4.314178583485673291e-01
-1.446140247635085280e-02,-9.172556336087366036e-02,2.238392382449305718e-01,-7.189792419776136478e-02,-3.023754576430967012e-01,-4.893402122997218551e-01,1.731252942287710983e-01,-9.640992582083117435e-02,-4.346181954192864794e-01,2.186972424069715815e-01
-1.595010561053685216e-01,6.355678678065994347e-02,1.449959847594489926e+00,-8.255603086980261018e-01,-3.775546899324925265e-01,-9.103929813261746329e-01,-1.413112147300888133e-01,2.172664926805910612e-01,7.176255369208153767e-02,6.912954841681684393e-01
-5.290807685385257031e-03,-2.191715765420839193e-02,-2.834281474121080890e-02,-6.131069596218787776e-01,-2.748584097819690153e-01,-4.911452794424979729e-01,-2.132619171665364188e-01,-3.149427798966732972e-01,-5.706957825552108621e-02,2.785355845454434154e-01
3.507631812096700941e-02,-6.347151710580430095e-02,-3.032975100167105698e-01,-2.169993554002908054e-03,-1.150901318501098280e-01,-1.202428455848888189e-01,4.512915011052012759e-02,-1.994361390205058315e-01,-2.241811891055036365e-01,-4.229021083991965635e-03
1.480023122718798767e-01,-2.600176239072543027e-01,-1.044754826621229427e+00,1.423420295018582804e+00,1.531084134372951398e-02,4.064208859281838726e-01,7.970933221391625079e-01,-1.150580482853955089e-01,-1.030998831656197101e+00,-5.608723127313590684e-01
-1.813730876104435730e-02,3.763555869971728085e-01,-3.392942525076516058e-01,-1.017787181292344911e+00,6.669267332653484592e-01,8.754048835204829571e-01,-1.116037731553669810e+00,7.491514053725695232e-03,1.755104084713771107e+00,-1.741726607943283878e-01
