nan,nan,nan,nan,nan,nan,nan,nan,nan,nan
-3.802513859341161151e-15,-2.573523546819530550e-01,3.429834156693735814e+00,-2.126263089645408222e-01,5.111458073543693192e-01,-2.464852925578198573e+00,-2.806875294188948544e-01,-4.008363980448352848e+00,4.742217525966402336e-01,1.438552213958241177e+00
6.661338147750939243e-15,-1.446481043156074620e+00,-8.201084662560782945e+00,-5.253933255661013407e-02,-1.588627478824385042e+00,5.773107946548813318e-01,1.281498067733996216e+00,5.782430496294358235e+00,3.179526145396924797e+00,-2.929829670593582236e+00
2.220446049250313081e-16,3.712772820744294489e-01,-4.031560650334098383e-01,1.468518710155402585e-01,1.393219518101664056e-01,1.584496609032546077e+00,-3.624990479490778350e-01,2.527099473626378545e-01,-1.249098245387584738e+00,1.036919824755123676e+00
-7.882583474838611437e-15,-1.612686943257381156e+00,6.130479608090897869e+00,-7.318380868095986092e-01,5.265043556491669774e-01,-7.923408140051424908e+00,2.262981679741199181e-01,-8.177460215508212116e+00,3.889306607452104547e+00,1.161905035115555762e+00
-1.221245327087672194e-15,1.112608009635597028e+00,1.777733344656121872e+00,2.852475418691734488e-01,7.558915986339913573e-01,2.741918043182933751e+00,-1.086274271222110066e+00,-1.425307046275587242e+00,-3.292790825466795468e+00,2.943125999852979291e+00
-4.996003610813204432e-16,2.433602581122001896e-02,7.427052703399017464e-01,-3.373706022056075643e-02,7.967792270238763241e-02,-4.626985975882602076e-01,1.151315687668454796e-02,-4.442026040250525720e-01,9.160284384302040672e-02,-1.288321901779665990e-01
-1.332267629550187849e-15,8.332185103712593799e-01,2.382327821902126885e+00,1.323781462140023457e-01,5.575332220803688177e-01,9.650863135550756811e-01,-5.425942357802429061e-01,-1.056387524375044240e+00,-1.866013798611379837e+00,9.595171405263788200e-01
-4.440892098500626162e-16,2.859470506844552506e-01,1.778756609596708005e+00,-5.335532210331347253e-02,6.663187475611062616e-02,-1.013953692581471389e+00,3.095925803807497712e-01,3.610918325831621867e-01,3.124258575629124679e-01,-1.895581324813193858e+00
-9.547918011776346248e-15,-1.320995967487957889e-01,9.414449630739820662e+00,-4.651814050548739310e-01,1.324682542947528185e+00,-5.824869566600375137e+00,-5.576085456768825610e-01,-8.842126123426286455e+00,7.240185687081899246e-01,2.129409822974519528e+00
