nan,nan,nan,nan,nan,nan,nan,nan,nan,nan
2.250604344184476968e-01,-3.499004479914562260e-02,8.457635115767084266e-02,8.315317456758428705e-01,2.625390191167528364e+00,-3.446079095673769688e-01,1.607695409549496857e+00,8.163907580307065703e-02,2.166687902419065781e-01,-3.629967369199880722e-01
-3.938557602322809714e-01,6.224470461490037160e-02,-2.281536509599192686e-01,-1.396370997538121550e+00,-3.235021019183968782e+00,7.258695208266363608e-02,-2.514532805246792790e+00,-1.899083020136403954e-01,1.810585519379565023e-02,2.484439368996015640e-01
9.846394005807024286e-02,-1.643137261318977638e-02,6.781421805412528314e-02,3.244971390676759659e-01,7.787279592931140026e-01,3.453766728388640850e-02,6.520295178899702115e-01,5.337840411851534073e-02,-2.532572338117713290e-02,-3.965103110428265520e-02
1.687953258138406576e-01,-7.324599038755112701e-02,1.867500885973503166e-01,3.227643056787457554e-01,4.458335108750898890e+00,-9.435861304823276452e-01,2.247587329844368043e+00,6.459827361639505772e-02,9.024623335685739711e-01,-1.514315139544484046e+00
1.125302172092234321e-01,9.100101245375243758e-03,-7.884630952176098495e-02,5.750658106625330390e-01,1.111144938500685964e+00,-1.267567407819357728e-01,5.624110128857463531e-01,1.015736752914172397e-02,5.709089863780974355e-04,2.476313599625864781e-01
1.125302172092256803e-01,-3.787031256675998936e-02,1.159461591886014470e-01,2.358810686018267544e-01,2.235612520344965937e+00,-3.120327822645958538e-01,1.277665153505590734e+00,5.638749676904117325e-02,3.504458459009641702e-01,-6.117519365121247832e-01
5.626510860460665064e-02,-1.196914857857099904e-02,1.875219823964429378e-01,9.028855486091513782e-02,-2.110146699227507749e+00,9.739922965547649358e-01,-2.102693803754310808e-01,1.158577022389670058e-01,-7.451043872702113324e-01,6.668394908889507811e-01
6.106226635438360972e-16,-2.752873254687274868e-02,1.323264546366725025e-01,-1.955889610839740278e-01,2.362130616176467690e-01,1.266573435740572795e-02,2.981077510085176074e-01,3.729789429658662836e-02,9.565680803771524354e-02,-4.069028961206079265e-01
3.938557602322855233e-01,-4.349998480956688424e-02,1.000998961517679531e-02,1.562902672785933200e+00,5.723739384581989498e+00,-9.596960726202999892e-01,2.999755676107344282e+00,8.966803681072128829e-02,6.426511499570604080e-01,-6.541807246939086440e-01
