nan,nan,nan,nan,nan,nan,nan,nan,nan,nan
-4.302114220422481594e-16,1.837548972191659774e-02,3.608851151914411193e-01,-2.017722090406702806e-01,1.480171702541053791e-01,-1.381067533890803778e-01,1.769922939322138289e-01,-5.571864815200245485e-02,3.123119319196247523e-01,-2.163145675503559684e-02
3.212534339025490127e-01,6.997325781538529799e-02,-1.255453891051894422e+00,1.972311436126007012e+00,-2.331922840177538703e+00,4.530939892694532678e-01,5.707972742212203965e-01,8.923706361663866216e-02,1.307507641266952625e+00,-1.071903980325495720e+00
4.440892098500626162e-16,-2.131886168802228643e-02,-3.309904089558229900e-01,-3.253979816032253614e-01,7.090944170821519843e-02,4.951302985907192200e-01,-2.943958831819882271e-01,5.887226625214058567e-02,-4.694053822291751055e-01,2.031763823882600795e-01
-1.676104872535058299e-01,5.874802335802629949e-02,2.408934623577859035e+00,-1.210919344384111085e+00,1.568033403939385284e+00,-1.472468949140207650e+00,7.742629626017232258e-01,-3.244324907042461237e-01,1.110522037890134150e+00,1.149359288420164910e-01
-2.374481902757948903e-01,-1.510422135558605605e-01,-1.078626842095205207e+00,-2.373308303079507131e-01,9.460658800613643837e-01,3.394758461166303976e-01,-1.390504338035430276e+00,2.326277823366418585e-01,-2.645685817886870961e+00,9.772603906336383428e-01
1.815780278579628426e-01,1.783405444473416465e-02,-8.898195755143725183e-01,5.089139771240613896e-02,-1.021569350693825706e+00,1.192234662719056981e+00,-5.521605232760837950e-02,1.074993744606419221e-01,1.396809647683887046e-01,-2.953509491757627670e-01
-5.587016241783293591e-02,-8.466361886554242544e-02,-1.042427886261710901e+00,-6.262007151447843700e-01,3.033361539410504015e-01,1.113030538379358170e+00,-9.749792909456919121e-01,1.924851050613556880e-01,-1.668825044889856724e+00,6.342830060410373783e-01
5.587016241783354653e-02,5.942337621125116931e-02,7.695372454291449227e-01,-4.292283196032468662e-01,4.037477141424254679e-02,-1.278639843932821984e-01,5.325307881578964508e-01,-1.281604611870917620e-01,9.910998679027167579e-01,-2.232682586675916736e-01
-1.396754060445887236e-01,6.067569996969703755e-02,2.149468296432184733e+00,-7.983548731173224500e-01,1.331315931779417872e+00,-1.512805782473090055e+00,7.801060479845104423e-01,-3.062463836894950275e-01,1.173842304372806788e+00,8.137032335471584832e-02
