nan,nan,nan,nan,nan,nan,nan,nan,nan,nan
4.615125785171203532e-03,-1.107060430966621684e-01,-4.200915714058923722e-01,4.340610966625653155e-01,8.998001470816928693e-01,-8.922967086218256405e-01,4.023229733849877920e-01,-3.055821158024717432e-01,-1.001138965561933158e+00,9.455961140833052392e-01
1.951380512168787718e-02,1.090864175284782078e+00,-1.367067453701727331e+00,-1.184373900370100596e+00,-3.390023294747261051e+00,2.378203177750306541e+00,-8.503714613413578816e-01,-1.724194721397684482e+00,3.443919246641335974e-01,6.803568794159355893e-01
-9.493577065592950781e-04,5.111557819134269348e-02,9.804727360112326651e-02,-1.659374057883257758e-01,-2.069841726424716533e-01,2.637866804602528314e-01,-1.781649210841830533e-01,1.991009028300103068e-02,3.678121634609954893e-01,-2.874219439359619876e-01
-6.031539764885038291e-02,-1.770282696605210315e+00,4.331115761090883254e+00,8.196140890691465675e-01,2.398920669758807911e+00,-9.288107842947443960e-01,4.202035481671556605e-01,5.089015402512236719e+00,2.802137909660667781e+00,-4.983475972501437035e+00
1.241787598652788205e-02,1.899578782392084830e-02,-9.686264042773992111e-01,5.138843017092246113e-01,9.949394680330603258e-01,-1.135303286251039490e+00,5.200421123025898984e-01,-9.168449698647459511e-01,-1.646589347964511951e+00,1.772950727604462484e+00
-7.982920277053884295e-03,-2.590200446695830050e-01,5.156882080515415856e-01,1.296170564754319798e-01,6.968476318640048905e-01,-3.179347277569348762e-01,-1.420561290929323039e-03,5.910417115433308499e-01,4.179001851710010262e-01,-6.179288557815804106e-01
-9.701465614471438403e-05,1.542078807151114547e-02,-1.877808329571138690e-02,-2.851037096231221618e-02,-3.941320183160830493e-02,4.792165656207639929e-02,-3.621298350565632651e-02,-1.213505292995224749e-02,5.005914646079664965e-02,-2.331073243787773822e-02
1.108738927368291272e-03,-3.468517999334362889e-01,4.044642188882719980e-01,7.239164936178024146e-01,3.205057529843405861e-01,-8.643228000856467697e-01,1.009474550359401590e+00,4.986531955944411010e-01,-1.418469514997608094e+00,6.025690305549494807e-01
-3.370566339200586903e-02,-1.618149221136333304e+00,1.175895273639234961e+00,1.638085035051522809e+00,6.972890243817869482e+00,-4.189077779903370491e+00,4.586872751806487791e-01,2.063482397562619752e+00,2.998268173325286945e-01,-9.408140498240855631e-01
