species,growth_rate
species_0,0.7853124710525992
species_1,0.4889422188988664
species_2,0.4075221580907263
species_3,0.4503422422208685
species_4,0.2170665251612195
species_5,0.142255243399617
species_6,0.3401177044300582
species_7,1.2665285960859152
species_8,0.526971112546345
species_9,-0.0321497126638712
