species,growth_rate
species_0,1.6799519115668655
species_1,-1.8040312986067775
species_2,-0.5318412037399729
