species,growth_rate
species_0,0.1908972615520512
species_1,0.7723532030116983
species_2,1.340222218459651
species_3,0.9249908809688724
species_4,0.6687780265083195
species_5,1.1044046815576385
species_6,1.347155906350386
species_7,0.5780468975141159
species_8,1.1304760560078468
species_9,1.1062985245303971
