species,growth_rate
species_0,2.1799519115668655
species_1,-1.3040312986067775
species_2,-0.0318412037399729
