species,growth_rate
species_0,0.9150799054807348
species_1,2.2441548820418458
species_2,-0.21887920458489857
