species,growth_rate
species_0,1.4226422180900369
species_1,1.3256587436158882
species_2,0.5709700155939903
species_3,0.6682492033245395
species_4,1.145381016005768
species_5,0.5873440606432258
species_6,0.0514432856840445
species_7,1.845047935220497
species_8,0.3072203587387405
species_9,1.211760558563476
