nan,nan,nan,nan,nan,nan,nan,nan,nan,nan
1.008156588119800239e-02,-1.212072154636556903e-01,-1.968808679527169203e-01,-4.237099946029064257e-01,-9.715289257917833488e-02,-1.718889765024737004e-01,-5.544626448083936343e-02,-1.495387913583013928e-01,-8.576317735193794700e-02,7.840850238411693762e-02
4.107728229410775173e-02,-7.797405738656011664e-02,-2.052545438050029092e-01,-4.090198916447784216e-01,-8.768978787507836214e-02,-2.164607207631474572e-01,-1.614433968789635854e-01,-2.262538588543149265e-01,-4.998375700186526160e-03,7.791641050671650748e-02
8.167877779298308993e-02,-1.499568450759664329e-01,-2.984536088594638703e-01,-7.705568130589470766e-01,-1.703929504206388168e-01,-3.473373715050138144e-01,-1.507895744154327533e-01,-2.567069417782156249e-01,-1.170694807745347454e-01,1.018078009775399140e-01
-6.954658822049236688e-03,-4.854952964028516615e-02,6.388345073393013329e-02,-1.664905746964511213e-01,4.359197466802803428e-02,-1.212699974355597732e-01,-4.248559326631670685e-02,2.943386982404365762e-02,1.407337834392404299e-02,3.932501768401017866e-03
1.632266388481841413e-02,2.291957417019569246e-02,1.139727131811671124e-01,-2.792562550701410337e-02,2.975086179572890288e-02,-6.220758874089631074e-02,2.886575717158154294e-02,1.225567603163557340e-01,-6.889030125165730711e-02,1.388415076918898382e-03
3.119881119509387499e-02,-6.278854936124558805e-02,-9.944495012641207943e-02,-3.028936588813700981e-01,-3.590702035478728071e-02,-1.562037279506033050e-01,-7.220824972876110914e-02,-9.255286047386190873e-02,-2.260949069538577966e-02,4.109926579491780113e-02
2.796855974168274001e-02,-1.185307455847961627e-01,-2.002552884108317888e-01,-3.631548809256854304e-01,-8.379066627288130065e-02,-1.612434893691674365e-01,-6.886534485314822762e-02,-1.642618276403864097e-01,-1.390926476027548077e-02,7.381358935435697322e-02
-4.238636911635730586e-02,7.907835886112184187e-02,9.113410452577952459e-02,3.600276733771097804e-01,-5.829832304143781063e-02,1.560783834386701152e-01,1.049370106529406849e-01,4.810546025101550272e-02,-1.140591402636040169e-01,-2.387196512088720496e-02
-6.936953339896568399e-03,3.139905711600678162e-02,-3.660636639020612565e-02,1.585447994905424818e-01,1.282318274975808858e-01,5.758196983102454453e-02,-3.001275757562680765e-02,-6.203885514223048819e-02,1.102106998510334335e-01,-2.801285693786309192e-02
