nan,nan,nan,nan,nan,nan,nan,nan,nan,nan
4.977510525008607689e-02,-2.119509585099176030e-02,-7.733997081212813651e-02,-1.496640315323068682e-01,8.758985985323804180e-02,5.856771812706686869e-02,3.515092371512951175e-02,9.340265309101770941e-02,-5.734355239603189380e-02,-1.427863396273001961e-01
9.822395379660728287e-02,-2.589617664239978259e-02,-6.735902258290833722e-02,-8.857272956162989819e-02,2.879908289958702308e-02,-4.541248926466255609e-02,5.329531966130219428e-03,8.123526402855504869e-02,-5.486632683769099295e-02,-1.781047106202054142e-01
1.378598669107067021e-01,-4.500334319720138143e-02,-2.998272359528968492e-02,-2.544852479279251511e-01,1.049950623012463474e-01,-3.039926469482556390e-02,1.730548346299293494e-01,1.401241050838743507e-01,-1.020234501545659866e-01,-1.992163813482942247e-01
1.765500856550768910e-02,4.813452559517449048e-03,8.039158265524920521e-02,2.339653919111304298e-02,1.088768113695173650e-01,-5.893930610831236983e-02,4.054197424401303346e-02,-7.011280534154293656e-03,-1.580605836531469646e-02,-2.663971103570296484e-02
4.384162974642448474e-02,-1.174742113568411940e-03,2.623002047765341654e-02,3.817210210823035466e-02,1.248485962321828208e-01,-4.640395307151974624e-02,2.137526932914397479e-02,2.311015444199189528e-02,-4.941371934608852767e-02,-2.755112900690509514e-02
5.705969034335870577e-02,-1.511108794898868672e-02,-1.242502198331600291e-02,-8.868860989211402313e-02,7.373741104814837688e-02,-1.729224264213697140e-02,4.267205221823833217e-02,5.518611118716271885e-02,-3.997629952228375083e-02,-1.180287639988484155e-01
6.250457221941460584e-02,-1.413248082542512517e-02,4.242806082689248859e-02,-9.967831565387107184e-02,5.120534942796946959e-02,-2.475678226485511849e-02,9.543263639126615960e-02,4.938952669070895835e-02,-6.651361710740073818e-02,-3.767481402885757696e-02
-1.076924119980181976e-02,-3.223279407487466414e-03,-5.139927961254797673e-02,-2.083912354978429554e-02,-9.828723513344253537e-03,6.794494272167171667e-02,-3.537735038967040196e-02,2.066260118199509527e-02,2.468277355007567238e-03,-7.507637460342024560e-02
-7.337289746757334231e-03,-9.402216633101151064e-03,-4.241469461801999907e-02,-4.469851280234138358e-03,-9.130214376075040245e-03,1.243918770908584298e-02,4.065553461832854820e-02,2.090967797383447464e-03,4.587607352732400029e-02,-3.416305546730830089e-02
