nan,nan,nan,nan,nan,nan,nan,nan,nan,nan
-4.990260461377092832e-04,1.279569419189006030e-04,1.986396356690098113e-03,5.162035477332286258e-03,2.246847227777640666e-03,2.062914552827970361e-03,2.819910125556185365e-03,-9.622110920799323633e-04,3.223643715101298483e-04,1.920201322939301672e-03
1.198897465446422950e-01,2.012144687030312587e-02,-4.408689047218281032e-01,-6.057139009148845288e-01,-5.126643380135226247e-01,-3.441083409173373853e-01,-4.053871204861537736e-01,1.940385451456097254e-01,-7.825823994784401882e-02,-3.700928339323144578e-01
1.607447392690366517e-01,5.003617988977668123e-03,-4.694548598854212940e-01,-6.121594836707032750e-01,-2.062894991068308648e-01,-2.970215482452598921e-01,-3.139000660856865466e-01,2.191982240303027019e-01,-7.118909372622039822e-02,-3.857540509847712795e-01
4.555342272858199648e-02,4.865255317731938256e-02,-4.380062712590613305e-01,-8.017052760225403807e-01,-7.390433531240961917e-01,-3.649681088864411005e-01,-5.339370014089288574e-01,1.299581629378108172e-01,-1.027223801105812268e-01,-3.774590555098612521e-01
1.949189211487525452e-03,-1.617645997386480582e-05,-3.591349283165741046e-03,-5.089658671952644077e-03,1.141436141716882600e-03,-3.204764766673196420e-03,-1.162622319227485032e-03,2.455707868744140977e-03,-6.562252909896920585e-04,-2.937251204585080745e-03
1.755469746267383779e-01,2.918838276064716561e-02,-5.399576491914495069e-01,-9.564188181387639487e-01,-3.861393332528811340e-01,-4.497505928012511256e-01,-5.303163769733946209e-01,2.466951674613585554e-01,-3.265016220350968473e-02,-4.061474358274324015e-01
-5.469097992746230208e-02,-6.773666005829129949e-03,-6.276754843922303928e-02,-6.771376428844040618e-02,-3.447319877107341002e-01,6.678224918591221804e-02,-1.546244131070842742e-01,-4.516704939000543845e-02,2.465540504485333115e-02,-5.902036520356659238e-02
7.954996844381142249e-04,4.164627504007711823e-04,-6.039930415959701357e-03,-7.882291792673429970e-03,-8.989853593347816099e-03,-3.438553288979475774e-03,-5.609884611879683083e-03,1.760226675124825771e-03,-1.232849673749076549e-03,-4.706020792976242824e-03
2.477774423728329629e-03,2.874564954088156487e-04,-8.355559555009028569e-03,-1.153943383459498165e-02,-8.346322006748728081e-03,-6.991471332597313376e-03,-6.964427036623112993e-03,3.921074373276167008e-03,-1.213798392642755205e-03,-7.363156159546801159e-03
