nan,nan,nan,nan,nan,nan,nan,nan,nan,nan
3.620396009221397704e-01,-5.139203293958813923e-01,-2.744785272796421705e-01,-1.111935980476262686e-01,-2.441755109514815170e-01,-2.546133273742858250e-01,-3.362574158969369176e-01,2.852958730906531848e-01,-2.237337215156706138e-01,-2.479058457230887483e-02
3.280666028531507572e-01,-3.309596272542568718e-01,-2.068184779476607282e-01,-1.074835517503256732e-01,-1.585351056453140617e-01,-3.537768401887770309e-01,-2.525631793043960349e-01,2.258216005560701178e-01,-2.251671756902788590e-01,-3.091653665803055506e-02
3.385235695010235246e-01,-3.336728399738022044e-01,-2.571474816555413545e-01,-1.518095521011126880e-01,-1.399682191068165882e-01,-2.651723959904184191e-01,-9.713281008728676114e-02,1.546222880998880111e-01,-2.079420365757134459e-01,-2.250501297862875574e-02
-3.570994134926566699e-02,-4.554766958476171024e-02,9.577125666516062008e-02,2.509672817959589589e-02,6.954632315511041774e-02,-2.582182674843626347e-02,7.676985744753010710e-02,-1.347655689900881769e-02,9.340753060988054050e-04,-2.795053117397262171e-02
7.253699095578461375e-02,-1.464788159514089638e-01,-4.051004915832772529e-02,1.230733730641896465e-02,4.175278761990763865e-02,-9.768816539856199632e-02,-8.714236414754522597e-03,5.951264189516123487e-02,-9.784149626379951004e-02,-1.518962535517233425e-02
-1.908963462048719473e-01,3.969839590562914133e-01,3.132533433339421136e-01,3.819583545124913965e-02,-1.140209675764895653e-01,7.330676885614029192e-02,-1.957737798547238561e-01,-8.710018845600182857e-02,2.593996507112698024e-01,-8.663553349964443762e-03
1.266466649116850807e-01,-2.026907392945431485e-01,-2.270871074751803498e-01,-9.417351697103266972e-02,1.959740186843678816e-02,-6.362665913718386357e-02,4.127382321274729315e-02,2.927321000155363659e-02,-2.280168451220343784e-01,2.967023660759980988e-02
1.321234540455014650e-01,-1.744689151783750392e-01,-2.927397151219357507e-02,-7.232095508497994596e-02,-1.345260879353892269e-01,-2.084428621628590383e-01,-2.631213362572238368e-01,1.339943641149580755e-01,-6.390737030229629023e-02,-2.371886372004445090e-02
-6.826430589937948490e-02,1.493393543906312293e-01,9.555942142559445407e-02,3.636862916227988352e-02,-1.308502736629829633e-04,1.203923765587827793e-01,4.300046146455249046e-02,-7.743231243989506796e-02,1.606414213535424795e-01,-2.575333844164553326e-03
