nan,nan,nan,nan,nan,nan,nan,nan,nan,nan
-8.965568467012937151e-03,1.324631441053826433e-03,7.360717367247146536e-02,8.943272838925801771e-02,8.492727284135961896e-02,4.538711529574231650e-03,6.181095368795689465e-02,-1.500433030616039713e-02,-1.765387058356493108e-02,5.747506832092939832e-02
5.238146338732456442e-02,4.590538542715792356e-03,-2.808441216612935221e-01,-3.985059764279941796e-01,-2.383876702540213000e-01,-1.170012854135297625e-01,-2.103368193919767648e-01,6.502591190188060366e-02,-7.529782959962215416e-02,-1.669166580252617882e-01
4.194844834771108144e-02,-1.289190072216978445e-03,-2.891484553388200540e-01,-3.918677332890602161e-01,-2.618001237679226101e-01,-1.232838844274023599e-01,-2.071790343551919156e-01,5.702542488443163721e-02,-1.373372867314469059e-01,-1.592338049234849062e-01
3.664436330004565423e-02,4.972466454752385093e-03,-2.502280092185403260e-01,-3.343077629752185809e-01,-2.428659816660801718e-01,-1.210424399404690515e-01,-1.721770730879015610e-01,4.153396844374016711e-02,-1.258006369001474778e-01,-1.380733292227973863e-01
7.272967305303435284e-03,-2.603589615301670629e-03,-1.188430546964559797e-01,-1.439396902116095445e-01,-1.461686739163025606e-01,-4.260388286306016070e-02,-9.539170690168000122e-02,2.320961663324500046e-02,-5.271635286937191578e-02,-6.424835310723239767e-02
5.843278042022678059e-02,4.804382557223455148e-03,-2.764686237849552364e-01,-3.011068123699544019e-01,-2.698027691645641379e-01,-1.024834114145656006e-01,-2.001154953249366653e-01,7.357875830879781476e-02,-1.116887374780871356e-01,-1.371414139193186388e-01
-2.136967965065116742e-02,-5.448458816500668066e-03,-2.905299867971957925e-02,-1.151298066600259240e-01,-3.273718001897991947e-02,-3.452502924412231833e-02,-1.259807678586667007e-02,-9.025412671184097901e-03,-2.734384414900426635e-02,-3.819586675621974153e-02
7.566872408080172613e-03,-1.927421795126525381e-02,-1.447897961345271101e-01,-2.096978139377499994e-01,-8.115762232674580967e-02,-3.036360866459660371e-02,-3.355622705476192513e-02,2.752289669920076828e-02,-1.055585768509424149e-01,-9.816589178348621159e-02
2.476859861640385088e-02,1.024768352086902938e-03,-1.504976211916231599e-01,-2.169190007036866374e-01,-1.407643866637859620e-01,-5.613714653536348853e-02,-1.436147374247915276e-01,3.689892342523527768e-02,-2.448093769747396176e-02,-8.348113526502874693e-02
