nan,nan,nan,nan,nan,nan,nan,nan,nan,nan
2.332446216512492568e-03,-2.383028390329362811e-02,-9.704606937750986928e-02,-1.583855219468918718e-02,1.235749921148725922e-02,9.380926221825352726e-03,1.284939938501132237e-02,-1.387251644717296395e-01,-4.179542987016428984e-02,-7.456415010293267198e-03
4.335692618109804330e-02,-2.459058554135029606e-02,-4.873681514404674120e-01,-2.984651063482193223e-01,-6.892472505473368205e-02,-8.191982587462477705e-02,-1.602732246839391750e-01,-3.376213390627458844e-01,-1.545271354390727499e-02,9.014514757670257644e-04
1.533946821567150690e-02,-2.798032532576169226e-02,-2.096155952741846074e-01,-2.342944191179125446e-01,-5.505407123616620074e-02,-1.027318884197606502e-01,-7.596950329648013978e-02,-1.715225861586115452e-01,-4.697499295641992256e-02,3.751993228926202989e-02
-4.626364144749425117e-03,-2.313391857647102354e-02,-1.868812324631657917e-02,9.719981162023036414e-03,-5.339181792198846588e-02,-7.045536993757511857e-02,2.671539253404242240e-02,-1.459561505362982070e-01,-7.660178495782453412e-02,3.211022893264912220e-02
-2.621696353250541067e-02,-2.075388769702852035e-02,2.028936755057412777e-01,-9.558828014785926072e-03,-4.397967003685460119e-02,-8.444079203031600034e-02,6.155823319732019877e-02,1.156809635268276487e-01,-7.129311924605488682e-02,5.107318530557596742e-02
1.488869953941433268e-02,-3.327142023631177864e-02,-2.028409610777033856e-01,-1.527479204726913675e-01,-1.230533271607346518e-01,-1.352268619602483291e-01,-9.110056398004302836e-02,-1.697503724358941368e-01,-4.876890724335588428e-02,6.039535500922234984e-02
7.470248603519156171e-03,-4.497346445488432237e-02,-2.607568421213103949e-01,-1.841603810250299345e-01,-1.135145188597076228e-02,-3.104697842311508402e-02,-3.877504030621439779e-02,-2.613440952018808994e-01,-6.550311253033459791e-02,-5.273907119721176970e-03
3.165510538132036179e-03,-2.787487595619548078e-02,-3.838686629908057840e-02,2.787882785584286371e-02,1.375369028584103037e-02,8.713689590933628576e-03,5.869328438548208210e-02,-5.098378120643979813e-03,-7.818930739512543193e-02,-2.306776825677933282e-02
1.838488609542377958e-02,-1.357889005420158737e-02,-2.551909813730315335e-01,-9.574735781633025855e-02,-1.354471725628283822e-02,3.549719260161159767e-02,-1.179138462971577456e-01,-1.094550573087065132e-01,6.755446095775372028e-02,-1.488261282735270016e-02
