nan,nan,nan,nan,nan,nan,nan,nan,nan,nan
7.041478858895739573e-04,1.269948207626852687e-03,9.020514749446266640e-04,2.083514454044041366e-03,-3.460812720861072616e-04,7.950006814070939695e-04,-3.645260376783258992e-04,-3.828120924412060097e-04,-1.126103141475278367e-03,6.816269901311793663e-04
3.607727472499496152e-04,-4.223892444539943300e-04,3.592399611533899717e-04,-2.290885104503687813e-04,-2.599134174399157673e-04,-8.779873364116528699e-04,-1.881643506191466953e-04,7.223586766348839578e-04,-2.649646723174336246e-04,-3.033177060828155303e-04
1.611901094366370232e-02,7.165082168946984575e-02,-6.670283137921260985e-02,1.331207391118702232e-01,1.290430790054042376e-01,1.400806755608781651e-01,2.715443255278838230e-01,1.170243243087838898e-02,4.942805552595153085e-02,2.455509542228163922e-02
-6.969331189969400764e-02,7.101325455383697416e-02,-7.142122552715635120e-02,-6.555631263251748830e-02,-5.000576161103790357e-02,-1.857957840863951882e-01,-6.459905378971889101e-02,-8.591976527509737060e-02,-2.636127274505845053e-02,-1.931098272097502011e-02
-1.496700339510483209e-03,-7.512010780341324932e-03,6.822072745774268934e-03,-9.164408641981498099e-03,-9.012263151428782232e-03,5.451580307815938678e-03,-1.898208748239140278e-02,-2.410534313483712985e-04,-4.311604107493066662e-03,-3.385133617754913760e-04
-2.581275430042209371e-02,6.977428190464105007e-02,3.346570467047138564e-01,-1.056237491678568702e-01,-1.533197574227846693e-01,-4.785725029714724132e-02,-5.026617041575645040e-01,-7.389914990000492900e-02,-2.680735433041208093e-01,-4.617085087600221460e-02
-1.573791922927158526e-01,1.729543207916488801e-01,-1.304996405014912375e-01,-1.562506186082641968e-01,1.476404103475155993e-01,4.870430989871907951e-02,1.293258443492470433e-01,-9.589210739548138795e-02,-4.451960559100518605e-02,-2.712680371454662467e-02
-1.188227377216130760e-03,9.627952937538242304e-04,1.074837261607277002e-03,-7.869482926381690018e-04,2.241792994124756737e-03,3.011696344962606561e-03,1.910820352751059622e-03,-7.433945630075421487e-04,-8.036724442029662520e-04,-4.849192927476145580e-04
-1.252731520417639738e-03,9.786665731887683652e-04,7.212928291344057781e-04,-3.891413906627751531e-04,4.604202734354596177e-03,2.138539692192429741e-03,5.191007696468600760e-03,-8.420395252324197784e-04,8.484429517665849569e-04,-2.007905279430742746e-04
