nan,nan,nan,nan,nan,nan,nan,nan,nan,nan
-2.243197754948830227e-04,5.346098779171150907e-06,5.225006684478671146e-04,1.732487978350877528e-03,1.106594403209690974e-04,2.751989726138314232e-04,9.968462578957965319e-04,3.690318878938599550e-05,-1.079475430354983110e-04,-2.343334556632249331e-04
8.741459876728221307e-03,-6.257980616250238132e-03,-3.888638126619273216e-02,-9.964913174695749776e-02,-1.575639265270978306e-01,1.138681290415778646e-02,-3.784012986975571202e-02,7.094675733153010463e-03,-2.904554750273706173e-02,-1.409577052932534658e-01
6.430903750021228250e-03,-3.408830464089996314e-03,-4.577395780291858979e-02,-5.281675154016284013e-02,-1.108762906540835397e-01,7.886602783656208870e-03,-8.091893345665349818e-03,9.442407282932316348e-03,-1.876971791211817786e-02,-5.203222939541110592e-02
1.019017676086198844e-03,-5.419531160535534520e-04,-3.788379205265769798e-03,-1.285031412612016623e-02,-1.761796815364334232e-02,3.717969012542795149e-04,-2.935192844437778045e-03,9.653342700038013103e-04,-2.516544159981557414e-03,-1.799916936895192346e-02
-1.772509708288911917e-03,2.192113695591562956e-03,-2.577115935515261747e-02,1.116427682065454377e-03,5.463438696321559068e-02,-5.392634057259167342e-03,9.261710298879996528e-03,3.475822804376340648e-03,3.977081027931407553e-03,4.759310374613461708e-02
6.322775063184175219e-04,-8.097131112777678072e-04,-8.643943793157186917e-04,-7.146915503303454681e-03,-1.195871284205554663e-02,1.659314015234033494e-03,-3.208640147363638236e-03,2.101335797527789759e-04,-9.618595785341136489e-04,-8.981693317412530950e-03
-5.679364490060186989e-03,5.400603169032985006e-03,-7.459048351351025771e-03,5.615557898171660151e-02,6.100491688874740831e-02,-3.616537180748486454e-03,2.374709709636501839e-02,2.204459599817728665e-03,-2.713646276998263416e-03,6.031283379976325187e-02
2.539932759789262817e-04,3.133725528996464437e-04,-2.421772539193458099e-03,-5.061379300867916917e-03,-5.152347163589105633e-03,-8.915783658808689176e-05,-4.480440569440589872e-04,5.404837973655417802e-04,-2.402776934139444313e-03,-5.498748445006698508e-03
7.762953181778195749e-04,1.219503002405774862e-04,-3.818390174416135246e-03,-1.411544435264278606e-02,-9.985331437680294853e-03,-4.605947391225612662e-04,-2.836245012865134998e-03,5.311519887877225957e-04,-3.885694772830515162e-03,-1.615178562784020180e-02
