nan,nan,nan,nan,nan,nan,nan,nan,nan,nan
-7.810145941971679098e-05,8.764875614768873491e-04,2.687494163995965911e-04,1.324166372280532241e-03,3.836658855518989154e-03,-6.255607507343781404e-04,9.744039770542833878e-04,-1.427567661913040737e-04,-1.808668910399521216e-03,-9.667168642719307751e-05
3.974645043375162631e-05,2.144470694374576167e-04,1.505296955779226206e-04,-5.221240741498249559e-04,-1.634790386476781682e-03,2.092174617062551910e-04,3.923337922577251622e-04,3.140312606409152523e-04,-2.100638664767298549e-04,-1.541599189021977592e-03
6.038092990233513463e-05,1.578839001024394070e-04,6.985359786081814075e-05,2.623477707327414882e-03,-2.154379800100309460e-03,1.235188840462636626e-04,1.418397745063662303e-03,3.612458997247729848e-04,9.678524937997979834e-04,1.934225549719617403e-03
2.137520321561902769e-04,-4.726329982990297158e-04,4.305864858417347905e-04,5.777079238306228985e-04,-2.274117904481414657e-03,-4.429653957857794468e-04,-7.954980292107443436e-04,-3.662892948271800875e-04,5.444598772378325723e-04,5.592638774441886795e-05
-1.320314504668964608e-04,-4.842968204123620688e-04,-9.880665493084124593e-04,-1.612948724659882564e-03,2.606421199334795023e-03,8.005855273887843701e-04,-1.201446143610144504e-03,-1.575644192745333163e-04,-2.791353991516181332e-04,1.465582845340724499e-03
2.195794301232614765e-02,-1.730827726853024356e-02,-4.448769065645660770e-03,-2.109806984689290010e-01,-1.254759224797848474e-02,1.409929792184193009e-01,-1.810420873699068456e-01,-2.845164119485411175e-02,-1.559143923474441140e-01,2.520228015748129241e-02
-3.194301858830982110e-02,2.404843904937492213e-02,-9.737736062345013488e-02,7.389821959182053812e-02,4.960524420962038605e-01,-2.576172309857601653e-03,1.082104917953875950e-01,-1.715471020548459298e-03,-4.746036347929453308e-02,2.493841430179070395e-01
-2.660705026075405478e-03,2.113789687386006654e-03,7.678186599138358756e-03,7.737933068595582130e-03,3.199022694730253857e-02,3.064580302230413347e-03,1.113143460447134185e-02,8.483284789874665248e-04,-6.169016910119081917e-03,3.208199086954425377e-02
-5.734453160826905483e-05,3.289294111189256810e-04,8.312564192716361249e-04,-8.780434566929361901e-04,7.002008025660277934e-05,-8.365512618279168176e-04,8.261929615443859500e-05,-1.670633849536736024e-04,-3.964396897616239606e-04,-4.968598744367018613e-04
