nan,nan,nan,nan,nan,nan,nan,nan,nan,nan
1.840413886378144655e-03,2.831303798452940168e-02,-1.579192939442623442e-02,1.271866946149044497e-01,-8.425005475512772901e-02,1.514990541151613711e-02,3.138020473168751795e-02,1.969592741060970098e-02,4.538479777170668222e-02,-4.343436344945566380e-02
2.194127331339362427e-02,-3.843550611423707068e-03,-8.108059231864765681e-02,-2.409407741725801966e-01,-3.985161439055949217e-01,8.401814209482138737e-03,-4.302867095004355574e-02,3.139949072628100968e-02,-2.212250211385235338e-02,-4.253891672758128850e-01
2.446563768937163111e-02,-1.463290236696820380e-02,-1.883506142035421271e-01,-3.151598187146590901e-01,-2.278390050814221302e-01,1.416285351015376774e-02,-1.257004769980358538e-01,2.952199016230661055e-02,-2.343027255880980320e-01,-4.182497356338318872e-01
1.339886138050555217e-02,-1.075708065389605235e-02,-4.994561778710356753e-02,-1.304268371715873176e-01,-1.855184992564942459e-01,8.197568832741967959e-03,-5.249194575740516455e-02,6.689872198955940617e-03,-1.637752838010865172e-02,-1.763252723748413298e-01
1.261892471242380593e-04,-3.572046192908922939e-04,-7.507961588511864086e-04,-3.808605868372347183e-03,1.442418253548945727e-03,-1.709716043477968364e-04,-2.049467254065669240e-03,-3.872292258796017003e-04,-2.288414475030748144e-03,-6.289402906465265189e-04
6.602819379071454137e-03,-8.973748032635698105e-03,-2.355019047497385401e-02,-5.515814084403690420e-02,-9.603321914997436926e-02,9.999065286444499753e-03,-3.905237007035484986e-02,-3.148106761205835143e-04,6.961846589148975098e-03,-9.501492935541513973e-02
-1.733999253204779670e-02,-1.870785261149139275e-02,-8.746090087197057328e-02,9.838402667456555561e-02,1.730973128766419844e-01,2.885260293856479336e-02,2.745167274514247538e-02,2.146718295344217722e-02,-9.159258339043685471e-02,9.145711375223082584e-03
1.407876984535145213e-03,-5.589355768820439664e-04,-6.839747999981384344e-03,-1.283747853116375646e-02,-1.885043523343899255e-02,8.261551120698549903e-04,-3.602434646478738442e-03,1.603200596638001962e-03,-4.509771947160469939e-03,-1.969597206691823393e-02
1.192677571278575981e-02,-8.002147895993428142e-03,-5.147816195514787196e-02,-1.208208072787947812e-01,-1.717926047749035179e-01,7.587547661964178826e-03,-4.140802862085771197e-02,9.991882653112149973e-03,-2.428729431240963382e-02,-1.801950105055012130e-01
