nan,nan,nan,nan,nan,nan,nan,nan,nan,nan
1.776430896620624644e-02,-1.269329706470891106e-01,-9.801400510894073270e-02,-2.357154192050559538e-01,-2.823628717267288035e-01,1.231693648909575889e-01,-9.125133137729937727e-02,3.018086337842242062e-02,-3.340064306437282721e-02,-4.495360044026301405e-01
1.400396937586013968e-02,-5.954920547083973614e-02,-7.087902730145283214e-02,-2.155059223055198758e-01,-3.675830438795565924e-01,8.110832562675120150e-02,-1.339134188467414055e-01,1.638047119237394725e-02,-3.774229363563903761e-02,-4.258262127328373281e-01
2.357175270793861882e-02,-8.399739016022082783e-02,-6.470704005556857097e-02,-2.428557652996680416e-01,-3.633286650464385148e-01,8.221053366580383104e-02,-3.754791465161340380e-02,5.012586205459478722e-03,-1.213968750860512646e-02,-3.082626062870638672e-01
1.194700281103749581e-02,-9.242773867572091906e-02,1.391269628509623352e-02,-2.420230097253142365e-01,-2.213081699342998032e-01,6.723603306285366732e-02,-7.652173669959434765e-02,9.218828970828931227e-03,-1.351951511709852116e-03,-3.026959662559197128e-01
-1.308274539140674882e-02,2.943036872768114987e-02,-2.444510619092186282e-02,7.412906395833440687e-02,1.645353115150662848e-01,-2.601697813427964259e-02,-1.234613236844795264e-01,5.183128107853816977e-04,-4.424000277622193444e-02,1.369482762512883034e-01
1.768028520467727557e-02,-1.314714820492840150e-03,1.569536502401778708e-02,-6.400732296937901300e-02,-1.355567202689762218e-01,1.752347740423895392e-02,-1.019784328213177091e-02,6.285386459805760752e-03,-2.914930770904516910e-02,-1.578167509612465325e-01
-1.004829537407277325e-02,-6.512647377407004834e-02,-3.197914873000432673e-02,-7.803693935982446150e-02,-5.594133792727928878e-02,4.837050710989788255e-02,-3.485504942736869505e-02,4.275860325940881307e-03,-1.886299686912917828e-02,-2.310072663793452750e-03
-2.445932632344828030e-03,2.831257724366298412e-02,-9.454134560901043816e-03,1.465734027967855249e-02,4.327106903957281259e-02,2.841686473124556411e-03,-7.375844453141697232e-03,6.219943052783305634e-04,1.520803696714551588e-02,-2.301314388328305413e-02
1.810913975635099898e-02,-4.624793113178874565e-02,-4.402955572776907564e-03,-1.306807949707101124e-01,-1.509451501768175052e-01,3.111853987695464147e-02,1.757906833824334977e-02,1.871401172889935191e-03,2.362729520051905230e-02,-1.859261470723780896e-01
