nan,nan,nan,nan,nan,nan,nan,nan,nan,nan
-3.716151248183070018e-03,-1.945012486877700135e-03,-3.004744458722434508e-02,4.069244771384782078e-02,6.325841863017593603e-03,4.369113879955527358e-02,1.975742303536994621e-02,4.960982671049798259e-03,4.728009616695176727e-03,-2.618025279240665179e-02
4.926274785297274361e-02,-2.878930902430298228e-02,-5.155250511326621154e-01,-3.503907843292976554e-01,-3.060533731095075316e-01,-2.009036734396032475e-01,-2.287390560800513784e-01,-3.332686552007750880e-01,-7.169413330972722320e-02,4.666640017975968308e-02
1.259912253006248298e-03,4.015435729649482875e-05,-2.732617258105843674e-03,-9.926020018381342264e-03,-6.920534932280243343e-03,-6.612612995177125953e-03,-5.153437636737118188e-03,-6.138246445842432397e-03,-1.452049316481641419e-03,5.243315623031881423e-03
2.686492104313581170e-03,-5.035104702305536091e-03,-7.047537339661265679e-03,-1.446696200388297715e-02,-2.298451443004468839e-02,-2.974219232365689358e-02,-6.561420493704840998e-03,-1.604790676939457997e-02,-1.847395474452267344e-02,-2.088070738656575605e-03
-3.354060868482439117e-02,-6.680127534349358798e-02,8.421881004222402795e-03,4.481371880811072517e-01,2.718741394674731304e-02,-4.955802596891142886e-02,2.032836911850099959e-01,2.397683934057289468e-01,-1.995689781596508838e-01,-1.318501047892985112e-01
4.608012007796067483e-02,-5.277214014615026760e-02,-5.665233297311263877e-02,-3.222893727416982212e-01,-2.963017493905992228e-01,-3.178161329822150050e-01,-1.313488734295262528e-01,-1.958466969616295128e-01,-1.547363976808466268e-01,1.814806043343323017e-01
3.629669110550935566e-04,-1.412453381988738475e-04,-5.915162589034531938e-03,-2.441131438904562030e-03,-1.640958372174895156e-03,-3.566857610106559449e-04,-1.589588873698852484e-03,-3.531592825858408200e-03,-1.118014310500158943e-04,-2.861901353085049833e-04
-2.075565555588012104e-02,-1.102715921270150737e-02,-2.671964706706857484e-01,3.836982908006709714e-01,2.168848659514069632e-01,3.228828830427038499e-01,1.571667314105758551e-01,-6.884891750428670520e-02,1.047753186029013774e-02,-1.795680203248021800e-01
1.783614630131582048e-04,1.113016475204941028e-03,-7.889124073992739850e-03,-4.284362152262388354e-03,4.999342547577346682e-03,3.330916748823670344e-03,-2.570300496146167742e-03,-5.374317136476819412e-03,4.061611510271672700e-03,-3.240471914711990156e-03
