nan,nan,nan,nan,nan,nan,nan,nan,nan,nan
7.871064861406454338e-02,-2.153019089939733899e-02,-1.951242243239058038e-01,1.794620215107320740e-02,6.760581012990814209e-02,1.272795956795532701e-01,-1.301909321941003284e-01,-1.688758778328141030e-01,-1.268947587936856188e-03,-8.851917746423912381e-02
7.965808627207435211e-02,4.163341040168486162e-02,-1.376434525263950381e-01,1.854223885256257864e-02,6.667455977518223220e-02,5.459466341146737567e-02,-1.553771087105289272e-01,-1.392897148412819697e-01,1.704811105128702098e-02,-1.613265600612364681e-01
4.112902581194786966e-02,7.333356941544362517e-03,2.432464211194722281e-02,2.189353142698985746e-02,2.883307930470841579e-02,-5.637137700078585778e-03,1.163189791677394710e-02,-3.685914706453459477e-02,2.410335203726747880e-02,-8.578977786264936622e-02
-1.660792831596495656e-02,-4.895543295741110884e-02,2.329718599671257856e-02,-2.945971829132002645e-02,-1.879073852819568638e-03,-3.877377440017792942e-02,4.823143966309430264e-03,7.229920269257505971e-03,1.157430339582249217e-02,4.195936987415696540e-02
-3.460065802684596931e-02,-7.587550106847494591e-03,-1.304538257024867587e-02,-1.744362820431254180e-02,-2.473593023637073174e-02,-5.036469790946088154e-03,-6.687078959773162801e-03,6.079836659586001189e-03,-2.131677923863824903e-02,1.339221815333767052e-01
1.209409632279578178e-02,2.177273012751936368e-02,2.041787156488434132e-02,6.865900072790606309e-03,9.677792839875238098e-03,-9.980230913538655838e-03,-9.769229118375835977e-03,-4.817672185771742013e-03,4.368735048458001827e-03,-5.320094247930204356e-02
5.699423675556818114e-02,-5.505285542331483928e-02,-8.301958468038667105e-02,1.011157853207441532e-02,4.625005285239029013e-02,8.222509912004583033e-02,-3.091421082544098739e-02,-9.728684404536719343e-02,9.469429042518779857e-03,-7.259709572950842627e-02
-2.916258817099432257e-02,6.467507217451194668e-02,9.551290780858297247e-02,-5.896655540700263855e-03,-1.775257084620369616e-02,-5.182437250692263631e-02,-4.692328420330890704e-04,8.340264339029473950e-02,-1.903367642573162294e-02,-5.100587788314995402e-02
-1.521287845313121570e-02,1.045025106533679221e-02,1.068512372213919759e-01,8.237600551284994521e-03,-2.036876106144340157e-02,-4.972088385556202444e-02,7.835155458059465949e-02,4.671215713936426733e-02,1.275194265014388539e-02,-1.551692606206424296e-02
