nan,nan,nan,nan,nan,nan,nan,nan,nan,nan
3.295171490333035497e-02,-2.555389428439413732e-02,-2.359744418047231632e-02,1.448638301424263509e-02,-3.874506146964799835e-02,-3.079825342986474562e-02,-3.756478242249483568e-02,3.396376324029559690e-02,9.027287190465376268e-03,8.242379754166150735e-03
1.769253651202082611e-01,-2.827321265600835631e-01,-5.736361861407245355e-01,-4.143362989116378126e-01,-3.613014882422685981e-01,-5.236317446074582049e-01,-2.442347035474503048e-01,2.417358222707289006e-01,-2.163441537008091997e-01,-4.679953021366921317e-02
7.122131128258833710e-02,-2.545118927730289915e-01,-5.317732085171643641e-01,-4.408419210771830632e-01,-1.714500586186951392e-01,-3.255137434324167911e-01,-1.944806609063608194e-01,9.454101280894119941e-02,-3.343359713248523213e-01,-5.814635565949466400e-02
3.508309428361898046e-05,-2.469574108586784517e-03,-9.283971842609892199e-05,-3.522328340480944571e-03,-4.687483814161640117e-03,-6.005000960837240422e-03,-5.219908353129867895e-03,-3.659886747668944658e-04,-1.441803678270266523e-03,-1.026464254789041797e-03
1.863214436314129330e-03,-2.922402878333780867e-03,7.076530309274368631e-04,-2.965776141816599200e-04,-4.514402438620478304e-03,-4.986204199713442989e-03,-5.757020241222703116e-03,1.699069342605431321e-03,1.526249521305736510e-04,-1.585142073072445389e-04
-2.844503410354311257e-03,3.983983053054981384e-03,1.302862914336907693e-02,5.514917896286359623e-03,5.299222225916006820e-05,2.042092426069807166e-03,-2.739160219932456827e-03,-3.028712098210143387e-03,2.190145714132982896e-03,-5.146287596955194301e-04
-5.466100588302338220e-02,-1.159985689109418600e-01,-5.157647745162660113e-01,-3.806416473519242394e-01,7.899383641771745568e-02,4.927045223782615391e-02,8.905330657254732774e-02,-5.328749102207611804e-02,-2.808982977351066612e-01,-3.328670208950489096e-02
5.682582168885674107e-02,-1.404773317654240961e-01,-2.708280471638647158e-01,-2.248851935386187717e-01,-1.128429311119300144e-01,-2.190058474549195777e-01,-3.497918397209830166e-02,9.569666022438245989e-02,-9.902163880988407163e-02,-3.625374866336626006e-02
6.033287960966751077e-04,-2.168555909142179470e-03,-1.346673736118179920e-03,-1.676673984164863155e-03,-1.757630560946049636e-03,-2.815688418287769224e-03,-2.719152626713506032e-03,5.279220380790412273e-04,-1.002466277037654787e-03,-3.453536896586802737e-04
