nan,nan,nan,nan,nan,nan,nan,nan,nan,nan
-2.180278088747462407e-03,-3.458407454229671385e-02,-5.220553022934305669e-03,-1.277912260749152276e-02,1.179904484234564621e-02,1.345902707937820728e-03,2.137989137092459468e-02,-1.418926947098860837e-02,-8.146069152801022062e-02,-4.853458092708015648e-02
2.490007815563629115e-02,9.547876311848075420e-03,-1.019924938567452061e-01,-2.997437451056805813e-01,-2.228032731384910481e-01,7.829117197028011114e-04,-7.155125492607708471e-02,1.392464841806747948e-02,-6.755047282324126712e-02,-2.811448900695057151e-01
1.908463957693365756e-02,4.673994101838083864e-03,-1.157410550257555321e-01,-2.719805295555337010e-01,-2.512579518186229266e-01,1.344273931687475603e-02,-4.402943313191991226e-02,1.692043539930263713e-02,-1.313771186641067568e-01,-2.855311768546892059e-01
1.415499292638352190e-02,-1.745570865227442751e-03,-1.058282589392301742e-01,-2.536330102505339190e-01,-2.611622264908832758e-01,9.829583843688094458e-03,-4.978650284519739455e-02,8.294481650917270854e-03,-1.201147331991002376e-01,-2.970837105293869240e-01
-8.490113174231030406e-05,-1.632250308478494852e-02,-2.625440995729946825e-02,6.913480736707325325e-02,-5.965156827782654159e-02,1.189868873729299677e-02,5.247670931684144183e-03,8.001426402375725472e-03,-1.266408935608472584e-02,2.362933370027207446e-03
4.323889423598399444e-03,1.330828697914403572e-02,-1.274732885651352898e-02,-1.156023999410104031e-01,-1.378915491410621641e-01,1.742069173781342004e-02,-6.961871804540881170e-02,2.402311590192472875e-03,1.476643941153495294e-02,-8.637595628378103019e-02
-7.734355767101884667e-03,-2.880863816749943199e-02,1.320155832791926678e-02,7.846897590454537941e-02,2.874017408660499082e-02,1.299761657153528441e-02,5.753529358860809406e-02,-7.896329920854388076e-03,-5.760835684189631600e-02,4.876958483177982334e-02
1.027868371999463362e-02,-1.878020020424312972e-02,-6.601390555536637561e-02,-2.155946388025615779e-01,-1.390175076148016942e-01,1.124371241820453643e-02,-1.576580716559610861e-03,-7.326509119099499506e-03,-1.315360643385692085e-01,-1.932957348881883253e-01
1.683532675960355135e-02,5.113989318218822161e-03,-1.008141070110987053e-01,-2.725049228138803348e-01,-2.395917365796924048e-01,1.258256814903160881e-02,-5.765328140736419860e-02,7.950422604757471923e-03,-1.002536045334991160e-01,-2.604772220590501619e-01
