nan,nan,nan,nan,nan,nan,nan,nan,nan,nan
-1.479620807022370621e-05,-1.382620694604722901e-03,-2.200511793821599647e-03,-1.468873270561152139e-04,8.122623554670479237e-05,6.108646929788421947e-04,7.897951947263245117e-04,9.024396119548284967e-04,5.868546120759066034e-04,6.830890972214930142e-04
1.321932891928429832e-01,3.322075080563792748e-01,-1.384832064672544549e-01,6.415687174936353376e-02,-1.814529807333287170e-02,2.995604352270809026e-02,-4.393367735366957572e-01,-9.145774784329094298e-02,2.467603328705814114e-02,-3.568717870392210112e-01
6.887711011183815675e-05,-1.907595770009684480e-03,-3.430041891217610987e-03,-7.121870829491193378e-05,2.017018957167096105e-04,1.893776725102480022e-03,2.311728341674575225e-03,-4.414198296140753233e-04,8.119793669540618626e-04,3.895387032057899025e-03
-6.702383249225063021e-04,-1.389576087803991080e-03,1.583019896331766801e-03,-4.006850512783804302e-04,4.177579661575672314e-05,-1.616401431361790203e-03,1.605745121413138443e-03,5.082711586946292957e-04,3.174428687748198803e-05,-1.370469258065156403e-04
-4.254907025527565612e-02,-1.933540397384800047e-01,-1.742123188413590429e-01,-3.785062984449717033e-02,1.841195941258570029e-02,4.283234737710697737e-02,1.986859927119293823e-01,4.429395196252925576e-02,5.169008223270173813e-02,3.578059695775102633e-01
6.137873289669341925e-02,1.803018969695031615e-01,4.399281950962907750e-02,2.702369712704089794e-02,4.307826188872411477e-04,-5.123113351879882149e-02,-2.092709111392237198e-01,4.110009355728644863e-03,2.014448830712967098e-02,-2.413786841197284871e-01
-3.261833615867845010e-02,-6.595759999245502658e-02,5.402214785896427424e-02,-6.959590658468804529e-03,2.941698612900761362e-03,-2.370728845099997258e-03,5.787281622639824791e-02,5.994845259272579829e-02,-2.782725505704758059e-02,9.085880531880712388e-03
-5.571881290883704376e-04,-1.551206871875285579e-03,1.570220380915458890e-03,-3.442632734956993751e-04,2.230438662333361719e-04,-8.464868612427593189e-04,1.771545664915745531e-03,8.766569800177134286e-04,-1.118288945028711614e-04,2.254883408064121779e-04
-1.260602395089092834e-04,-1.291466421098326793e-03,-1.032992063264005734e-03,-3.398113971492206040e-04,1.492416058722101932e-04,-3.024955478989682298e-04,1.014500037308705815e-03,3.111657085693196123e-04,3.879976739833110614e-04,4.601622969247692939e-04
