nan,nan,nan,nan,nan,nan,nan,nan,nan,nan
1.082229294849640193e-02,4.771266226015335316e-02,-3.206372914988092071e-01,-1.425554409331314387e-01,6.678911724673697314e-02,1.735948102804096282e-01,-5.777918690341258406e-02,-9.436867339614229966e-02,1.651236582424834565e-01,-1.511979332584607594e-01
6.043900372261942072e-02,-1.920421093556764353e-02,-7.278617074139647203e-01,-2.931499189095160274e-01,-2.825472063341933349e-01,-2.001639797965869549e-01,-1.909765074146782815e-01,-4.191756434907214501e-01,-3.785452548320859117e-02,-8.195178536081250409e-02
2.885441967612990821e-02,4.882375005136187218e-02,2.475755125896661468e-01,-4.046528617986914211e-01,-3.207163060757188267e-01,-4.990769105367990899e-01,-1.760209901100568131e-01,1.758054078820658062e-01,-1.110586596804853249e-01,5.032795372437057768e-01
4.459079483059645143e-04,-6.376784650938475789e-04,-6.448852570535338301e-04,-1.076248285272256040e-03,-2.863037636516782124e-03,-4.639779705519432931e-03,-4.913324706328786205e-04,-4.097805322679795256e-04,-2.928354761637357549e-03,1.414351977776010655e-03
-1.564650378019276714e-02,-1.038747932999805057e-01,2.331618488630857466e-01,2.391754536748152138e-01,7.347946251644194016e-02,-1.893137020697075734e-01,1.438782486025273477e-01,9.157575188804403798e-02,-2.086904102756995949e-01,-3.751500110665023646e-02
4.026360807049682300e-02,3.519440626589198651e-02,-1.738252860080115592e-01,-4.241026747141035669e-01,-1.983295226300818836e-01,-3.573639416623388132e-01,-2.039672231922462498e-01,-1.388783534716284962e-01,-2.652414196577868033e-02,2.321257112998106886e-01
2.401598494452901814e-02,-6.995831417855740558e-03,-2.907842688680258858e-01,-1.560431100751672184e-01,-1.285049993880802988e-01,-5.212444158588348808e-02,-8.359993128409887175e-02,-1.713871080410897807e-01,6.522983193032071657e-03,2.989390862123799883e-02
-8.499747353416650859e-05,-6.958024753080094531e-04,-3.620870384475788871e-03,2.114377584982553033e-03,2.036500393358391548e-03,4.926599730368570566e-03,8.445073030395189176e-04,-3.803156671362966767e-03,8.811477208179069754e-04,-4.026415454985861689e-03
8.391242563228176049e-03,-5.414281604568754389e-03,-8.320618403340818148e-02,-6.756875803311253315e-02,-1.975302609096706713e-02,-3.293672867365917550e-02,-4.271435262870311445e-02,-9.619449089521087126e-02,3.287197322341766075e-04,-9.885454535060988470e-05
