nan,nan,nan,nan,nan,nan,nan,nan,nan,nan
4.397819900868864262e-02,-7.061784611166661320e-03,-1.757202403874298380e-01,1.123312144753037256e-02,3.331427566603657742e-02,4.599308650972115664e-02,-7.236619063662366735e-02,-6.587513661863787784e-02,-2.282831760057918088e-02,-4.521485790525773402e-02
7.971507561449692192e-02,7.256627599679665863e-02,-2.254423248593437346e-01,1.915711050066124660e-02,2.833063482242214118e-02,2.340641761829486550e-02,-2.384115164673442921e-01,-9.129016624675111158e-02,2.617005133097758188e-02,-1.872230435250510916e-01
1.741511069140032689e-02,6.468515418370696796e-03,-3.532586695556744205e-02,-1.791343372740214143e-02,1.510495655150822375e-02,-1.281764364507640211e-02,-5.450858780531506187e-02,4.013864743039038951e-02,5.984572293009546295e-02,-3.176864567094211944e-02
-3.831784457010724981e-02,-1.560315000602633534e-02,7.170009178261352312e-02,-8.383723891605378981e-03,-3.185615305733869359e-03,-9.813150661162731853e-03,4.559775047733195807e-02,-2.309440060702241601e-02,-1.882177134876533361e-02,1.917949508308339907e-02
-1.188018193628327147e-02,-4.172001785432612186e-02,3.966360549875057318e-03,-1.386939747325055712e-02,-2.450087058238715337e-02,2.339022281999150049e-02,5.253780739919038795e-02,3.595890175995176269e-02,6.386739179976397285e-03,8.056376923738421680e-02
2.963926317527561943e-02,4.868315177895730234e-02,-7.903443463100091881e-02,1.486136216837774353e-02,-1.678777370798986007e-02,1.901311655084927249e-02,-1.082612499779071757e-01,-4.947493214693850921e-02,-1.796652852154632159e-03,-6.365114185924024282e-02
-1.611114267958397303e-03,-5.738028195270454372e-03,2.086634237286266562e-03,3.215121221289296387e-03,2.836003506548598341e-02,-6.642552858157057269e-04,-9.978543927156583587e-03,-3.049136474442613529e-02,-1.864194295557161304e-02,-3.679531838957441486e-02
-1.777882959152529002e-02,3.616846058623932048e-03,7.324147597632207907e-02,9.777466399749261752e-03,4.042188194052694084e-02,-4.855659881886291440e-02,1.909720064408569618e-02,-1.882258327787369664e-02,-6.450988253751578291e-03,-7.079398035997810923e-02
1.536172604421662952e-02,4.528177012028745604e-03,-5.317892720205554674e-02,3.470298353711834261e-03,4.777877813355598836e-03,7.648247461658303110e-03,-3.935210114291592259e-02,-1.000028930091363330e-02,1.142617997728687454e-02,-2.375712967549364896e-02
