nan,nan,nan,nan,nan,nan,nan,nan,nan,nan
1.068516889154396410e-01,8.396913972320399489e-02,-4.737332678207847869e-01,1.443158612004488001e-02,6.759447654316825572e-03,8.080552967573338685e-02,-1.934274231678479172e-01,-7.025853991604137649e-02,1.345171699708835600e-01,-3.893718054056845290e-02
1.428000495307761575e-01,3.832789120920526149e-01,-2.133866927344026387e-01,6.143617056474778848e-02,-1.209811607662070881e-02,-6.563066988624995102e-02,-4.584990382406053389e-01,-9.238245601251356132e-02,6.225654545911374349e-02,-3.895486821795546284e-01
2.089272906367292942e-03,3.679829561591298551e-03,-1.260609317173792474e-02,6.977025416547097143e-04,1.675446684522996640e-04,8.172745266914646992e-03,-7.454115825766037887e-03,-6.638760826754084091e-03,-2.490186282470719056e-05,4.208652443181033764e-03
-6.634669497826427287e-02,-1.072296304353307361e-01,3.267702264139979995e-01,-2.430824047104097191e-02,8.591544734754557114e-03,-9.194012873268314623e-02,1.256099361471809950e-01,4.468382904884554002e-02,-5.865976259908713825e-02,-3.586805646039784717e-02
-4.543533509589774838e-02,-3.882906099814083939e-02,1.307732010247419363e-01,-1.350327013637192021e-02,1.356983423560961669e-03,2.232519206369236800e-02,7.344719742016760089e-02,-7.365657500541131220e-02,-6.772851013021218003e-02,1.438408455855015589e-01
9.954453935925920705e-02,2.506834606030159951e-01,-1.482489315000824204e-01,4.000202058040189246e-02,-2.099110219457243562e-03,-3.201570753727410457e-02,-3.342774868948039102e-01,-1.320405148480152946e-01,4.377549963476248807e-02,-2.270593363819098653e-01
-1.680023926133522518e-04,3.862038351745978844e-04,5.075245302221368954e-04,3.496442279630030905e-05,-4.085273323972872804e-05,1.068815354986154165e-04,9.649429236747002485e-05,-1.113838104927820742e-04,-4.871764302104404859e-04,2.318564648208861379e-04
-3.328633772821896347e-02,-1.285592080833987683e-01,6.098301481678784774e-02,-2.127337977660924417e-02,1.049050472387866306e-02,-2.873935920282974857e-02,1.510875084969352522e-01,1.121861026318040494e-01,1.460395390099951049e-02,1.927283483187281626e-02
3.208911631777440639e-04,2.756924946239500498e-04,3.445937170874704297e-04,7.119802429433849157e-05,1.963416956693998219e-04,-6.428108871157386765e-04,-1.612225588256590257e-03,-5.748645273290170992e-05,2.383015633345299375e-04,-2.177752748682561506e-03
