nan,nan,nan,nan,nan,nan,nan,nan,nan,nan
-3.771207684754266255e-04,-1.548722757595973141e-03,-1.420382776838915008e-03,-2.751510446857911548e-04,-1.252777794064727657e-04,-8.251464824835037424e-05,2.226845420709075950e-03,7.132627306895884681e-04,6.330223052373723904e-04,2.475041556146560535e-03
5.794053958468175017e-03,1.998146933074638337e-02,1.649781845143985298e-03,3.348250603854304765e-03,-2.095834535514201104e-03,2.985804002264162271e-03,-1.742586892406199073e-02,-1.154309921784356374e-02,-2.107859458400149124e-03,-1.517212960624479690e-02
-2.648518448982165846e-05,-1.276722810900965399e-03,-1.621887787783488858e-03,-4.356253163324568694e-05,-3.186929915496428524e-05,6.289243635178094934e-04,2.243157320621797738e-03,8.947923902982428835e-04,8.536103388257515077e-04,2.498261641408021198e-03
-2.388162527098258150e-04,-2.153203409105086360e-04,1.579399380289534449e-03,-1.514291331740943479e-05,-2.022490575700391131e-06,-5.860579867894771334e-04,-4.840576869731945072e-04,-3.367377023691158150e-04,-4.918163886450503414e-04,-9.179612583784824706e-04
-1.679122082169840977e-02,-5.290849199625803634e-02,2.076719199582869463e-02,-1.355637923352576504e-02,2.149334156234724777e-02,2.114440690067417167e-02,4.598439547358729867e-02,5.898654993018305481e-02,-7.032308013675543472e-03,6.754316817873985690e-02
3.798773766433308392e-03,1.812826778829702487e-02,1.205629967693095349e-02,2.716294082971923343e-03,-8.275462856177713176e-05,2.773101601197389653e-03,-1.671992329901192051e-02,-1.361913001665040340e-02,-4.539545443771959149e-03,-6.411465617464503879e-03
-2.321047392110404007e-04,-3.752696221522860845e-04,1.398774434096728813e-03,-5.070437866299658947e-05,1.365185430211539178e-04,-1.950704401344605218e-04,3.238266030422334851e-04,3.017954361424784150e-05,-4.454480493923838815e-04,-8.144724685058990379e-05
-6.828147247901897310e-02,-2.236228738585283593e-01,1.637185290690225670e-01,-4.264914512744601149e-02,3.341873680252381573e-02,-5.317398791319922005e-03,2.101143775983096151e-01,1.478849287158640058e-01,-1.390291483710088226e-02,2.629132355223801412e-02
-4.855022653432465216e-04,-2.102734620022720432e-03,9.001604869562616646e-04,-4.457505997785639654e-04,1.943284773014957042e-04,-5.957052109845552149e-04,1.754356475948271347e-03,8.891596803331185518e-04,2.225246568222726635e-04,7.907782185390422333e-04
