nan,nan,nan,nan,nan,nan,nan,nan,nan,nan
-3.237037444539196803e-04,5.551489955889339850e-04,1.775104973770277091e-03,9.786053710855793786e-04,-1.802310253780083863e-04,-1.486207449531309118e-03,6.196677744747387502e-04,-6.379403010655429734e-04,1.987245452564014345e-05,1.563089518463170544e-03
2.037181971513650611e-04,-3.948184271514661755e-05,1.664008243486634199e-04,7.333596814463245496e-04,-3.252346701660551744e-04,8.445284293963600374e-04,8.139398153472538931e-05,2.637284330592126421e-04,-1.155648005202559932e-04,-6.275818742282101084e-04
-2.440693730227207279e-04,1.793331882797334642e-04,-3.656206166636653891e-05,1.368435148158069891e-03,-1.401105857715007888e-03,-1.012238392120334840e-03,3.284002596551091407e-05,-2.581526926433964052e-04,1.119709562659356589e-03,3.131989158046862552e-04
-3.241222381532819080e-02,8.895592673449425475e-03,5.956046904321625479e-02,-6.107777182221362129e-03,-9.296912681143262858e-02,-2.297494413490415999e-01,-1.173975395633874708e-01,-4.980669730117702476e-02,6.686573617410548898e-02,6.980432072962955425e-02
-1.023242856532663724e-04,-1.479248597548185693e-04,-9.992677392823407206e-04,-1.346382967213052189e-03,1.037042615402991542e-03,8.291285669141288620e-04,4.149762391913977056e-04,5.352182203034944793e-05,-4.462078346071707605e-04,-2.103581030391880294e-04
-1.448097405861982663e-02,3.069667744277564808e-02,5.626644841934134306e-02,2.355237500179680268e-02,1.465344668106665360e-01,-1.108134653484016928e-02,4.931548804545777404e-02,-1.168216130750124142e-02,-3.316672216225347025e-02,-4.754003815618593198e-03
-1.335510727308880478e-03,2.939985352055762412e-05,-9.302941317903735030e-05,-1.159596554145974267e-03,-9.718290536243060678e-04,7.289683383934394403e-04,-2.586700674985258270e-04,-1.167131899362202187e-03,5.205799047764965264e-04,7.576832879119813546e-04
-6.694640291836268008e-04,-1.950475806339202077e-04,9.345386158383416422e-04,-8.392531062816034008e-04,-6.320103194955522087e-04,2.570667277426639391e-03,-8.402794013293266332e-04,-5.904646170557672309e-04,-3.515243958051788111e-04,3.651541122058612684e-04
-3.745985253048289532e-04,4.030515440038314574e-05,1.690991989437433873e-03,2.697640378090643317e-05,-1.232730473917798475e-03,-1.267694882781866903e-03,-1.330766261892482680e-03,-4.568921336201525697e-04,1.575181725668042354e-04,-1.085058286445801369e-04
