nan,nan,nan,nan,nan,nan,nan,nan,nan,nan
-5.956535062870046407e-04,1.186419211933289249e-03,1.526867204261614570e-04,4.606350325896257404e-03,3.237730897812601035e-03,4.127387501755236908e-03,2.459556465466583141e-03,3.508525176070085780e-03,2.432380846955013547e-03,-3.436557078391396913e-03
4.546888423809509040e-05,3.580405303830857654e-04,-3.601533480441576547e-06,-1.465089295535289965e-03,-5.990937512754759101e-06,-4.868516948767785180e-04,-2.755606661975048741e-04,4.962457487345966513e-04,3.285725191382013509e-04,-1.858287792882285894e-04
6.768776445013131859e-02,6.448219406604831228e-02,-1.193396302081035920e-02,-6.064351931420050024e-01,-1.688803980152238371e-01,-2.761665399730444670e-01,-2.781314483608856025e-01,-2.418468807349657967e-01,1.071678796277225620e-01,3.334098395354453404e-01
1.528044328874050709e-03,-1.137183817096333850e-05,-1.270474205390677985e-02,-8.916272502644959769e-03,-7.744032746033119481e-03,-1.608898397660581472e-02,-9.979952904586348802e-03,-4.351815100212597966e-03,8.302230196911308292e-04,3.952152603023404223e-03
-3.709460367163579242e-02,-1.694100925413579983e-01,7.554419492233223343e-02,4.629179658234061079e-01,-4.152249822173159632e-03,-1.574345484193012956e-01,2.991821726821877747e-01,7.864874281791506272e-02,-4.099552458342048400e-01,-2.145355209581418718e-02
3.159197442871381628e-02,3.567852437678577932e-02,5.540596999310716531e-02,-3.593327621579207598e-01,-7.363023027356656314e-02,-3.680059120594239008e-01,-1.024312422158706881e-01,-2.000777471404033281e-01,-4.314142899605196563e-02,2.084449080372240692e-01
-2.991183354900754971e-05,-7.953480876641183441e-05,-2.768724441641285468e-04,1.041183024058375947e-03,5.808877273178998326e-05,2.250540166616869808e-04,9.082411118528250235e-04,5.447891851235145991e-05,-3.364795704582758742e-04,2.407475220657334213e-04
-4.662855041964344277e-02,-9.234021689853702530e-02,7.326799548908997928e-02,6.043929123493908540e-01,1.284180133004126090e-01,4.507382193095661460e-01,2.726864668507694156e-01,1.668626706926636949e-01,-8.294535006041105218e-02,-1.353676704545298537e-01
-1.448143682556247785e-04,6.047513561404337101e-04,3.654970339403684418e-03,1.265369534209475396e-03,1.715951444854795643e-03,6.875439727646744624e-04,-2.840559630548156536e-04,2.634287254662730053e-04,1.009587531146097531e-03,-1.348297679905777549e-03
