nan,nan,nan,nan,nan,nan,nan,nan,nan,nan
1.722956659774157551e-04,-1.657097634246181407e-04,-2.211944219827476511e-03,-2.847693000224115747e-04,-1.946056510118061335e-03,9.911898306159678922e-05,-1.023455319442852072e-04,3.629464920543205245e-04,-2.297101447010482301e-04,2.064849183636900502e-04
1.220268398294934720e-01,-2.108616140364911740e-01,-4.674197384311527537e-01,-3.197025167124607492e-01,-4.276486374358321463e-01,-3.339479588256973885e-01,-2.963681586581883853e-01,1.180984479080036675e-01,-2.382160179186663396e-01,5.306451416586724541e-03
1.089246901768091413e-01,-2.303147522363769018e-01,-6.182130627458211070e-01,-2.773123860265019336e-01,-1.453614694181865237e-02,-7.570256060758318029e-02,1.005133890608815028e-01,3.100641202298077409e-02,-1.236901136512109228e-01,2.400499352374438691e-02
-6.980912094890585895e-02,5.234578803777072825e-03,1.477218212650130424e-01,-1.855251502641953321e-01,-6.221493814698363101e-02,-2.326366064136740353e-01,-7.648962016602664504e-02,-1.678608630703397678e-02,8.893119359922709022e-02,-7.677764295382016879e-02
1.638859756167261128e-04,-1.068383547643620779e-03,-2.414850267896658485e-03,-2.886006835254324894e-03,-6.899491145121605272e-05,-1.648795498157346528e-03,-7.729544744004144185e-04,3.038435314226212787e-04,2.587178484037704648e-04,-7.558666802004644246e-05
-5.283935273106144491e-03,2.541120652926757376e-03,1.293823886151355684e-01,1.925722145611235420e-02,-5.451142078858929596e-02,-4.223344667145741832e-02,-8.578929802283433159e-02,4.075306560915013549e-04,2.690521747815725895e-02,-1.427992199849515906e-02
-1.621467860275173020e-02,2.317421624175275072e-02,-5.596150606218252416e-02,-1.736255235207280478e-02,3.114349093026446552e-02,3.282748969530215055e-02,4.320164588311211501e-02,-7.965243091189913582e-03,-2.500623906815275729e-02,1.416960614146318747e-03
2.410740261568228857e-04,-1.393542633215568306e-03,-2.501292537055782236e-03,-4.292715821515241149e-03,-2.642901541744325632e-03,-4.503483634236010898e-03,-3.150948735291422137e-03,2.957805703724415420e-04,-1.666013927984303158e-03,-6.407027043413943915e-04
-1.029955478811981316e-03,1.247026024088175719e-03,-5.252101631957002692e-03,-2.771891868487813201e-03,6.835691118569090820e-03,3.236757287887349639e-03,6.895799317550431462e-03,-1.100562052456676397e-03,-1.787359047905002314e-03,2.070303438729238576e-05
