nan,nan,nan,nan,nan,nan,nan,nan,nan,nan
-8.381340769537477722e-04,-1.848443375074093435e-04,2.780995866037907702e-03,2.113279564682156528e-03,-1.774952212273560054e-03,1.831450750747801691e-04,6.908861821195458287e-04,-9.276613470478512662e-04,6.632928372715877867e-04,4.737350613333656630e-04
1.052925289318555613e-01,4.487250227818685385e-04,-3.056550273021665931e-01,-2.889197584950304321e-01,-4.827524589710032177e-01,-7.451619706500345330e-02,-2.696046499532259166e-01,1.375174618668139892e-01,-6.305752835211808627e-02,-1.972547316683682661e-01
4.218119953085152501e-02,1.802594651457766969e-02,-3.542723965757092475e-01,-3.625760595612240733e-01,-3.774001920656593900e-01,-7.984677147279785336e-02,-2.372228743724567601e-01,5.721245102426626705e-02,1.705092913424124251e-02,1.447281332485598863e-03
1.532505392988443155e-02,2.272325226003560003e-02,-1.497046234244957252e-01,-5.319474935733045085e-01,-3.229755273062762111e-01,-3.013853335729735905e-01,-2.676411660709654416e-01,5.802051773225597869e-02,7.864123047489658680e-04,-2.417424299671378229e-01
-5.918079907949218114e-03,2.070314582098958800e-02,-1.800247389480542359e-01,-3.398212407496114529e-01,1.235593429951680755e-01,-1.078280630308390969e-01,-9.999915159049189983e-02,1.093210394876168584e-02,3.407561056725602611e-02,2.486623396905629502e-02
6.768623348047407562e-02,1.256193343642974386e-02,-3.040379595696784398e-01,-6.241723190943798683e-01,-2.365276334258344382e-01,-1.471784274048396068e-01,-2.067243587730195897e-01,1.242850679510426742e-01,-4.197718630095833431e-02,-2.729146261125784401e-01
-8.642940676622806609e-04,-1.613496754817530545e-06,-7.917969239196246106e-04,-6.546851933798737569e-04,-4.387079107054422077e-03,-1.531498726772576534e-04,-2.665938998833504263e-03,-7.801072578317940452e-04,5.854199286635280758e-05,4.327920602657857828e-04
-4.260505763380741107e-02,2.227037984921839339e-02,-1.227762326329699949e-01,-1.287231406832750613e-01,-6.943278755891232890e-02,-3.434386946677438213e-02,-1.671271846227759816e-01,-3.407577064427808750e-02,-5.792858110359542373e-02,3.099362400841682713e-02
3.821967747727513052e-03,6.595009820280568931e-03,-4.440730603270590104e-02,-7.979040487608925203e-02,-2.986005927703953497e-02,-4.010909941732954814e-02,-5.265502954352763859e-02,8.462382301903350473e-03,-1.654262616521138402e-02,-3.868866934106093836e-02
