nan,nan,nan,nan,nan,nan,nan,nan,nan,nan
0.000000000000000000e+00,0.000000000000000000e+00,-0.000000000000000000e+00,0.000000000000000000e+00,-2.142701774814294158e-17,0.000000000000000000e+00,0.000000000000000000e+00,0.000000000000000000e+00,0.000000000000000000e+00,-0.000000000000000000e+00
0.000000000000000000e+00,0.000000000000000000e+00,-0.000000000000000000e+00,-0.000000000000000000e+00,-3.737946213044281429e-01,-0.000000000000000000e+00,-0.000000000000000000e+00,0.000000000000000000e+00,-0.000000000000000000e+00,-6.899782366900298891e-01
-0.000000000000000000e+00,-0.000000000000000000e+00,-1.024484611982072080e+00,-7.345427572992670184e-02,-0.000000000000000000e+00,0.000000000000000000e+00,-7.665182197397898411e-01,0.000000000000000000e+00,-2.660210584072040696e+00,-1.841070493916097672e-01
0.000000000000000000e+00,-0.000000000000000000e+00,0.000000000000000000e+00,-9.210951450793346540e-01,-4.634943596999506199e-01,-0.000000000000000000e+00,-0.000000000000000000e+00,-0.000000000000000000e+00,0.000000000000000000e+00,-0.000000000000000000e+00
-0.000000000000000000e+00,-7.545752534206827677e-01,-7.872070665944950196e-01,-9.149069129670424072e-01,1.031074568758048704e+00,0.000000000000000000e+00,-1.321383838503612296e+00,0.000000000000000000e+00,-1.945595369713437828e+00,3.782168935756973771e-01
0.000000000000000000e+00,-0.000000000000000000e+00,-0.000000000000000000e+00,-0.000000000000000000e+00,-0.000000000000000000e+00,0.000000000000000000e+00,-0.000000000000000000e+00,0.000000000000000000e+00,-0.000000000000000000e+00,-0.000000000000000000e+00
-0.000000000000000000e+00,-8.519200823416929191e-01,-3.316599712054165927e+00,3.722941856758782975e-01,1.480798037120101496e+00,0.000000000000000000e+00,-0.000000000000000000e+00,0.000000000000000000e+00,0.000000000000000000e+00,-3.624977850320743600e-01
0.000000000000000000e+00,-0.000000000000000000e+00,-0.000000000000000000e+00,-0.000000000000000000e+00,-0.000000000000000000e+00,0.000000000000000000e+00,-0.000000000000000000e+00,0.000000000000000000e+00,-0.000000000000000000e+00,-0.000000000000000000e+00
0.000000000000000000e+00,0.000000000000000000e+00,0.000000000000000000e+00,-6.611929682323209878e-01,-0.000000000000000000e+00,-0.000000000000000000e+00,0.000000000000000000e+00,0.000000000000000000e+00,-0.000000000000000000e+00,-5.789608669135245522e-01
