nan,nan,nan,nan,nan,nan,nan,nan,nan,nan
0.000000000000000000e+00,-0.000000000000000000e+00,-0.000000000000000000e+00,-0.000000000000000000e+00,-0.000000000000000000e+00,0.000000000000000000e+00,-0.000000000000000000e+00,-0.000000000000000000e+00,-0.000000000000000000e+00,-3.798583690753949510e-17
0.000000000000000000e+00,0.000000000000000000e+00,-0.000000000000000000e+00,-5.358448927815093743e-01,-0.000000000000000000e+00,0.000000000000000000e+00,-0.000000000000000000e+00,0.000000000000000000e+00,-0.000000000000000000e+00,-4.608757408942599221e-01
0.000000000000000000e+00,0.000000000000000000e+00,-0.000000000000000000e+00,-2.970377047954460559e-01,-5.471986866760549656e-02,0.000000000000000000e+00,-0.000000000000000000e+00,0.000000000000000000e+00,-0.000000000000000000e+00,-6.667925793991573702e-01
0.000000000000000000e+00,0.000000000000000000e+00,-0.000000000000000000e+00,-1.572493392357183009e-02,-0.000000000000000000e+00,0.000000000000000000e+00,-0.000000000000000000e+00,0.000000000000000000e+00,-0.000000000000000000e+00,-9.521463348493747203e-01
0.000000000000000000e+00,-0.000000000000000000e+00,-1.140609624394629262e-01,3.377438234887272239e-01,-2.568935913061053955e-01,0.000000000000000000e+00,-0.000000000000000000e+00,0.000000000000000000e+00,-0.000000000000000000e+00,-0.000000000000000000e+00
0.000000000000000000e+00,0.000000000000000000e+00,0.000000000000000000e+00,-0.000000000000000000e+00,-3.612509655015057608e-01,0.000000000000000000e+00,-9.349875893091540435e-01,0.000000000000000000e+00,3.253128156255775116e-01,0.000000000000000000e+00
-0.000000000000000000e+00,-0.000000000000000000e+00,0.000000000000000000e+00,0.000000000000000000e+00,0.000000000000000000e+00,0.000000000000000000e+00,0.000000000000000000e+00,-0.000000000000000000e+00,0.000000000000000000e+00,0.000000000000000000e+00
-0.000000000000000000e+00,0.000000000000000000e+00,1.460875945195141412e+00,-1.146834532335655021e+00,-1.056385398778164342e-01,0.000000000000000000e+00,7.256904176218820224e-01,-8.701824700904240428e-01,-2.078658524175355016e+00,5.272932815768741621e-01
0.000000000000000000e+00,0.000000000000000000e+00,-0.000000000000000000e+00,-6.414494664599298401e-01,-3.169526037348795455e-01,0.000000000000000000e+00,-0.000000000000000000e+00,0.000000000000000000e+00,-0.000000000000000000e+00,-7.181511834799833571e-02
