nan,nan,nan,nan,nan,nan,nan,nan,nan,nan
7.569305237180057322e-01,-1.834081859644337564e+00,-1.716673623506331237e-01,0.000000000000000000e+00,-0.000000000000000000e+00,0.000000000000000000e+00,-7.514296935450323067e-01,0.000000000000000000e+00,-0.000000000000000000e+00,0.000000000000000000e+00
0.000000000000000000e+00,0.000000000000000000e+00,-1.079766672694949525e+00,-0.000000000000000000e+00,-0.000000000000000000e+00,-3.127122510139228151e+00,0.000000000000000000e+00,0.000000000000000000e+00,-9.707477429207850284e-02,0.000000000000000000e+00
0.000000000000000000e+00,-0.000000000000000000e+00,-0.000000000000000000e+00,-0.000000000000000000e+00,-0.000000000000000000e+00,-0.000000000000000000e+00,-0.000000000000000000e+00,0.000000000000000000e+00,-0.000000000000000000e+00,-0.000000000000000000e+00
-0.000000000000000000e+00,-0.000000000000000000e+00,0.000000000000000000e+00,0.000000000000000000e+00,0.000000000000000000e+00,0.000000000000000000e+00,1.180139469167455311e-16,-0.000000000000000000e+00,0.000000000000000000e+00,-0.000000000000000000e+00
0.000000000000000000e+00,-4.297257726733463845e-01,-0.000000000000000000e+00,0.000000000000000000e+00,0.000000000000000000e+00,-0.000000000000000000e+00,0.000000000000000000e+00,0.000000000000000000e+00,-0.000000000000000000e+00,-0.000000000000000000e+00
-5.198509595038280917e-01,1.452629506408184890e+00,0.000000000000000000e+00,-3.004439181605408904e-01,0.000000000000000000e+00,0.000000000000000000e+00,-1.375038657299010092e+00,-1.451525679984150968e-02,1.528084492558364538e+00,0.000000000000000000e+00
0.000000000000000000e+00,0.000000000000000000e+00,-1.386426522874907030e-01,-0.000000000000000000e+00,0.000000000000000000e+00,0.000000000000000000e+00,1.085549321772855125e-01,-0.000000000000000000e+00,-2.323985325135474067e+00,0.000000000000000000e+00
0.000000000000000000e+00,-1.927211499111130544e-01,-0.000000000000000000e+00,-0.000000000000000000e+00,-0.000000000000000000e+00,-9.781166757000332446e-01,-5.743802854694101123e-01,0.000000000000000000e+00,-0.000000000000000000e+00,0.000000000000000000e+00
-0.000000000000000000e+00,0.000000000000000000e+00,0.000000000000000000e+00,0.000000000000000000e+00,0.000000000000000000e+00,2.409690206831133497e-01,0.000000000000000000e+00,-0.000000000000000000e+00,1.275877605784615065e+00,0.000000000000000000e+00
