nan,nan,nan,nan,nan,nan,nan,nan,nan,nan
0.000000000000000000e+00,0.000000000000000000e+00,0.000000000000000000e+00,0.000000000000000000e+00,-0.000000000000000000e+00,0.000000000000000000e+00,-0.000000000000000000e+00,-0.000000000000000000e+00,-0.000000000000000000e+00,0.000000000000000000e+00
0.000000000000000000e+00,-1.203726379278013264e-02,1.628567965096393344e+00,-1.117804457746049973e+00,1.829436871934982944e+00,-9.538151280103754903e-01,-2.177660463029641724e-01,9.567610316832256601e+00,0.000000000000000000e+00,-1.999720666675739889e+00
0.000000000000000000e+00,0.000000000000000000e+00,0.000000000000000000e+00,1.853022475535605285e+00,0.000000000000000000e+00,0.000000000000000000e+00,7.826156079664928766e-01,-0.000000000000000000e+00,-0.000000000000000000e+00,0.000000000000000000e+00
-0.000000000000000000e+00,0.000000000000000000e+00,-0.000000000000000000e+00,-0.000000000000000000e+00,-0.000000000000000000e+00,-1.086149021295094506e-16,-0.000000000000000000e+00,-0.000000000000000000e+00,-0.000000000000000000e+00,-0.000000000000000000e+00
-0.000000000000000000e+00,-0.000000000000000000e+00,0.000000000000000000e+00,-0.000000000000000000e+00,-0.000000000000000000e+00,0.000000000000000000e+00,-6.348978362529336672e-02,-0.000000000000000000e+00,-0.000000000000000000e+00,-0.000000000000000000e+00
0.000000000000000000e+00,4.717008528158413760e+00,1.294879326854474710e+00,0.000000000000000000e+00,0.000000000000000000e+00,1.654654470192197468e+00,-3.182954615791984132e+00,0.000000000000000000e+00,-2.688934837872280159e+00,0.000000000000000000e+00
-0.000000000000000000e+00,0.000000000000000000e+00,-0.000000000000000000e+00,-0.000000000000000000e+00,0.000000000000000000e+00,0.000000000000000000e+00,0.000000000000000000e+00,-0.000000000000000000e+00,-0.000000000000000000e+00,-0.000000000000000000e+00
-0.000000000000000000e+00,0.000000000000000000e+00,0.000000000000000000e+00,-0.000000000000000000e+00,0.000000000000000000e+00,1.086149021295094506e-16,0.000000000000000000e+00,-0.000000000000000000e+00,-0.000000000000000000e+00,-0.000000000000000000e+00
-0.000000000000000000e+00,0.000000000000000000e+00,0.000000000000000000e+00,-0.000000000000000000e+00,0.000000000000000000e+00,0.000000000000000000e+00,1.712422411566946549e-16,-0.000000000000000000e+00,0.000000000000000000e+00,-0.000000000000000000e+00
