nan,nan,nan,nan,nan,nan,nan,nan,nan,nan
0.000000000000000000e+00,-0.000000000000000000e+00,-0.000000000000000000e+00,-0.000000000000000000e+00,-0.000000000000000000e+00,-0.000000000000000000e+00,-0.000000000000000000e+00,-0.000000000000000000e+00,-0.000000000000000000e+00,0.000000000000000000e+00
0.000000000000000000e+00,0.000000000000000000e+00,-1.376556291926157360e+00,-0.000000000000000000e+00,-0.000000000000000000e+00,-0.000000000000000000e+00,-0.000000000000000000e+00,-0.000000000000000000e+00,0.000000000000000000e+00,-0.000000000000000000e+00
0.000000000000000000e+00,-0.000000000000000000e+00,-0.000000000000000000e+00,-8.736564666140678170e-01,-0.000000000000000000e+00,-0.000000000000000000e+00,-0.000000000000000000e+00,-1.035447406837734508e-01,-0.000000000000000000e+00,0.000000000000000000e+00
0.000000000000000000e+00,0.000000000000000000e+00,2.579665798838007285e-01,2.632613154705336633e-01,0.000000000000000000e+00,-6.160533575299009801e-01,1.673203327408496477e-01,-5.937205973884094323e-01,-0.000000000000000000e+00,0.000000000000000000e+00
-0.000000000000000000e+00,-2.703274432061187227e+00,2.342329792930703647e+00,-2.233947840125050543e+00,-1.044500761362434638e+00,-0.000000000000000000e+00,0.000000000000000000e+00,1.445025034793732122e-01,-4.741284416041793293e-01,-1.668864563171162496e+00
0.000000000000000000e+00,0.000000000000000000e+00,0.000000000000000000e+00,0.000000000000000000e+00,-1.715169349298432566e+00,-0.000000000000000000e+00,-1.335956101403647400e+00,2.526562964576369724e-02,0.000000000000000000e+00,0.000000000000000000e+00
0.000000000000000000e+00,-0.000000000000000000e+00,-2.063887847059621972e-01,-5.249793881384002825e-01,1.649588429922936195e+00,0.000000000000000000e+00,0.000000000000000000e+00,-4.840333353334159150e-01,-1.243177965794708850e+00,-0.000000000000000000e+00
0.000000000000000000e+00,-0.000000000000000000e+00,-0.000000000000000000e+00,0.000000000000000000e+00,0.000000000000000000e+00,0.000000000000000000e+00,0.000000000000000000e+00,-0.000000000000000000e+00,-0.000000000000000000e+00,-0.000000000000000000e+00
0.000000000000000000e+00,0.000000000000000000e+00,-5.005565125627711165e-01,-0.000000000000000000e+00,0.000000000000000000e+00,0.000000000000000000e+00,-0.000000000000000000e+00,-0.000000000000000000e+00,0.000000000000000000e+00,-0.000000000000000000e+00
