nan,nan,nan,nan,nan,nan,nan,nan,nan,nan
0.000000000000000000e+00,0.000000000000000000e+00,-7.393873846801681804e-01,-0.000000000000000000e+00,0.000000000000000000e+00,4.910125961265894845e-01,0.000000000000000000e+00,0.000000000000000000e+00,5.349821101155850522e-01,-0.000000000000000000e+00
-0.000000000000000000e+00,0.000000000000000000e+00,-2.116358642345991026e+00,0.000000000000000000e+00,-1.725574702560896817e-02,-1.398057866242421232e+00,0.000000000000000000e+00,4.084887431470930474e-01,-0.000000000000000000e+00,-1.444110461895423470e+00
0.000000000000000000e+00,0.000000000000000000e+00,0.000000000000000000e+00,-2.097861869824147463e-01,-0.000000000000000000e+00,-8.245347830141878942e-02,-0.000000000000000000e+00,3.122060170882585695e-01,-0.000000000000000000e+00,3.843440183218803874e+00
4.604023386845667254e+00,-0.000000000000000000e+00,1.719908362405506264e+00,-4.864272310405276301e+00,0.000000000000000000e+00,4.217972789593875227e+00,-5.236194289950550917e+00,2.845867833436865002e+00,-1.226834044215682873e+01,-5.669353815810444175e+00
-0.000000000000000000e+00,-0.000000000000000000e+00,2.964001703926680831e-01,1.596317422389845475e-01,0.000000000000000000e+00,-0.000000000000000000e+00,0.000000000000000000e+00,0.000000000000000000e+00,-0.000000000000000000e+00,-0.000000000000000000e+00
0.000000000000000000e+00,0.000000000000000000e+00,-0.000000000000000000e+00,-9.944825632119298486e-01,-0.000000000000000000e+00,-8.585971109975304438e-01,-0.000000000000000000e+00,0.000000000000000000e+00,-0.000000000000000000e+00,0.000000000000000000e+00
0.000000000000000000e+00,-0.000000000000000000e+00,-7.142739530064824427e-01,-0.000000000000000000e+00,-0.000000000000000000e+00,-0.000000000000000000e+00,-0.000000000000000000e+00,-0.000000000000000000e+00,-0.000000000000000000e+00,0.000000000000000000e+00
-0.000000000000000000e+00,-0.000000000000000000e+00,-0.000000000000000000e+00,0.000000000000000000e+00,0.000000000000000000e+00,0.000000000000000000e+00,0.000000000000000000e+00,-0.000000000000000000e+00,0.000000000000000000e+00,-0.000000000000000000e+00
0.000000000000000000e+00,-0.000000000000000000e+00,-0.000000000000000000e+00,-0.000000000000000000e+00,-0.000000000000000000e+00,-0.000000000000000000e+00,-0.000000000000000000e+00,-6.983076612461461830e-01,-0.000000000000000000e+00,-0.000000000000000000e+00
