nan,nan,nan,nan,nan,nan,nan,nan,nan,nan
-0.000000000000000000e+00,-0.000000000000000000e+00,-0.000000000000000000e+00,-0.000000000000000000e+00,-0.000000000000000000e+00,-0.000000000000000000e+00,0.000000000000000000e+00,-0.000000000000000000e+00,0.000000000000000000e+00,2.603940021849023179e+00
0.000000000000000000e+00,5.916202393289897721e+00,2.942419447404312383e+00,-1.245539775524927784e+01,-2.122675501584321278e+00,8.482323226940982508e+00,2.548380811935394341e+00,-7.957347197941909700e-01,2.566415389853206008e+01,-8.651441437255437350e+00
0.000000000000000000e+00,-0.000000000000000000e+00,-0.000000000000000000e+00,0.000000000000000000e+00,-0.000000000000000000e+00,0.000000000000000000e+00,0.000000000000000000e+00,0.000000000000000000e+00,0.000000000000000000e+00,7.961881240406116778e-01
-0.000000000000000000e+00,-0.000000000000000000e+00,4.108999984747871194e-16,-0.000000000000000000e+00,-0.000000000000000000e+00,-0.000000000000000000e+00,-0.000000000000000000e+00,-0.000000000000000000e+00,-0.000000000000000000e+00,-0.000000000000000000e+00
0.000000000000000000e+00,0.000000000000000000e+00,0.000000000000000000e+00,-0.000000000000000000e+00,1.615603023878431799e+00,3.575360110684324688e+00,-8.246109278955161770e+00,1.229261181186293506e+01,-1.574116140542283482e+01,7.600204052640568086e+00
0.000000000000000000e+00,0.000000000000000000e+00,0.000000000000000000e+00,0.000000000000000000e+00,-0.000000000000000000e+00,0.000000000000000000e+00,-0.000000000000000000e+00,-0.000000000000000000e+00,-0.000000000000000000e+00,-0.000000000000000000e+00
-0.000000000000000000e+00,-0.000000000000000000e+00,0.000000000000000000e+00,-0.000000000000000000e+00,0.000000000000000000e+00,-0.000000000000000000e+00,0.000000000000000000e+00,0.000000000000000000e+00,-0.000000000000000000e+00,-0.000000000000000000e+00
0.000000000000000000e+00,-1.394328660228882910e+01,3.041376930164705339e+00,3.360921418037204234e+01,5.077720181020557000e+00,8.898956870984159551e+00,-4.386157124868510948e+00,6.187304039190951954e+00,2.219315512546789826e+00,-4.094318843054409740e+00
-0.000000000000000000e+00,-4.539878239702171329e-16,0.000000000000000000e+00,-0.000000000000000000e+00,0.000000000000000000e+00,-0.000000000000000000e+00,0.000000000000000000e+00,0.000000000000000000e+00,0.000000000000000000e+00,0.000000000000000000e+00
