nan,nan,nan,nan,nan,nan,nan,nan,nan,nan
0.000000000000000000e+00,0.000000000000000000e+00,-9.873366638778826587e-01,1.138283352969353901e+00,-0.000000000000000000e+00,-0.000000000000000000e+00,-0.000000000000000000e+00,0.000000000000000000e+00,0.000000000000000000e+00,0.000000000000000000e+00
0.000000000000000000e+00,-0.000000000000000000e+00,-0.000000000000000000e+00,-1.590502235566461364e-01,-1.423777219269775074e+00,-1.980555278961766197e+00,-1.277834264077091497e-01,6.544340662616734416e-01,-2.512758833854164209e+00,0.000000000000000000e+00
0.000000000000000000e+00,-0.000000000000000000e+00,-9.567414559374965988e-01,-1.455932744322272487e+00,0.000000000000000000e+00,-0.000000000000000000e+00,-0.000000000000000000e+00,0.000000000000000000e+00,-0.000000000000000000e+00,-0.000000000000000000e+00
-0.000000000000000000e+00,0.000000000000000000e+00,1.764389810594382491e+00,-2.483542321018468169e+00,-2.480867904315848360e+00,-1.006212407408032528e+00,8.057039386988291696e-01,-0.000000000000000000e+00,-3.112848905790780663e+00,0.000000000000000000e+00
0.000000000000000000e+00,-0.000000000000000000e+00,-4.426619066949001313e-01,-1.159145802004295733e+00,1.634422344413387185e+00,-0.000000000000000000e+00,0.000000000000000000e+00,0.000000000000000000e+00,-0.000000000000000000e+00,-1.543163554946118121e-01
0.000000000000000000e+00,0.000000000000000000e+00,-0.000000000000000000e+00,-3.130121217746566042e+00,-0.000000000000000000e+00,-0.000000000000000000e+00,-0.000000000000000000e+00,0.000000000000000000e+00,0.000000000000000000e+00,-0.000000000000000000e+00
-0.000000000000000000e+00,-0.000000000000000000e+00,0.000000000000000000e+00,0.000000000000000000e+00,-7.895595979266790687e-01,0.000000000000000000e+00,-0.000000000000000000e+00,-0.000000000000000000e+00,0.000000000000000000e+00,0.000000000000000000e+00
0.000000000000000000e+00,0.000000000000000000e+00,-0.000000000000000000e+00,-0.000000000000000000e+00,-0.000000000000000000e+00,-0.000000000000000000e+00,-0.000000000000000000e+00,0.000000000000000000e+00,-0.000000000000000000e+00,-0.000000000000000000e+00
0.000000000000000000e+00,-0.000000000000000000e+00,-0.000000000000000000e+00,-0.000000000000000000e+00,-2.436891201128441320e-01,-1.348816755961226299e+00,-0.000000000000000000e+00,0.000000000000000000e+00,-0.000000000000000000e+00,-5.523250273149772349e-01
