nan,nan,nan,nan,nan,nan,nan,nan,nan,nan
0.000000000000000000e+00,-0.000000000000000000e+00,-0.000000000000000000e+00,0.000000000000000000e+00,-1.454783499340256649e-16,-0.000000000000000000e+00,-0.000000000000000000e+00,0.000000000000000000e+00,0.000000000000000000e+00,0.000000000000000000e+00
-0.000000000000000000e+00,5.759113348315754166e-01,-1.076567071632859696e+00,-0.000000000000000000e+00,-0.000000000000000000e+00,-2.637564554653208937e+00,7.490764689273327059e-01,3.945395883743412768e-01,-8.700621399647143761e-01,-0.000000000000000000e+00
-0.000000000000000000e+00,-2.346831640095565774e-01,-2.904983992604982523e-01,-2.633225258366506116e-01,-0.000000000000000000e+00,-7.649394952441742612e-01,0.000000000000000000e+00,2.357606193480310253e-01,-3.243393250705475683e+00,-0.000000000000000000e+00
0.000000000000000000e+00,-0.000000000000000000e+00,-0.000000000000000000e+00,-0.000000000000000000e+00,-0.000000000000000000e+00,-0.000000000000000000e+00,-0.000000000000000000e+00,-0.000000000000000000e+00,-0.000000000000000000e+00,-0.000000000000000000e+00
0.000000000000000000e+00,-0.000000000000000000e+00,0.000000000000000000e+00,0.000000000000000000e+00,-0.000000000000000000e+00,-0.000000000000000000e+00,-3.019391762116952482e-01,0.000000000000000000e+00,0.000000000000000000e+00,-0.000000000000000000e+00
-0.000000000000000000e+00,0.000000000000000000e+00,2.185432268150540924e+00,-0.000000000000000000e+00,0.000000000000000000e+00,-0.000000000000000000e+00,-5.562791110256859461e-01,-0.000000000000000000e+00,-1.008151442648427709e+00,-0.000000000000000000e+00
-0.000000000000000000e+00,-0.000000000000000000e+00,-7.065497456399488785e-01,-1.313530488367308680e+00,-0.000000000000000000e+00,5.900392534981239168e-01,-0.000000000000000000e+00,-0.000000000000000000e+00,-6.900056457976069257e-01,-0.000000000000000000e+00
0.000000000000000000e+00,-0.000000000000000000e+00,-4.467632332601663148e-01,-0.000000000000000000e+00,-0.000000000000000000e+00,-4.262788607886259795e-01,-0.000000000000000000e+00,0.000000000000000000e+00,-0.000000000000000000e+00,-0.000000000000000000e+00
0.000000000000000000e+00,-0.000000000000000000e+00,-0.000000000000000000e+00,-0.000000000000000000e+00,-0.000000000000000000e+00,-0.000000000000000000e+00,-0.000000000000000000e+00,0.000000000000000000e+00,-0.000000000000000000e+00,-0.000000000000000000e+00
