nan,nan,nan,nan,nan,nan,nan,nan,nan,nan
-2.443673607861529096e+00,-9.018931773501092763e+00,3.246733334352847611e-01,-0.000000000000000000e+00,-0.000000000000000000e+00,0.000000000000000000e+00,-6.387450007911062322e+00,-4.325481096248426027e+00,-3.874321561739029640e+00,-3.751973126962442340e+00
0.000000000000000000e+00,-0.000000000000000000e+00,-1.553931189930421120e+00,-0.000000000000000000e+00,0.000000000000000000e+00,0.000000000000000000e+00,-2.172381435607567912e+00,-1.672708579475139734e+00,0.000000000000000000e+00,-1.342304426496935932e+00
0.000000000000000000e+00,0.000000000000000000e+00,0.000000000000000000e+00,0.000000000000000000e+00,0.000000000000000000e+00,-0.000000000000000000e+00,0.000000000000000000e+00,-0.000000000000000000e+00,0.000000000000000000e+00,-0.000000000000000000e+00
-0.000000000000000000e+00,-0.000000000000000000e+00,0.000000000000000000e+00,-0.000000000000000000e+00,-0.000000000000000000e+00,-0.000000000000000000e+00,0.000000000000000000e+00,0.000000000000000000e+00,0.000000000000000000e+00,0.000000000000000000e+00
4.852894266945102508e+00,1.138264250931711574e+00,2.625022979783851351e+00,-0.000000000000000000e+00,8.437877600960885793e-01,0.000000000000000000e+00,-3.352275215273124775e+00,9.856788062461659949e-01,-3.598487302519872699e+00,4.889527166574650252e+00
0.000000000000000000e+00,0.000000000000000000e+00,0.000000000000000000e+00,0.000000000000000000e+00,0.000000000000000000e+00,-0.000000000000000000e+00,0.000000000000000000e+00,-0.000000000000000000e+00,0.000000000000000000e+00,-4.457677615679064287e-01
0.000000000000000000e+00,-3.678307803276812837e+00,-0.000000000000000000e+00,-0.000000000000000000e+00,0.000000000000000000e+00,0.000000000000000000e+00,-0.000000000000000000e+00,-2.957389472049178902e+00,-0.000000000000000000e+00,-2.192340543840900935e+00
-0.000000000000000000e+00,0.000000000000000000e+00,0.000000000000000000e+00,-0.000000000000000000e+00,-0.000000000000000000e+00,-0.000000000000000000e+00,-0.000000000000000000e+00,0.000000000000000000e+00,-0.000000000000000000e+00,-0.000000000000000000e+00
-0.000000000000000000e+00,0.000000000000000000e+00,6.185277253629077976e-16,0.000000000000000000e+00,-0.000000000000000000e+00,-0.000000000000000000e+00,0.000000000000000000e+00,0.000000000000000000e+00,0.000000000000000000e+00,-0.000000000000000000e+00
