nan,nan,nan,nan,nan,nan,nan,nan,nan,nan
-0.000000000000000000e+00,-1.930129039400538371e+00,-7.175094977163776200e-01,-1.178890496461424686e-01,4.615163961226930733e-01,-1.119117466986307763e+00,2.838257305647013951e-01,0.000000000000000000e+00,-5.781581975126152129e-01,1.044236642863672015e+00
0.000000000000000000e+00,-0.000000000000000000e+00,-0.000000000000000000e+00,-0.000000000000000000e+00,-0.000000000000000000e+00,-0.000000000000000000e+00,-0.000000000000000000e+00,-0.000000000000000000e+00,-0.000000000000000000e+00,0.000000000000000000e+00
2.663110711007867781e+00,-0.000000000000000000e+00,-0.000000000000000000e+00,-1.923435393541451210e+00,-2.097993371820473518e-01,-7.531442466795222890e-01,0.000000000000000000e+00,0.000000000000000000e+00,-0.000000000000000000e+00,0.000000000000000000e+00
-0.000000000000000000e+00,-0.000000000000000000e+00,0.000000000000000000e+00,-2.096831223500088548e-01,0.000000000000000000e+00,-0.000000000000000000e+00,-0.000000000000000000e+00,0.000000000000000000e+00,0.000000000000000000e+00,0.000000000000000000e+00
0.000000000000000000e+00,0.000000000000000000e+00,0.000000000000000000e+00,0.000000000000000000e+00,0.000000000000000000e+00,-0.000000000000000000e+00,0.000000000000000000e+00,0.000000000000000000e+00,-0.000000000000000000e+00,-0.000000000000000000e+00
0.000000000000000000e+00,-0.000000000000000000e+00,0.000000000000000000e+00,-6.021894152360661723e-01,0.000000000000000000e+00,-7.465702953997580549e-01,-0.000000000000000000e+00,0.000000000000000000e+00,0.000000000000000000e+00,0.000000000000000000e+00
0.000000000000000000e+00,-0.000000000000000000e+00,-0.000000000000000000e+00,-0.000000000000000000e+00,-0.000000000000000000e+00,-0.000000000000000000e+00,-0.000000000000000000e+00,-0.000000000000000000e+00,-0.000000000000000000e+00,0.000000000000000000e+00
-6.803927302896323859e+00,1.497860201074366460e+00,0.000000000000000000e+00,1.225797252107603486e+00,5.310162754911224026e-01,0.000000000000000000e+00,-0.000000000000000000e+00,-1.494844013895106016e+00,-4.558203991553929413e+00,-2.251888989952424591e+00
-0.000000000000000000e+00,0.000000000000000000e+00,-0.000000000000000000e+00,1.197388794397727524e-01,0.000000000000000000e+00,0.000000000000000000e+00,-0.000000000000000000e+00,-0.000000000000000000e+00,0.000000000000000000e+00,-0.000000000000000000e+00
