nan,nan,nan,nan,nan,nan,nan,nan,nan,nan
-0.000000000000000000e+00,0.000000000000000000e+00,4.942211444431497402e-01,-5.758386744316748018e-01,7.258453159370261698e-01,-1.689337883280189745e+00,2.722311802487058507e-01,-1.813596726906318457e+00,-1.530403699629783176e+00,1.412093439755285562e+00
0.000000000000000000e+00,0.000000000000000000e+00,-3.942016137012604449e-01,-1.010253421066846791e+00,-0.000000000000000000e+00,-0.000000000000000000e+00,-6.394165748210130229e-02,0.000000000000000000e+00,0.000000000000000000e+00,-0.000000000000000000e+00
0.000000000000000000e+00,0.000000000000000000e+00,-4.801742605927828422e-01,-6.243738680687686005e-01,0.000000000000000000e+00,-4.798861312813517688e-01,-2.400503302155480578e-01,0.000000000000000000e+00,-5.515805050674743581e-01,0.000000000000000000e+00
0.000000000000000000e+00,0.000000000000000000e+00,-7.429847259593622688e-01,-1.593959107685353760e-01,-0.000000000000000000e+00,-1.417329330594540249e+00,-0.000000000000000000e+00,0.000000000000000000e+00,-3.373483132956376362e-01,-0.000000000000000000e+00
-0.000000000000000000e+00,-0.000000000000000000e+00,-2.030384260159043275e-01,-3.841472487879184217e-02,-4.445049516978861193e-01,0.000000000000000000e+00,-4.232018815846372295e-02,3.585207625765099992e-01,0.000000000000000000e+00,-0.000000000000000000e+00
0.000000000000000000e+00,0.000000000000000000e+00,-1.398706841797839884e+00,-0.000000000000000000e+00,-1.998292868547310863e-01,-0.000000000000000000e+00,-0.000000000000000000e+00,0.000000000000000000e+00,-0.000000000000000000e+00,-0.000000000000000000e+00
-0.000000000000000000e+00,-0.000000000000000000e+00,-0.000000000000000000e+00,-0.000000000000000000e+00,-0.000000000000000000e+00,-0.000000000000000000e+00,-0.000000000000000000e+00,0.000000000000000000e+00,-0.000000000000000000e+00,-0.000000000000000000e+00
-2.754947910458343419e+00,-0.000000000000000000e+00,0.000000000000000000e+00,-1.595249127370591102e+00,6.648237722350182066e-01,1.276315752620302391e+00,3.192701856181562881e-01,-9.707592410914638315e-01,-1.478964116345133917e+00,-0.000000000000000000e+00
0.000000000000000000e+00,-0.000000000000000000e+00,-3.788697833891506439e-02,-1.633931833984013648e-01,0.000000000000000000e+00,5.936337240965577217e-02,-9.501368197664445958e-01,1.474531859497975050e+00,3.517339405984278855e-01,-0.000000000000000000e+00
