nan,nan,nan,nan,nan,nan,nan,nan,nan,nan
-0.000000000000000000e+00,0.000000000000000000e+00,0.000000000000000000e+00,0.000000000000000000e+00,0.000000000000000000e+00,-0.000000000000000000e+00,0.000000000000000000e+00,-0.000000000000000000e+00,-0.000000000000000000e+00,-0.000000000000000000e+00
-0.000000000000000000e+00,6.189924637472460356e-01,4.403903954818667366e+00,-3.602945091834750091e+00,5.256489109765457579e-01,3.668021491158862002e+00,1.187487347640073132e+00,1.517589297980653917e+01,2.772506062801704640e+00,-1.430930994234825393e+00
0.000000000000000000e+00,0.000000000000000000e+00,0.000000000000000000e+00,4.336666934185618735e-16,-0.000000000000000000e+00,0.000000000000000000e+00,0.000000000000000000e+00,0.000000000000000000e+00,0.000000000000000000e+00,0.000000000000000000e+00
0.000000000000000000e+00,-1.568291155734300446e+01,-3.612498834846957635e-02,5.157370834283891980e+00,-9.180133936176991805e-01,-6.853761170718297713e+00,-6.732201783019667318e-02,-8.066641247445717866e+00,-5.161168968315716477e+00,3.924070655516060380e-01
-0.000000000000000000e+00,-0.000000000000000000e+00,-2.124733924488330761e+00,-1.486115716164457590e+00,5.128247701626701405e-01,0.000000000000000000e+00,-0.000000000000000000e+00,0.000000000000000000e+00,0.000000000000000000e+00,1.090306454573914063e+00
0.000000000000000000e+00,-0.000000000000000000e+00,-0.000000000000000000e+00,-1.445555644728539414e-16,-0.000000000000000000e+00,0.000000000000000000e+00,-0.000000000000000000e+00,-0.000000000000000000e+00,-0.000000000000000000e+00,-0.000000000000000000e+00
-0.000000000000000000e+00,0.000000000000000000e+00,-0.000000000000000000e+00,0.000000000000000000e+00,1.445979264383358887e+00,0.000000000000000000e+00,0.000000000000000000e+00,0.000000000000000000e+00,-0.000000000000000000e+00,2.970935102691867336e-01
-0.000000000000000000e+00,0.000000000000000000e+00,0.000000000000000000e+00,0.000000000000000000e+00,0.000000000000000000e+00,0.000000000000000000e+00,0.000000000000000000e+00,0.000000000000000000e+00,-0.000000000000000000e+00,0.000000000000000000e+00
-0.000000000000000000e+00,0.000000000000000000e+00,0.000000000000000000e+00,-1.445555644728539414e-16,0.000000000000000000e+00,-0.000000000000000000e+00,0.000000000000000000e+00,-0.000000000000000000e+00,-0.000000000000000000e+00,-0.000000000000000000e+00
